order_id,order_date,country,shipping_zone,category,product,quantity,unit_price,total,payment_method,installments,order_status,delivery_date,delivery_days,return_request_date,return_reason,return_status
LT-102089,2025-07-01,Mexico,capital,Electronics,Pulse S2 Smartwatch,1,95.12,95.12,debit_card,1,delivered,2025-07-04,3.0,,,
LT-101700,2025-07-01,Argentina,urban,Fashion,Pima Cotton Basic Tee (2-pack),1,23.46,23.46,digital_wallet,1,delivered,2025-07-04,3.0,,,
LT-103189,2025-07-01,Chile,capital,Fashion,Pima Cotton Basic Tee (2-pack),2,22.26,44.52,digital_wallet,1,cancelled,,,,,
LT-100406,2025-07-01,Chile,capital,Fashion,Strida Urban Sneakers,3,49.81,149.43,credit_card,6,delivered,2025-07-06,5.0,,,
LT-100730,2025-07-01,Colombia,extended_zone,Fashion,Pima Cotton Basic Tee (2-pack),1,20.85,20.85,credit_card,1,delivered,2025-07-11,10.0,,,
LT-104962,2025-07-01,Argentina,extended_zone,Electronics,Nova Wireless Earbuds,1,39.92,39.92,digital_wallet,1,delivered,2025-07-09,8.0,,,
LT-101462,2025-07-01,United States,capital,Sports,Resistance Bands Set x5,1,14.61,14.61,debit_card,1,delivered,2025-07-05,4.0,,,
LT-103163,2025-07-01,Argentina,urban,Home,Premium Queen Bedsheet Set,1,41.46,41.46,credit_card,3,delivered,2025-07-03,2.0,,,
LT-101865,2025-07-01,Peru,extended_zone,Electronics,65W Fast Charger,2,23.22,46.44,debit_card,1,delivered,2025-07-07,6.0,,,
LT-102199,2025-07-01,United States,extended_zone,Electronics,65W Fast Charger,1,23.23,23.23,credit_card,3,delivered,2025-07-06,5.0,,,
LT-104295,2025-07-01,United States,capital,Fashion,TrailFit Waterproof Jacket,2,63.09,126.18,debit_card,1,delivered,2025-07-06,5.0,,,
LT-100591,2025-07-02,Peru,urban,Fashion,UrbanPack 25L Anti-theft Backpack,1,38.35,38.35,digital_wallet,1,delivered,2025-07-04,2.0,,,
LT-100056,2025-07-02,Canada,urban,Home,Flex LED Desk Lamp,1,19.39,19.39,credit_card,6,delivered,2025-07-06,4.0,,,
LT-102365,2025-07-02,Chile,extended_zone,Beauty,AirStyle Ionic Hair Dryer,2,46.44,92.88,debit_card,1,delivered,2025-07-13,11.0,,,
LT-102390,2025-07-02,United States,urban,Electronics,Pulse S2 Smartwatch,2,85.44,170.88,credit_card,6,delivered,2025-07-06,4.0,,,
LT-104976,2025-07-02,Peru,capital,Home,Stackable Kitchen Organizer x3,1,16.57,16.57,debit_card,1,delivered,2025-07-07,5.0,,,
LT-101201,2025-07-02,Peru,urban,Electronics,Vertex Ergonomic Mouse,2,19.91,39.82,digital_wallet,1,delivered,2025-07-06,4.0,,,
LT-100244,2025-07-02,Colombia,urban,Electronics,Pulse S2 Smartwatch,1,85.45,85.45,digital_wallet,1,delivered,2025-07-05,3.0,,,
LT-103372,2025-07-02,United States,capital,Electronics,Boom Mini Bluetooth Speaker,1,30.74,30.74,debit_card,1,delivered,2025-07-08,6.0,,,
LT-100782,2025-07-02,Colombia,urban,Beauty,AirStyle Ionic Hair Dryer,1,42.68,42.68,credit_card,12,delivered,2025-07-05,3.0,2025-07-10,wrong_size_or_model,refunded
LT-101361,2025-07-02,United States,urban,Electronics,Nova Wireless Earbuds,1,41.86,41.86,digital_wallet,1,delivered,2025-07-05,3.0,,,
LT-102333,2025-07-02,Chile,urban,Home,Premium Queen Bedsheet Set,1,40.43,40.43,debit_card,1,delivered,2025-07-06,4.0,,,
LT-101692,2025-07-03,Mexico,urban,Accessories,Foldable Phone Stand,1,10.3,10.3,credit_card,12,delivered,2025-07-06,3.0,,,
LT-102464,2025-07-03,United States,urban,Electronics,360 WiFi Security Camera,1,44.41,44.41,digital_wallet,1,cancelled,,,,,
LT-102477,2025-07-03,United States,capital,Electronics,Boom Mini Bluetooth Speaker,1,29.39,29.39,debit_card,1,delivered,2025-07-08,5.0,,,
LT-103926,2025-07-03,Chile,urban,Fashion,Andino Slim Fit Jeans,1,34.72,34.72,cash_on_delivery,1,delivered,2025-07-05,2.0,2025-07-13,wrong_size_or_model,refunded
LT-101453,2025-07-03,Chile,capital,Home,Stackable Kitchen Organizer x3,1,15.55,15.55,debit_card,1,delivered,2025-07-09,6.0,2025-07-21,wrong_size_or_model,rejected
LT-102556,2025-07-03,Colombia,capital,Fashion,TrailFit Waterproof Jacket,1,60.71,60.71,cash_on_delivery,1,delivered,2025-07-08,5.0,,,
LT-103390,2025-07-03,Canada,extended_zone,Sports,Adjustable Dumbbells 2x10kg,1,61.69,61.69,credit_card,12,delivered,2025-07-13,10.0,2025-07-17,not_as_described,rejected
LT-103772,2025-07-03,Mexico,capital,Home,Premium Queen Bedsheet Set,1,40.76,40.76,credit_card,3,delivered,2025-07-06,3.0,,,
LT-103669,2025-07-03,United States,urban,Electronics,Boom Mini Bluetooth Speaker,1,31.44,31.44,bank_transfer,1,delivered,2025-07-05,2.0,,,
LT-103670,2025-07-03,United States,extended_zone,Electronics,Boom Mini Bluetooth Speaker,1,30.3,30.3,digital_wallet,1,delivered,2025-07-08,5.0,,,
LT-102101,2025-07-03,Argentina,urban,Fashion,TrailFit Waterproof Jacket,1,65.45,65.45,digital_wallet,1,delivered,2025-07-07,4.0,,,
LT-104644,2025-07-03,Colombia,extended_zone,Electronics,Vertex Ergonomic Mouse,1,19.87,19.87,bank_transfer,1,delivered,2025-07-12,9.0,,,
LT-103003,2025-07-03,Canada,urban,Electronics,Nova Wireless Earbuds,2,42.23,84.46,credit_card,6,delivered,2025-07-07,4.0,,,
LT-102086,2025-07-03,Argentina,extended_zone,Electronics,Nova Wireless Earbuds,2,40.19,80.38,credit_card,12,delivered,2025-07-15,12.0,2025-07-19,changed_mind,refunded
LT-102165,2025-07-03,Mexico,urban,Electronics,Nova Wireless Earbuds,1,40.65,40.65,debit_card,1,delivered,2025-07-06,3.0,,,
LT-101812,2025-07-03,Colombia,extended_zone,Electronics,Nova Wireless Earbuds,1,41.17,41.17,digital_wallet,1,delivered,2025-07-14,11.0,,,
LT-102576,2025-07-03,Argentina,urban,Fashion,Strida Urban Sneakers,1,49.21,49.21,digital_wallet,1,delivered,2025-07-07,4.0,,,
LT-104539,2025-07-03,Peru,extended_zone,Accessories,14'' Hard Laptop Case,1,17.86,17.86,bank_transfer,1,delivered,2025-07-14,11.0,2025-07-21,changed_mind,refunded
LT-103147,2025-07-04,Peru,capital,Home,Stackable Kitchen Organizer x3,1,15.89,15.89,digital_wallet,1,delivered,2025-07-10,6.0,,,
LT-102844,2025-07-04,United States,urban,Electronics,Pulse S2 Smartwatch,2,88.04,176.08,credit_card,3,delivered,2025-07-08,4.0,,,
LT-101373,2025-07-04,Peru,urban,Beauty,Complete Skincare Routine Kit,1,37.31,37.31,credit_card,1,delivered,2025-07-08,4.0,,,
LT-100252,2025-07-04,Mexico,urban,Fashion,Pima Cotton Basic Tee (2-pack),1,20.77,20.77,credit_card,6,delivered,2025-07-07,3.0,,,
LT-102009,2025-07-04,Mexico,capital,Electronics,65W Fast Charger,3,23.97,71.91,credit_card,6,delivered,2025-07-07,3.0,,,
LT-102858,2025-07-04,Canada,capital,Fashion,Strida Urban Sneakers,1,51.12,51.12,cash_on_delivery,1,delivered,2025-07-09,5.0,,,
LT-102893,2025-07-04,Argentina,capital,Electronics,Boom Mini Bluetooth Speaker,1,30.02,30.02,debit_card,1,delivered,2025-07-09,5.0,,,
LT-100766,2025-07-04,United States,urban,Fashion,TrailFit Waterproof Jacket,1,63.4,63.4,cash_on_delivery,1,delivered,2025-07-07,3.0,,,
LT-101327,2025-07-04,Colombia,urban,Electronics,Boom Mini Bluetooth Speaker,1,30.76,30.76,debit_card,1,delivered,2025-07-06,2.0,,,
LT-100198,2025-07-04,Canada,urban,Electronics,Boom Mini Bluetooth Speaker,2,31.08,62.16,credit_card,6,cancelled,,,,,
LT-101994,2025-07-04,Argentina,extended_zone,Electronics,Nova Wireless Earbuds,1,41.51,41.51,credit_card,6,delivered,2025-07-09,5.0,,,
LT-101989,2025-07-05,Mexico,capital,Electronics,Vertex Ergonomic Mouse,1,20.27,20.27,credit_card,3,delivered,2025-07-08,3.0,,,
LT-102398,2025-07-05,Mexico,urban,Fashion,TrailFit Waterproof Jacket,1,62.33,62.33,digital_wallet,1,delivered,2025-07-08,3.0,2025-07-16,not_as_described,refunded
LT-101413,2025-07-05,Mexico,extended_zone,Electronics,Pulse S2 Smartwatch,1,85.49,85.49,credit_card,1,delivered,2025-07-14,9.0,,,
LT-101457,2025-07-05,United States,urban,Fashion,Andino Slim Fit Jeans,1,30.78,30.78,debit_card,1,delivered,2025-07-09,4.0,2025-07-18,defective_product,under_review
LT-101404,2025-07-05,Peru,capital,Electronics,Boom Mini Bluetooth Speaker,1,30.32,30.32,debit_card,1,delivered,2025-07-09,4.0,,,
LT-101870,2025-07-05,Argentina,capital,Fashion,Pima Cotton Basic Tee (2-pack),1,22.1,22.1,bank_transfer,1,delivered,2025-07-11,6.0,,,
LT-101176,2025-07-05,Colombia,urban,Home,CompactChef 4L Air Fryer,1,70.5,70.5,credit_card,3,delivered,2025-07-07,2.0,,,
LT-104512,2025-07-05,Mexico,extended_zone,Electronics,Pulse S2 Smartwatch,1,84.17,84.17,debit_card,1,delivered,2025-07-16,11.0,,,
LT-102745,2025-07-05,United States,urban,Electronics,Vertex Ergonomic Mouse,1,21.02,21.02,credit_card,3,delivered,2025-07-07,2.0,,,
LT-103365,2025-07-05,Mexico,extended_zone,Home,CompactChef 4L Air Fryer,1,76.79,76.79,bank_transfer,1,delivered,2025-07-14,9.0,,,
LT-104524,2025-07-06,United States,urban,Electronics,Pulse S2 Smartwatch,1,90.81,90.81,debit_card,1,delivered,2025-07-08,2.0,,,
LT-101591,2025-07-06,Argentina,extended_zone,Sports,SteelHydro 1L Thermal Bottle,1,15.52,15.52,credit_card,12,delivered,2025-07-16,10.0,,,
LT-100561,2025-07-06,Colombia,urban,Electronics,Pulse S2 Smartwatch,2,92.67,185.34,credit_card,12,delivered,2025-07-09,3.0,,,
LT-100176,2025-07-06,Colombia,capital,Electronics,360 WiFi Security Camera,1,44.68,44.68,bank_transfer,1,delivered,2025-07-09,3.0,,,
LT-103178,2025-07-06,United States,urban,Accessories,Interchangeable Watch Strap,1,7.95,7.95,digital_wallet,1,delivered,2025-07-09,3.0,,,
LT-103795,2025-07-06,Canada,urban,Sports,Resistance Bands Set x5,1,14.31,14.31,credit_card,3,delivered,2025-07-08,2.0,,,
LT-104401,2025-07-06,Canada,extended_zone,Sports,Pro Non-slip Yoga Mat,1,20.75,20.75,digital_wallet,1,delivered,2025-07-15,9.0,,,
LT-104263,2025-07-06,Colombia,capital,Fashion,Strida Urban Sneakers,1,49.61,49.61,debit_card,1,delivered,2025-07-10,4.0,,,
LT-104118,2025-07-07,United States,urban,Home,Stackable Kitchen Organizer x3,1,15.35,15.35,bank_transfer,1,delivered,2025-07-09,2.0,,,
LT-102002,2025-07-07,Argentina,capital,Home,Flex LED Desk Lamp,1,19.63,19.63,credit_card,6,delivered,2025-07-11,4.0,,,
LT-102447,2025-07-07,Mexico,extended_zone,Electronics,Pulse S2 Smartwatch,1,89.54,89.54,credit_card,3,delivered,2025-07-16,9.0,,,
LT-102313,2025-07-07,Peru,urban,Electronics,65W Fast Charger,1,25.42,25.42,cash_on_delivery,1,delivered,2025-07-09,2.0,,,
LT-103662,2025-07-07,Peru,urban,Electronics,360 WiFi Security Camera,1,44.74,44.74,bank_transfer,1,delivered,2025-07-10,3.0,,,
LT-102051,2025-07-07,United States,capital,Electronics,Pulse S2 Smartwatch,1,87.75,87.75,credit_card,6,delivered,2025-07-11,4.0,,,
LT-104787,2025-07-07,Peru,urban,Electronics,360 WiFi Security Camera,2,45.77,91.54,credit_card,12,delivered,2025-07-10,3.0,,,
LT-102270,2025-07-07,United States,urban,Electronics,Nova Wireless Earbuds,2,39.19,78.38,digital_wallet,1,delivered,2025-07-09,2.0,,,
LT-104383,2025-07-07,United States,extended_zone,Sports,SteelHydro 1L Thermal Bottle,1,15.52,15.52,digital_wallet,1,delivered,2025-07-19,12.0,,,
LT-104763,2025-07-07,Mexico,urban,Fashion,UrbanPack 25L Anti-theft Backpack,1,39.76,39.76,digital_wallet,1,delivered,2025-07-10,3.0,,,
LT-103410,2025-07-07,United States,extended_zone,Electronics,360 WiFi Security Camera,1,49.89,49.89,debit_card,1,delivered,2025-07-14,7.0,,,
LT-100539,2025-07-08,Argentina,urban,Electronics,360 WiFi Security Camera,2,45.14,90.28,debit_card,1,delivered,2025-07-11,3.0,2025-07-16,wrong_size_or_model,refunded
LT-102958,2025-07-08,Colombia,capital,Electronics,Boom Mini Bluetooth Speaker,1,29.17,29.17,cash_on_delivery,1,delivered,2025-07-14,6.0,,,
LT-103115,2025-07-08,Chile,capital,Accessories,Foldable Phone Stand,1,9.61,9.61,debit_card,1,delivered,2025-07-11,3.0,,,
LT-100697,2025-07-08,United States,urban,Electronics,Boom Mini Bluetooth Speaker,1,30.54,30.54,digital_wallet,1,delivered,2025-07-10,2.0,,,
LT-104730,2025-07-08,Peru,capital,Electronics,Vertex Ergonomic Mouse,1,21.47,21.47,credit_card,3,delivered,2025-07-12,4.0,,,
LT-104228,2025-07-08,Colombia,urban,Accessories,14'' Hard Laptop Case,1,17.15,17.15,bank_transfer,1,delivered,2025-07-10,2.0,,,
LT-104219,2025-07-08,Peru,capital,Electronics,Boom Mini Bluetooth Speaker,2,31.36,62.72,digital_wallet,1,delivered,2025-07-11,3.0,2025-07-18,changed_mind,rejected
LT-100943,2025-07-08,Peru,urban,Sports,Adjustable Dumbbells 2x10kg,1,54.95,54.95,digital_wallet,1,delivered,2025-07-11,3.0,,,
LT-103463,2025-07-08,Colombia,capital,Fashion,UrbanPack 25L Anti-theft Backpack,3,38.6,115.8,bank_transfer,1,delivered,2025-07-12,4.0,,,
LT-102359,2025-07-09,Colombia,extended_zone,Fashion,Pima Cotton Basic Tee (2-pack),2,21.94,43.88,digital_wallet,1,delivered,2025-07-21,12.0,,,
LT-104138,2025-07-09,Colombia,urban,Fashion,UrbanPack 25L Anti-theft Backpack,1,37.49,37.49,debit_card,1,delivered,2025-07-12,3.0,,,
LT-102068,2025-07-09,Argentina,capital,Electronics,Boom Mini Bluetooth Speaker,1,27.73,27.73,debit_card,1,delivered,2025-07-13,4.0,,,
LT-101128,2025-07-09,Argentina,capital,Electronics,Boom Mini Bluetooth Speaker,3,27.58,82.74,bank_transfer,1,delivered,2025-07-13,4.0,2025-07-28,not_as_described,rejected
LT-101703,2025-07-09,Peru,urban,Fashion,Pima Cotton Basic Tee (2-pack),1,21.1,21.1,digital_wallet,1,delivered,2025-07-12,3.0,,,
LT-103424,2025-07-09,Argentina,capital,Electronics,Vertex Ergonomic Mouse,1,19.75,19.75,cash_on_delivery,1,delivered,2025-07-15,6.0,,,
LT-103676,2025-07-09,Colombia,extended_zone,Electronics,Boom Mini Bluetooth Speaker,1,30.69,30.69,cash_on_delivery,1,delivered,2025-07-20,11.0,,,
LT-103616,2025-07-09,United States,urban,Electronics,Boom Mini Bluetooth Speaker,1,29.0,29.0,bank_transfer,1,delivered,2025-07-12,3.0,,,
LT-104286,2025-07-09,Peru,extended_zone,Home,CleanBot Lite Robot Vacuum,2,135.6,271.2,debit_card,1,delivered,2025-07-20,11.0,,,
LT-102851,2025-07-09,Argentina,urban,Electronics,Nova Wireless Earbuds,2,37.64,75.28,debit_card,1,delivered,2025-07-11,2.0,,,
LT-103857,2025-07-09,Chile,extended_zone,Electronics,65W Fast Charger,1,23.41,23.41,credit_card,1,delivered,2025-07-21,12.0,,,
LT-101232,2025-07-09,Peru,capital,Home,Stackable Kitchen Organizer x3,1,16.33,16.33,debit_card,1,delivered,2025-07-15,6.0,,,
LT-100746,2025-07-09,Peru,capital,Electronics,Kova K61 Mechanical Keyboard,1,54.91,54.91,credit_card,1,delivered,2025-07-14,5.0,,,
LT-100606,2025-07-09,Argentina,capital,Electronics,Kova K61 Mechanical Keyboard,1,53.82,53.82,cash_on_delivery,1,delivered,2025-07-14,5.0,,,
LT-100614,2025-07-09,Peru,urban,Electronics,Kova K61 Mechanical Keyboard,1,54.66,54.66,cash_on_delivery,1,delivered,2025-07-11,2.0,,,
LT-100712,2025-07-09,Mexico,extended_zone,Electronics,Nova Wireless Earbuds,1,42.28,42.28,debit_card,1,delivered,2025-07-19,10.0,,,
LT-100147,2025-07-10,United States,urban,Home,Premium Queen Bedsheet Set,1,42.01,42.01,credit_card,1,delivered,2025-07-12,2.0,,,
LT-101335,2025-07-10,Canada,capital,Home,Stackable Kitchen Organizer x3,1,15.21,15.21,bank_transfer,1,delivered,2025-07-15,5.0,,,
LT-100737,2025-07-10,United States,urban,Accessories,14'' Hard Laptop Case,1,16.63,16.63,digital_wallet,1,delivered,2025-07-12,2.0,,,
LT-100874,2025-07-10,Chile,urban,Home,Stackable Kitchen Organizer x3,1,15.25,15.25,credit_card,1,delivered,2025-07-12,2.0,,,
LT-102819,2025-07-10,Canada,extended_zone,Home,Stackable Kitchen Organizer x3,1,15.46,15.46,cash_on_delivery,1,delivered,2025-07-19,9.0,,,
LT-104203,2025-07-10,Argentina,capital,Electronics,360 WiFi Security Camera,1,49.6,49.6,bank_transfer,1,delivered,2025-07-15,5.0,,,
LT-103287,2025-07-10,Argentina,urban,Electronics,Pulse S2 Smartwatch,1,85.53,85.53,cash_on_delivery,1,delivered,2025-07-14,4.0,,,
LT-100263,2025-07-10,United States,extended_zone,Home,Premium Queen Bedsheet Set,1,44.34,44.34,credit_card,3,delivered,2025-07-18,8.0,,,
LT-104913,2025-07-10,Chile,capital,Fashion,Strida Urban Sneakers,1,48.35,48.35,bank_transfer,1,delivered,2025-07-14,4.0,,,
LT-100654,2025-07-10,Colombia,urban,Home,Premium Queen Bedsheet Set,1,41.63,41.63,debit_card,1,delivered,2025-07-14,4.0,,,
LT-104193,2025-07-10,United States,urban,Home,Flex LED Desk Lamp,1,18.88,18.88,debit_card,1,delivered,2025-07-12,2.0,,,
LT-101871,2025-07-10,Colombia,capital,Fashion,TrailFit Waterproof Jacket,1,61.6,61.6,debit_card,1,delivered,2025-07-13,3.0,2025-07-17,not_as_described,refunded
LT-102690,2025-07-10,Mexico,urban,Electronics,Nova Wireless Earbuds,1,37.11,37.11,bank_transfer,1,delivered,2025-07-12,2.0,,,
LT-102213,2025-07-11,Peru,urban,Electronics,360 WiFi Security Camera,1,50.18,50.18,bank_transfer,1,delivered,2025-07-15,4.0,,,
LT-101911,2025-07-11,Colombia,urban,Electronics,Boom Mini Bluetooth Speaker,1,30.03,30.03,credit_card,6,delivered,2025-07-14,3.0,,,
LT-102785,2025-07-11,Peru,urban,Accessories,Vista Polarized Sunglasses,1,26.11,26.11,debit_card,1,delivered,2025-07-14,3.0,2025-07-16,wrong_size_or_model,rejected
LT-101280,2025-07-11,Colombia,urban,Beauty,Complete Skincare Routine Kit,1,33.09,33.09,bank_transfer,1,delivered,2025-07-14,3.0,,,
LT-103122,2025-07-11,Peru,capital,Fashion,UrbanPack 25L Anti-theft Backpack,1,39.21,39.21,credit_card,1,delivered,2025-07-14,3.0,,,
LT-103067,2025-07-11,Mexico,urban,Home,CompactChef 4L Air Fryer,1,71.83,71.83,debit_card,1,delivered,2025-07-14,3.0,,,
LT-103631,2025-07-11,Mexico,urban,Electronics,Kova K61 Mechanical Keyboard,3,53.07,159.21,credit_card,3,delivered,2025-07-13,2.0,,,
LT-100386,2025-07-11,United States,capital,Beauty,Complete Skincare Routine Kit,1,33.7,33.7,debit_card,1,delivered,2025-07-15,4.0,,,
LT-104276,2025-07-11,United States,urban,Fashion,TrailFit Waterproof Jacket,1,62.21,62.21,credit_card,1,delivered,2025-07-14,3.0,,,
LT-102552,2025-07-11,Colombia,urban,Home,Premium Queen Bedsheet Set,1,42.69,42.69,digital_wallet,1,delivered,2025-07-13,2.0,,,
LT-102269,2025-07-11,United States,capital,Electronics,Vertex Ergonomic Mouse,1,21.74,21.74,credit_card,1,delivered,2025-07-16,5.0,,,
LT-104046,2025-07-11,Mexico,urban,Sports,Pro Non-slip Yoga Mat,2,19.58,39.16,digital_wallet,1,delivered,2025-07-14,3.0,2025-07-16,defective_product,refunded
LT-100783,2025-07-11,Chile,capital,Electronics,Vertex Ergonomic Mouse,1,21.19,21.19,credit_card,1,delivered,2025-07-16,5.0,2025-07-31,defective_product,rejected
LT-104937,2025-07-11,United States,capital,Fashion,Pima Cotton Basic Tee (2-pack),1,22.17,22.17,digital_wallet,1,delivered,2025-07-17,6.0,,,
LT-100506,2025-07-11,Mexico,capital,Electronics,Nova Wireless Earbuds,1,40.42,40.42,debit_card,1,delivered,2025-07-17,6.0,,,
LT-103231,2025-07-11,Argentina,extended_zone,Beauty,Complete Skincare Routine Kit,1,35.4,35.4,credit_card,1,delivered,2025-07-21,10.0,,,
LT-100739,2025-07-11,Mexico,capital,Electronics,65W Fast Charger,1,23.86,23.86,debit_card,1,cancelled,,,,,
LT-100210,2025-07-11,Argentina,urban,Electronics,Pulse S2 Smartwatch,1,84.27,84.27,debit_card,1,delivered,2025-07-15,4.0,,,
LT-104774,2025-07-12,Mexico,capital,Sports,Resistance Bands Set x5,1,13.63,13.63,credit_card,12,delivered,2025-07-18,6.0,,,
LT-100400,2025-07-12,Colombia,urban,Electronics,Nova Wireless Earbuds,1,38.16,38.16,digital_wallet,1,delivered,2025-07-15,3.0,,,
LT-100812,2025-07-12,Peru,capital,Electronics,Boom Mini Bluetooth Speaker,1,28.19,28.19,credit_card,1,delivered,2025-07-17,5.0,,,
LT-103150,2025-07-12,Peru,capital,Electronics,Pulse S2 Smartwatch,1,89.8,89.8,debit_card,1,delivered,2025-07-18,6.0,,,
LT-100972,2025-07-12,Mexico,urban,Electronics,Nova Wireless Earbuds,2,37.55,75.1,credit_card,3,delivered,2025-07-16,4.0,,,
LT-104746,2025-07-12,Chile,capital,Fashion,Andino Slim Fit Jeans,1,32.89,32.89,credit_card,3,delivered,2025-07-15,3.0,2025-07-19,changed_mind,refunded
LT-104308,2025-07-12,Colombia,urban,Home,Premium Queen Bedsheet Set,1,44.17,44.17,debit_card,1,delivered,2025-07-14,2.0,2025-07-23,arrived_damaged,refunded
LT-103833,2025-07-12,Chile,capital,Home,CompactChef 4L Air Fryer,1,76.41,76.41,bank_transfer,1,delivered,2025-07-17,5.0,,,
LT-103434,2025-07-12,Peru,extended_zone,Accessories,14'' Hard Laptop Case,1,18.45,18.45,debit_card,1,delivered,2025-07-19,7.0,,,
LT-101714,2025-07-12,Mexico,urban,Electronics,Nova Wireless Earbuds,2,40.12,80.24,digital_wallet,1,delivered,2025-07-15,3.0,,,
LT-101289,2025-07-12,Peru,urban,Fashion,Pima Cotton Basic Tee (2-pack),2,21.41,42.82,credit_card,6,delivered,2025-07-15,3.0,,,
LT-103848,2025-07-12,Canada,urban,Beauty,AirStyle Ionic Hair Dryer,1,44.57,44.57,cash_on_delivery,1,delivered,2025-07-15,3.0,,,
LT-100959,2025-07-13,Chile,capital,Electronics,Nova Wireless Earbuds,1,38.31,38.31,credit_card,1,delivered,2025-07-18,5.0,,,
LT-103613,2025-07-13,Mexico,urban,Electronics,Vertex Ergonomic Mouse,1,20.85,20.85,cash_on_delivery,1,delivered,2025-07-16,3.0,2025-08-13,not_as_described,refunded
LT-104613,2025-07-13,United States,urban,Fashion,Strida Urban Sneakers,1,53.26,53.26,bank_transfer,1,delivered,2025-07-15,2.0,,,
LT-100096,2025-07-13,Mexico,urban,Electronics,360 WiFi Security Camera,2,49.26,98.52,cash_on_delivery,1,delivered,2025-07-15,2.0,,,
LT-102356,2025-07-13,Colombia,extended_zone,Electronics,65W Fast Charger,2,24.6,49.2,credit_card,3,delivered,2025-07-23,10.0,,,
LT-103651,2025-07-13,Mexico,capital,Home,Stackable Kitchen Organizer x3,2,15.21,30.42,bank_transfer,1,delivered,2025-07-17,4.0,,,
LT-103385,2025-07-13,Mexico,capital,Fashion,Strida Urban Sneakers,1,49.69,49.69,digital_wallet,1,delivered,2025-07-18,5.0,,,
LT-102542,2025-07-14,Mexico,urban,Home,Premium Queen Bedsheet Set,1,41.15,41.15,credit_card,1,delivered,2025-07-16,2.0,,,
LT-100395,2025-07-14,Argentina,capital,Home,Stackable Kitchen Organizer x3,1,15.66,15.66,debit_card,1,delivered,2025-07-18,4.0,,,
LT-102023,2025-07-14,Mexico,urban,Electronics,Pulse S2 Smartwatch,1,89.24,89.24,credit_card,12,delivered,2025-07-16,2.0,,,
LT-104206,2025-07-14,Mexico,capital,Sports,SteelHydro 1L Thermal Bottle,1,17.61,17.61,bank_transfer,1,delivered,2025-07-20,6.0,,,
LT-101177,2025-07-14,Chile,capital,Electronics,360 WiFi Security Camera,1,50.77,50.77,debit_card,1,delivered,2025-07-19,5.0,,,
LT-103129,2025-07-14,Mexico,urban,Fashion,Pima Cotton Basic Tee (2-pack),2,21.86,43.72,credit_card,3,delivered,2025-07-18,4.0,,,
LT-100843,2025-07-14,Chile,capital,Home,Flex LED Desk Lamp,1,18.29,18.29,credit_card,6,delivered,2025-07-19,5.0,,,
LT-103764,2025-07-14,United States,urban,Electronics,Boom Mini Bluetooth Speaker,1,28.95,28.95,credit_card,6,delivered,2025-07-17,3.0,,,
LT-102293,2025-07-14,United States,urban,Beauty,Complete Skincare Routine Kit,1,37.78,37.78,credit_card,1,delivered,2025-07-17,3.0,,,
LT-100990,2025-07-14,Canada,urban,Home,Flex LED Desk Lamp,1,18.39,18.39,digital_wallet,1,delivered,2025-07-17,3.0,,,
LT-104304,2025-07-14,United States,urban,Home,Stackable Kitchen Organizer x3,1,16.01,16.01,digital_wallet,1,delivered,2025-07-16,2.0,,,
LT-100969,2025-07-15,Chile,urban,Beauty,Complete Skincare Routine Kit,1,37.9,37.9,digital_wallet,1,delivered,2025-07-18,3.0,,,
LT-100393,2025-07-15,Chile,urban,Electronics,360 WiFi Security Camera,2,45.7,91.4,cash_on_delivery,1,delivered,2025-07-18,3.0,2025-07-19,not_as_described,refunded
LT-101016,2025-07-15,United States,extended_zone,Electronics,Vertex Ergonomic Mouse,1,20.86,20.86,bank_transfer,1,delivered,2025-07-26,11.0,,,
LT-103279,2025-07-15,Argentina,capital,Electronics,Vertex Ergonomic Mouse,1,21.91,21.91,cash_on_delivery,1,delivered,2025-07-19,4.0,,,
LT-101923,2025-07-15,Chile,extended_zone,Electronics,65W Fast Charger,2,23.71,47.42,credit_card,1,delivered,2025-07-24,9.0,,,
LT-103348,2025-07-15,Chile,extended_zone,Electronics,65W Fast Charger,2,23.99,47.98,bank_transfer,1,delivered,2025-07-26,11.0,,,
LT-102168,2025-07-15,Mexico,extended_zone,Home,CompactChef 4L Air Fryer,1,76.26,76.26,digital_wallet,1,delivered,2025-07-26,11.0,,,
LT-100484,2025-07-15,Peru,extended_zone,Fashion,TrailFit Waterproof Jacket,3,62.88,188.64,debit_card,1,delivered,2025-07-25,10.0,,,
LT-102510,2025-07-15,Colombia,urban,Home,Premium Queen Bedsheet Set,1,42.47,42.47,credit_card,3,delivered,2025-07-17,2.0,,,
LT-102230,2025-07-15,Argentina,urban,Electronics,Pulse S2 Smartwatch,1,88.55,88.55,digital_wallet,1,delivered,2025-07-17,2.0,,,
LT-104421,2025-07-15,Canada,capital,Home,CompactChef 4L Air Fryer,1,69.78,69.78,digital_wallet,1,delivered,2025-07-19,4.0,2025-07-26,defective_product,rejected
LT-103322,2025-07-15,Chile,urban,Home,CompactChef 4L Air Fryer,1,75.34,75.34,credit_card,3,delivered,2025-07-18,3.0,2025-07-27,defective_product,under_review
LT-101588,2025-07-15,Peru,urban,Electronics,Boom Mini Bluetooth Speaker,2,28.62,57.24,digital_wallet,1,delivered,2025-07-18,3.0,2025-07-23,defective_product,refunded
LT-103948,2025-07-16,Colombia,capital,Electronics,Boom Mini Bluetooth Speaker,2,29.95,59.9,digital_wallet,1,delivered,2025-07-22,6.0,,,
LT-103502,2025-07-16,Argentina,capital,Electronics,360 WiFi Security Camera,2,44.56,89.12,cash_on_delivery,1,delivered,2025-07-19,3.0,,,
LT-104653,2025-07-16,United States,capital,Sports,Pro Non-slip Yoga Mat,1,21.25,21.25,debit_card,1,delivered,2025-07-19,3.0,,,
LT-103253,2025-07-17,United States,urban,Fashion,Strida Urban Sneakers,1,49.28,49.28,debit_card,1,delivered,2025-07-21,4.0,,,
LT-101353,2025-07-17,Chile,urban,Beauty,CeramicPro Hair Straightener,1,41.58,41.58,digital_wallet,1,delivered,2025-07-19,2.0,,,
LT-104940,2025-07-17,Mexico,capital,Electronics,65W Fast Charger,2,26.44,52.88,credit_card,3,delivered,2025-07-22,5.0,,,
LT-101920,2025-07-17,United States,extended_zone,Electronics,65W Fast Charger,1,25.41,25.41,cash_on_delivery,1,delivered,2025-07-27,10.0,,,
LT-102669,2025-07-17,Chile,extended_zone,Fashion,TrailFit Waterproof Jacket,1,66.54,66.54,credit_card,1,delivered,2025-07-24,7.0,,,
LT-100258,2025-07-17,United States,urban,Fashion,TrailFit Waterproof Jacket,1,61.18,61.18,debit_card,1,delivered,2025-07-20,3.0,,,
LT-104445,2025-07-17,Mexico,capital,Electronics,Vertex Ergonomic Mouse,1,21.8,21.8,credit_card,1,delivered,2025-07-23,6.0,,,
LT-104325,2025-07-17,Chile,extended_zone,Beauty,AirStyle Ionic Hair Dryer,1,41.52,41.52,debit_card,1,delivered,2025-07-29,12.0,,,
LT-100694,2025-07-17,Peru,urban,Electronics,Vertex Ergonomic Mouse,1,22.25,22.25,credit_card,1,delivered,2025-07-19,2.0,,,
LT-104389,2025-07-17,Canada,urban,Fashion,TrailFit Waterproof Jacket,1,63.18,63.18,debit_card,1,delivered,2025-07-20,3.0,,,
LT-103809,2025-07-18,Mexico,capital,Home,CompactChef 4L Air Fryer,2,80.06,160.12,debit_card,1,delivered,2025-07-22,4.0,,,
LT-103343,2025-07-18,United States,urban,Electronics,Boom Mini Bluetooth Speaker,3,27.91,83.73,credit_card,6,delivered,2025-07-22,4.0,,,
LT-104127,2025-07-18,Mexico,capital,Home,Stackable Kitchen Organizer x3,2,16.94,33.88,credit_card,6,delivered,2025-07-23,5.0,,,
LT-102267,2025-07-18,Canada,capital,Home,Stackable Kitchen Organizer x3,1,15.01,15.01,credit_card,1,delivered,2025-07-24,6.0,,,
LT-101631,2025-07-18,Canada,capital,Electronics,360 WiFi Security Camera,2,50.51,101.02,debit_card,1,delivered,2025-07-22,4.0,2025-07-26,defective_product,rejected
LT-104717,2025-07-18,Canada,capital,Home,Stackable Kitchen Organizer x3,1,16.61,16.61,credit_card,1,delivered,2025-07-23,5.0,,,
LT-100135,2025-07-18,Colombia,urban,Beauty,CeramicPro Hair Straightener,1,41.04,41.04,digital_wallet,1,delivered,2025-07-22,4.0,,,
LT-102131,2025-07-19,Chile,urban,Electronics,360 WiFi Security Camera,1,47.59,47.59,credit_card,6,delivered,2025-07-21,2.0,,,
LT-103414,2025-07-19,Colombia,urban,Home,CompactChef 4L Air Fryer,1,72.5,72.5,cash_on_delivery,1,delivered,2025-07-23,4.0,,,
LT-101882,2025-07-19,Mexico,capital,Electronics,Vertex Ergonomic Mouse,1,22.4,22.4,bank_transfer,1,delivered,2025-07-24,5.0,,,
LT-103156,2025-07-19,Colombia,urban,Fashion,TrailFit Waterproof Jacket,1,63.81,63.81,credit_card,1,delivered,2025-07-23,4.0,,,
LT-103425,2025-07-19,Argentina,urban,Fashion,Andino Slim Fit Jeans,1,33.59,33.59,credit_card,3,delivered,2025-07-23,4.0,,,
LT-101697,2025-07-19,Canada,capital,Sports,Pro Non-slip Yoga Mat,3,18.91,56.73,debit_card,1,delivered,2025-07-22,3.0,,,
LT-103304,2025-07-19,Peru,urban,Electronics,Vertex Ergonomic Mouse,2,21.73,43.46,credit_card,6,delivered,2025-07-23,4.0,,,
LT-103324,2025-07-19,Argentina,capital,Home,Stackable Kitchen Organizer x3,2,16.04,32.08,digital_wallet,1,delivered,2025-07-22,3.0,,,
LT-101286,2025-07-19,Peru,capital,Beauty,CeramicPro Hair Straightener,1,36.61,36.61,debit_card,1,delivered,2025-07-25,6.0,,,
LT-100604,2025-07-19,Chile,capital,Sports,Adjustable Dumbbells 2x10kg,1,58.84,58.84,credit_card,3,delivered,2025-07-22,3.0,,,
LT-100107,2025-07-19,Canada,urban,Electronics,Nova Wireless Earbuds,1,39.38,39.38,digital_wallet,1,delivered,2025-07-21,2.0,,,
LT-101129,2025-07-19,United States,urban,Home,CleanBot Lite Robot Vacuum,1,127.49,127.49,credit_card,3,delivered,2025-07-21,2.0,,,
LT-103566,2025-07-20,Argentina,capital,Electronics,Nova Wireless Earbuds,2,38.02,76.04,debit_card,1,delivered,2025-07-25,5.0,,,
LT-102321,2025-07-20,Colombia,urban,Electronics,Nova Wireless Earbuds,1,39.57,39.57,digital_wallet,1,delivered,2025-07-24,4.0,,,
LT-102782,2025-07-20,Colombia,extended_zone,Electronics,Nova Wireless Earbuds,1,38.08,38.08,credit_card,3,delivered,2025-07-28,8.0,,,
LT-103577,2025-07-20,United States,extended_zone,Electronics,Boom Mini Bluetooth Speaker,1,30.23,30.23,credit_card,12,delivered,2025-08-01,12.0,,,
LT-100526,2025-07-20,Chile,urban,Beauty,CeramicPro Hair Straightener,1,37.5,37.5,credit_card,1,delivered,2025-07-23,3.0,,,
LT-101285,2025-07-20,Mexico,urban,Accessories,14'' Hard Laptop Case,1,17.67,17.67,credit_card,1,delivered,2025-07-22,2.0,,,
LT-103607,2025-07-20,Colombia,urban,Beauty,CeramicPro Hair Straightener,1,41.01,41.01,debit_card,1,delivered,2025-07-23,3.0,,,
LT-100422,2025-07-20,United States,extended_zone,Fashion,TrailFit Waterproof Jacket,1,67.09,67.09,cash_on_delivery,1,delivered,2025-07-27,7.0,,,
LT-101191,2025-07-20,United States,capital,Electronics,Nova Wireless Earbuds,1,39.7,39.7,credit_card,3,delivered,2025-07-25,5.0,,,
LT-102786,2025-07-20,Mexico,capital,Fashion,UrbanPack 25L Anti-theft Backpack,1,37.44,37.44,cash_on_delivery,1,delivered,2025-07-24,4.0,2025-07-30,not_as_described,refunded
LT-103292,2025-07-20,Canada,capital,Accessories,14'' Hard Laptop Case,1,17.94,17.94,debit_card,1,delivered,2025-07-25,5.0,,,
LT-100734,2025-07-20,Mexico,urban,Sports,Pro Non-slip Yoga Mat,1,18.83,18.83,digital_wallet,1,delivered,2025-07-22,2.0,,,
LT-101294,2025-07-20,Canada,urban,Fashion,Strida Urban Sneakers,1,49.09,49.09,bank_transfer,1,delivered,2025-07-23,3.0,,,
LT-102355,2025-07-21,Mexico,extended_zone,Electronics,Vertex Ergonomic Mouse,1,21.65,21.65,debit_card,1,delivered,2025-08-02,12.0,,,
LT-101215,2025-07-21,Colombia,urban,Fashion,UrbanPack 25L Anti-theft Backpack,1,38.17,38.17,cash_on_delivery,1,delivered,2025-07-25,4.0,,,
LT-104430,2025-07-21,Colombia,extended_zone,Fashion,Pima Cotton Basic Tee (2-pack),1,22.71,22.71,credit_card,1,delivered,2025-07-26,5.0,2025-07-28,not_as_described,refunded
LT-102311,2025-07-21,Mexico,urban,Accessories,14'' Hard Laptop Case,1,17.06,17.06,credit_card,3,delivered,2025-07-24,3.0,,,
LT-104323,2025-07-21,Colombia,urban,Electronics,65W Fast Charger,1,23.31,23.31,digital_wallet,1,delivered,2025-07-24,3.0,,,
LT-104179,2025-07-22,United States,capital,Electronics,Pulse S2 Smartwatch,1,90.96,90.96,bank_transfer,1,delivered,2025-07-26,4.0,,,
LT-101873,2025-07-22,Mexico,urban,Fashion,TrailFit Waterproof Jacket,1,67.67,67.67,cash_on_delivery,1,delivered,2025-07-26,4.0,,,
LT-102890,2025-07-22,Mexico,urban,Electronics,Nova Wireless Earbuds,1,39.96,39.96,credit_card,1,delivered,2025-07-25,3.0,,,
LT-100768,2025-07-22,Mexico,urban,Fashion,TrailFit Waterproof Jacket,1,61.35,61.35,credit_card,12,delivered,2025-07-24,2.0,,,
LT-100420,2025-07-22,Peru,capital,Electronics,Vertex Ergonomic Mouse,1,22.24,22.24,credit_card,1,delivered,2025-07-28,6.0,,,
LT-101640,2025-07-22,Peru,urban,Electronics,Boom Mini Bluetooth Speaker,1,31.33,31.33,bank_transfer,1,delivered,2025-07-25,3.0,,,
LT-104309,2025-07-22,Argentina,extended_zone,Beauty,Complete Skincare Routine Kit,1,37.55,37.55,bank_transfer,1,delivered,2025-08-03,12.0,,,
LT-103009,2025-07-22,Mexico,urban,Fashion,Pima Cotton Basic Tee (2-pack),1,22.03,22.03,debit_card,1,delivered,2025-07-25,3.0,,,
LT-102841,2025-07-22,Peru,extended_zone,Accessories,Interchangeable Watch Strap,1,8.8,8.8,debit_card,1,delivered,2025-07-31,9.0,,,
LT-101982,2025-07-22,Mexico,capital,Home,Stackable Kitchen Organizer x3,3,15.92,47.76,credit_card,1,delivered,2025-07-25,3.0,,,
LT-103226,2025-07-22,Mexico,capital,Fashion,Strida Urban Sneakers,1,51.22,51.22,digital_wallet,1,delivered,2025-07-26,4.0,,,
LT-103503,2025-07-23,Argentina,urban,Electronics,Kova K61 Mechanical Keyboard,2,53.78,107.56,bank_transfer,1,delivered,2025-07-26,3.0,2025-07-31,not_as_described,refunded
LT-102911,2025-07-23,Canada,capital,Electronics,360 WiFi Security Camera,1,45.31,45.31,credit_card,6,delivered,2025-07-28,5.0,,,
LT-104114,2025-07-23,Argentina,urban,Electronics,360 WiFi Security Camera,1,45.92,45.92,debit_card,1,delivered,2025-07-27,4.0,,,
LT-100699,2025-07-23,Colombia,urban,Electronics,Boom Mini Bluetooth Speaker,1,29.14,29.14,credit_card,6,delivered,2025-07-27,4.0,,,
LT-104809,2025-07-23,Peru,capital,Home,Premium Queen Bedsheet Set,1,43.47,43.47,credit_card,1,delivered,2025-07-27,4.0,,,
LT-102247,2025-07-23,United States,urban,Electronics,Pulse S2 Smartwatch,1,86.96,86.96,credit_card,3,delivered,2025-07-26,3.0,,,
LT-102879,2025-07-23,Argentina,extended_zone,Fashion,TrailFit Waterproof Jacket,1,66.48,66.48,digital_wallet,1,delivered,2025-07-28,5.0,,,
LT-104830,2025-07-23,Mexico,urban,Beauty,Complete Skincare Routine Kit,1,37.07,37.07,digital_wallet,1,delivered,2025-07-26,3.0,,,
LT-104247,2025-07-23,Argentina,urban,Electronics,Nova Wireless Earbuds,2,41.19,82.38,credit_card,1,delivered,2025-07-26,3.0,,,
LT-102123,2025-07-23,Argentina,capital,Sports,Adjustable Dumbbells 2x10kg,1,55.0,55.0,credit_card,3,delivered,2025-07-29,6.0,,,
LT-100618,2025-07-23,United States,urban,Electronics,Kova K61 Mechanical Keyboard,3,52.53,157.59,bank_transfer,1,delivered,2025-07-27,4.0,,,
LT-102317,2025-07-23,Chile,capital,Home,Flex LED Desk Lamp,1,17.55,17.55,credit_card,1,delivered,2025-07-26,3.0,,,
LT-102472,2025-07-23,Colombia,extended_zone,Fashion,UrbanPack 25L Anti-theft Backpack,1,36.01,36.01,digital_wallet,1,delivered,2025-07-28,5.0,,,
LT-101897,2025-07-24,Mexico,capital,Fashion,Pima Cotton Basic Tee (2-pack),1,22.39,22.39,credit_card,6,delivered,2025-07-30,6.0,,,
LT-102505,2025-07-24,United States,capital,Electronics,Pulse S2 Smartwatch,1,84.42,84.42,credit_card,12,delivered,2025-07-30,6.0,,,
LT-104412,2025-07-24,Colombia,urban,Home,Flex LED Desk Lamp,2,17.88,35.76,digital_wallet,1,delivered,2025-07-26,2.0,,,
LT-104472,2025-07-24,Mexico,capital,Home,Premium Queen Bedsheet Set,1,42.47,42.47,debit_card,1,cancelled,,,,,
LT-103785,2025-07-24,Peru,urban,Electronics,Boom Mini Bluetooth Speaker,3,29.98,89.94,credit_card,12,delivered,2025-07-27,3.0,,,
LT-100242,2025-07-24,United States,urban,Electronics,Nova Wireless Earbuds,1,39.7,39.7,bank_transfer,1,delivered,2025-07-26,2.0,,,
LT-100230,2025-07-24,Peru,capital,Electronics,Vertex Ergonomic Mouse,1,22.03,22.03,credit_card,3,delivered,2025-07-29,5.0,,,
LT-101563,2025-07-24,Mexico,extended_zone,Home,Flex LED Desk Lamp,1,17.88,17.88,debit_card,1,delivered,2025-08-03,10.0,,,
LT-103109,2025-07-24,Mexico,capital,Beauty,AirStyle Ionic Hair Dryer,1,45.46,45.46,credit_card,1,delivered,2025-07-29,5.0,,,
LT-100023,2025-07-24,Colombia,capital,Fashion,TrailFit Waterproof Jacket,1,62.27,62.27,credit_card,1,delivered,2025-07-29,5.0,,,
LT-101040,2025-07-24,Mexico,urban,Fashion,TrailFit Waterproof Jacket,1,66.0,66.0,bank_transfer,1,delivered,2025-07-27,3.0,,,
LT-103430,2025-07-24,Peru,urban,Home,CleanBot Lite Robot Vacuum,1,122.09,122.09,credit_card,1,delivered,2025-07-28,4.0,,,
LT-101365,2025-07-24,Colombia,urban,Electronics,65W Fast Charger,1,24.33,24.33,credit_card,3,delivered,2025-07-26,2.0,,,
LT-100715,2025-07-25,Peru,capital,Electronics,360 WiFi Security Camera,1,50.02,50.02,debit_card,1,delivered,2025-07-29,4.0,2025-08-06,changed_mind,refunded
LT-100394,2025-07-25,Chile,capital,Sports,Pro Non-slip Yoga Mat,1,19.02,19.02,cash_on_delivery,1,delivered,2025-07-30,5.0,,,
LT-104390,2025-07-25,United States,capital,Accessories,Interchangeable Watch Strap,1,8.32,8.32,credit_card,3,delivered,2025-07-29,4.0,,,
LT-103277,2025-07-25,Chile,urban,Home,Stackable Kitchen Organizer x3,2,15.35,30.7,cash_on_delivery,1,delivered,2025-07-28,3.0,,,
LT-103474,2025-07-25,Argentina,urban,Sports,Resistance Bands Set x5,1,13.96,13.96,digital_wallet,1,delivered,2025-07-27,2.0,,,
LT-104530,2025-07-25,United States,capital,Electronics,360 WiFi Security Camera,1,46.39,46.39,digital_wallet,1,delivered,2025-07-31,6.0,2025-08-06,wrong_size_or_model,refunded
LT-100652,2025-07-25,Peru,capital,Electronics,65W Fast Charger,1,25.75,25.75,debit_card,1,delivered,2025-07-31,6.0,,,
LT-102322,2025-07-25,Mexico,extended_zone,Electronics,65W Fast Charger,1,25.3,25.3,digital_wallet,1,cancelled,,,,,
LT-101127,2025-07-25,Mexico,urban,Electronics,65W Fast Charger,1,23.98,23.98,digital_wallet,1,delivered,2025-07-27,2.0,2025-07-28,changed_mind,under_review
LT-102292,2025-07-25,Mexico,capital,Sports,Pro Non-slip Yoga Mat,1,18.59,18.59,cash_on_delivery,1,delivered,2025-07-30,5.0,,,
LT-100621,2025-07-26,United States,urban,Electronics,Pulse S2 Smartwatch,1,91.03,91.03,bank_transfer,1,delivered,2025-07-28,2.0,,,
LT-102418,2025-07-26,Argentina,urban,Sports,Pro Non-slip Yoga Mat,1,20.08,20.08,digital_wallet,1,delivered,2025-07-29,3.0,,,
LT-101900,2025-07-26,Canada,extended_zone,Fashion,TrailFit Waterproof Jacket,1,61.09,61.09,debit_card,1,delivered,2025-08-03,8.0,,,
LT-100703,2025-07-26,Canada,capital,Electronics,65W Fast Charger,1,24.77,24.77,credit_card,3,delivered,2025-08-01,6.0,,,
LT-102093,2025-07-26,Mexico,urban,Fashion,UrbanPack 25L Anti-theft Backpack,1,35.67,35.67,digital_wallet,1,delivered,2025-07-29,3.0,,,
LT-103736,2025-07-26,United States,urban,Electronics,Nova Wireless Earbuds,3,41.18,123.54,debit_card,1,delivered,2025-07-28,2.0,,,
LT-102702,2025-07-26,Argentina,extended_zone,Home,Premium Queen Bedsheet Set,1,42.45,42.45,credit_card,1,delivered,2025-08-07,12.0,2025-08-09,wrong_size_or_model,refunded
LT-100706,2025-07-26,Argentina,capital,Beauty,AirStyle Ionic Hair Dryer,1,45.07,45.07,digital_wallet,1,cancelled,,,,,
LT-103105,2025-07-26,Colombia,extended_zone,Fashion,Strida Urban Sneakers,2,49.33,98.66,bank_transfer,1,delivered,2025-08-03,8.0,2025-08-04,not_as_described,under_review
LT-102528,2025-07-27,Canada,urban,Electronics,Nova Wireless Earbuds,2,37.85,75.7,bank_transfer,1,delivered,2025-07-30,3.0,,,
LT-100366,2025-07-27,Peru,urban,Electronics,360 WiFi Security Camera,1,47.02,47.02,credit_card,1,cancelled,,,,,
LT-102929,2025-07-27,United States,urban,Electronics,Boom Mini Bluetooth Speaker,1,28.49,28.49,digital_wallet,1,delivered,2025-07-29,2.0,,,
LT-104107,2025-07-27,Peru,urban,Home,Premium Queen Bedsheet Set,1,43.44,43.44,credit_card,1,delivered,2025-07-30,3.0,,,
LT-100490,2025-07-27,Mexico,capital,Electronics,Vertex Ergonomic Mouse,1,20.67,20.67,digital_wallet,1,delivered,2025-08-01,5.0,,,
LT-104374,2025-07-27,Chile,urban,Home,CompactChef 4L Air Fryer,1,74.94,74.94,digital_wallet,1,delivered,2025-07-31,4.0,,,
LT-101808,2025-07-27,Mexico,urban,Electronics,360 WiFi Security Camera,1,45.3,45.3,digital_wallet,1,delivered,2025-07-29,2.0,,,
LT-103179,2025-07-27,Chile,urban,Home,Flex LED Desk Lamp,3,18.57,55.71,credit_card,1,delivered,2025-07-30,3.0,,,
LT-103271,2025-07-27,Argentina,urban,Sports,Resistance Bands Set x5,2,14.12,28.24,credit_card,3,delivered,2025-07-31,4.0,,,
LT-104615,2025-07-28,Peru,urban,Electronics,Boom Mini Bluetooth Speaker,1,29.01,29.01,credit_card,1,delivered,2025-08-01,4.0,,,
LT-100046,2025-07-28,United States,capital,Electronics,Nova Wireless Earbuds,1,37.91,37.91,debit_card,1,delivered,2025-07-31,3.0,,,
LT-104298,2025-07-28,Mexico,extended_zone,Home,CompactChef 4L Air Fryer,1,76.73,76.73,credit_card,1,delivered,2025-08-08,11.0,2025-08-14,changed_mind,refunded
LT-103850,2025-07-28,United States,capital,Home,Stackable Kitchen Organizer x3,1,16.36,16.36,debit_card,1,delivered,2025-08-01,4.0,,,
LT-102956,2025-07-28,Colombia,urban,Electronics,Kova K61 Mechanical Keyboard,1,53.33,53.33,bank_transfer,1,delivered,2025-07-31,3.0,2025-08-07,changed_mind,refunded
LT-100241,2025-07-28,Colombia,capital,Fashion,TrailFit Waterproof Jacket,1,63.38,63.38,debit_card,1,delivered,2025-08-02,5.0,,,
LT-104607,2025-07-28,Peru,extended_zone,Home,Premium Queen Bedsheet Set,2,41.93,83.86,credit_card,1,delivered,2025-08-07,10.0,,,
LT-102538,2025-07-29,Colombia,urban,Electronics,360 WiFi Security Camera,2,48.24,96.48,debit_card,1,delivered,2025-08-01,3.0,,,
LT-100792,2025-07-29,Peru,capital,Electronics,Nova Wireless Earbuds,1,40.75,40.75,bank_transfer,1,delivered,2025-08-03,5.0,,,
LT-104252,2025-07-29,Argentina,urban,Electronics,Nova Wireless Earbuds,1,38.09,38.09,debit_card,1,delivered,2025-08-02,4.0,,,
LT-101192,2025-07-29,United States,capital,Sports,Adjustable Dumbbells 2x10kg,1,54.73,54.73,cash_on_delivery,1,delivered,2025-08-03,5.0,,,
LT-104513,2025-07-29,Argentina,urban,Sports,Adjustable Dumbbells 2x10kg,2,57.87,115.74,credit_card,1,delivered,2025-08-02,4.0,,,
LT-102774,2025-07-29,United States,capital,Home,Stackable Kitchen Organizer x3,2,16.46,32.92,debit_card,1,delivered,2025-08-04,6.0,,,
LT-101539,2025-07-29,Chile,urban,Home,Stackable Kitchen Organizer x3,1,16.68,16.68,digital_wallet,1,delivered,2025-07-31,2.0,,,
LT-101132,2025-07-29,Argentina,extended_zone,Electronics,Kova K61 Mechanical Keyboard,1,54.01,54.01,debit_card,1,delivered,2025-08-05,7.0,,,
LT-103776,2025-07-29,Canada,urban,Fashion,Pima Cotton Basic Tee (2-pack),2,22.53,45.06,debit_card,1,delivered,2025-07-31,2.0,,,
LT-101072,2025-07-29,Mexico,extended_zone,Home,Flex LED Desk Lamp,1,19.0,19.0,cash_on_delivery,1,delivered,2025-08-03,5.0,,,
LT-102896,2025-07-29,Mexico,urban,Fashion,Strida Urban Sneakers,1,48.52,48.52,bank_transfer,1,delivered,2025-08-02,4.0,,,
LT-102811,2025-07-29,Peru,urban,Fashion,UrbanPack 25L Anti-theft Backpack,1,35.98,35.98,credit_card,6,delivered,2025-07-31,2.0,,,
LT-101357,2025-07-29,Peru,urban,Electronics,Boom Mini Bluetooth Speaker,1,28.15,28.15,digital_wallet,1,delivered,2025-08-02,4.0,,,
LT-102794,2025-07-29,Mexico,capital,Electronics,65W Fast Charger,1,23.67,23.67,digital_wallet,1,delivered,2025-08-04,6.0,2025-08-06,changed_mind,refunded
LT-102017,2025-07-29,Peru,capital,Electronics,Kova K61 Mechanical Keyboard,1,54.11,54.11,bank_transfer,1,delivered,2025-08-03,5.0,,,
LT-101110,2025-07-30,Mexico,capital,Home,Flex LED Desk Lamp,2,17.97,35.94,debit_card,1,delivered,2025-08-05,6.0,,,
LT-104744,2025-07-30,Argentina,capital,Electronics,Kova K61 Mechanical Keyboard,1,52.4,52.4,credit_card,3,cancelled,,,,,
LT-100040,2025-07-30,Colombia,extended_zone,Beauty,Complete Skincare Routine Kit,3,37.22,111.66,credit_card,1,delivered,2025-08-04,5.0,,,
LT-104709,2025-07-30,Canada,urban,Electronics,65W Fast Charger,1,23.21,23.21,credit_card,1,delivered,2025-08-01,2.0,,,
LT-100797,2025-07-30,Colombia,urban,Electronics,65W Fast Charger,1,24.29,24.29,digital_wallet,1,delivered,2025-08-02,3.0,,,
LT-102200,2025-07-30,Peru,capital,Home,Stackable Kitchen Organizer x3,2,16.95,33.9,credit_card,6,delivered,2025-08-02,3.0,,,
LT-100121,2025-07-30,United States,urban,Fashion,TrailFit Waterproof Jacket,1,66.6,66.6,digital_wallet,1,delivered,2025-08-01,2.0,,,
LT-103042,2025-07-30,Argentina,capital,Home,Stackable Kitchen Organizer x3,1,15.4,15.4,debit_card,1,delivered,2025-08-05,6.0,,,
LT-101415,2025-07-30,United States,urban,Fashion,Pima Cotton Basic Tee (2-pack),1,20.84,20.84,debit_card,1,delivered,2025-08-03,4.0,,,
LT-103278,2025-07-30,Peru,extended_zone,Electronics,Vertex Ergonomic Mouse,2,21.45,42.9,digital_wallet,1,delivered,2025-08-10,11.0,,,
LT-103967,2025-07-31,Peru,capital,Electronics,Vertex Ergonomic Mouse,1,22.28,22.28,credit_card,6,delivered,2025-08-04,4.0,,,
LT-100566,2025-07-31,Colombia,urban,Electronics,Nova Wireless Earbuds,1,41.04,41.04,debit_card,1,delivered,2025-08-04,4.0,,,
LT-102031,2025-07-31,Canada,urban,Fashion,TrailFit Waterproof Jacket,1,61.66,61.66,credit_card,3,delivered,2025-08-02,2.0,,,
LT-103985,2025-07-31,Colombia,urban,Electronics,Boom Mini Bluetooth Speaker,1,30.83,30.83,credit_card,3,delivered,2025-08-04,4.0,,,
LT-102721,2025-07-31,United States,extended_zone,Beauty,CeramicPro Hair Straightener,1,41.7,41.7,debit_card,1,delivered,2025-08-05,5.0,,,
LT-102531,2025-07-31,Colombia,urban,Accessories,Foldable Phone Stand,1,9.88,9.88,cash_on_delivery,1,delivered,2025-08-04,4.0,,,
LT-103905,2025-07-31,Mexico,extended_zone,Sports,SteelHydro 1L Thermal Bottle,2,16.26,32.52,credit_card,3,delivered,2025-08-08,8.0,2025-08-15,wrong_size_or_model,rejected
LT-100456,2025-07-31,United States,extended_zone,Fashion,Pima Cotton Basic Tee (2-pack),1,21.88,21.88,digital_wallet,1,delivered,2025-08-11,11.0,,,
LT-104351,2025-07-31,Peru,urban,Fashion,Strida Urban Sneakers,1,52.13,52.13,digital_wallet,1,delivered,2025-08-04,4.0,,,
LT-100126,2025-08-01,Peru,extended_zone,Electronics,65W Fast Charger,1,24.37,24.37,credit_card,3,delivered,2025-08-10,9.0,2025-08-19,defective_product,rejected
LT-102090,2025-08-01,Argentina,urban,Home,Stackable Kitchen Organizer x3,1,15.48,15.48,credit_card,6,delivered,2025-08-03,2.0,,,
LT-101023,2025-08-01,Mexico,extended_zone,Fashion,Strida Urban Sneakers,2,48.71,97.42,credit_card,6,delivered,2025-08-13,12.0,,,
LT-104943,2025-08-01,Colombia,urban,Electronics,65W Fast Charger,1,24.47,24.47,credit_card,6,delivered,2025-08-04,3.0,,,
LT-101087,2025-08-01,Argentina,capital,Fashion,Strida Urban Sneakers,1,51.22,51.22,credit_card,3,delivered,2025-08-05,4.0,,,
LT-104580,2025-08-01,Peru,extended_zone,Electronics,Vertex Ergonomic Mouse,1,20.77,20.77,digital_wallet,1,delivered,2025-08-12,11.0,,,
LT-103952,2025-08-01,Chile,capital,Fashion,Strida Urban Sneakers,2,52.36,104.72,digital_wallet,1,delivered,2025-08-07,6.0,,,
LT-100689,2025-08-01,Colombia,extended_zone,Home,Stackable Kitchen Organizer x3,1,15.82,15.82,credit_card,6,cancelled,,,,,
LT-102361,2025-08-01,Argentina,urban,Beauty,Complete Skincare Routine Kit,1,34.86,34.86,credit_card,6,delivered,2025-08-04,3.0,,,
LT-102429,2025-08-02,Chile,urban,Electronics,Boom Mini Bluetooth Speaker,1,29.34,29.34,credit_card,6,delivered,2025-08-04,2.0,,,
LT-102846,2025-08-02,Mexico,urban,Fashion,UrbanPack 25L Anti-theft Backpack,1,39.35,39.35,digital_wallet,1,delivered,2025-08-06,4.0,,,
LT-102989,2025-08-02,Chile,extended_zone,Fashion,Strida Urban Sneakers,1,46.59,46.59,cash_on_delivery,1,delivered,2025-08-13,11.0,2025-09-02,not_as_described,refunded
LT-104721,2025-08-02,Chile,capital,Electronics,360 WiFi Security Camera,2,49.76,99.52,digital_wallet,1,delivered,2025-08-08,6.0,,,
LT-102006,2025-08-02,Argentina,capital,Beauty,Complete Skincare Routine Kit,2,36.14,72.28,cash_on_delivery,1,delivered,2025-08-08,6.0,,,
LT-102128,2025-08-02,Chile,extended_zone,Electronics,360 WiFi Security Camera,3,49.87,149.61,digital_wallet,1,delivered,2025-08-13,11.0,,,
LT-103498,2025-08-02,Argentina,capital,Electronics,Nova Wireless Earbuds,2,38.23,76.46,digital_wallet,1,delivered,2025-08-07,5.0,2025-08-10,defective_product,rejected
LT-100111,2025-08-02,Canada,extended_zone,Electronics,360 WiFi Security Camera,1,45.06,45.06,bank_transfer,1,delivered,2025-08-07,5.0,,,
LT-103207,2025-08-02,Peru,extended_zone,Home,CompactChef 4L Air Fryer,2,78.04,156.08,digital_wallet,1,delivered,2025-08-12,10.0,,,
LT-103919,2025-08-02,Colombia,capital,Electronics,Kova K61 Mechanical Keyboard,1,54.32,54.32,digital_wallet,1,delivered,2025-08-06,4.0,,,
LT-104696,2025-08-02,Mexico,urban,Electronics,Nova Wireless Earbuds,1,37.12,37.12,credit_card,1,delivered,2025-08-06,4.0,,,
LT-102568,2025-08-02,United States,capital,Electronics,Nova Wireless Earbuds,1,41.14,41.14,bank_transfer,1,delivered,2025-08-07,5.0,,,
LT-103946,2025-08-03,Mexico,capital,Electronics,Nova Wireless Earbuds,1,37.12,37.12,digital_wallet,1,delivered,2025-08-06,3.0,,,
LT-102934,2025-08-03,Mexico,urban,Electronics,Nova Wireless Earbuds,1,40.62,40.62,digital_wallet,1,delivered,2025-08-06,3.0,,,
LT-101503,2025-08-03,United States,urban,Beauty,Complete Skincare Routine Kit,1,37.98,37.98,digital_wallet,1,delivered,2025-08-06,3.0,,,
LT-101962,2025-08-03,Peru,capital,Electronics,360 WiFi Security Camera,1,48.71,48.71,debit_card,1,delivered,2025-08-09,6.0,,,
LT-101858,2025-08-03,United States,urban,Beauty,AirStyle Ionic Hair Dryer,1,44.62,44.62,digital_wallet,1,delivered,2025-08-05,2.0,,,
LT-100444,2025-08-03,Canada,capital,Home,Premium Queen Bedsheet Set,2,40.03,80.06,credit_card,3,delivered,2025-08-08,5.0,,,
LT-100008,2025-08-03,Colombia,capital,Home,Premium Queen Bedsheet Set,1,40.24,40.24,digital_wallet,1,delivered,2025-08-06,3.0,,,
LT-104507,2025-08-03,Colombia,urban,Sports,Resistance Bands Set x5,1,12.98,12.98,debit_card,1,delivered,2025-08-06,3.0,,,
LT-103602,2025-08-03,Mexico,urban,Electronics,65W Fast Charger,1,23.83,23.83,bank_transfer,1,delivered,2025-08-07,4.0,,,
LT-100635,2025-08-03,Canada,capital,Electronics,65W Fast Charger,1,24.9,24.9,digital_wallet,1,delivered,2025-08-08,5.0,,,
LT-104313,2025-08-03,Mexico,urban,Sports,SteelHydro 1L Thermal Bottle,1,17.53,17.53,cash_on_delivery,1,delivered,2025-08-07,4.0,,,
LT-102734,2025-08-03,Canada,capital,Electronics,Nova Wireless Earbuds,1,37.89,37.89,credit_card,12,delivered,2025-08-09,6.0,,,
LT-101211,2025-08-03,Mexico,urban,Fashion,Strida Urban Sneakers,1,48.26,48.26,credit_card,6,delivered,2025-08-05,2.0,,,
LT-102602,2025-08-03,Peru,urban,Sports,Resistance Bands Set x5,2,14.43,28.86,credit_card,3,delivered,2025-08-05,2.0,2025-08-10,defective_product,refunded
LT-100363,2025-08-03,Colombia,urban,Beauty,Complete Skincare Routine Kit,2,36.54,73.08,debit_card,1,delivered,2025-08-06,3.0,,,
LT-103234,2025-08-03,Colombia,urban,Electronics,65W Fast Charger,1,23.74,23.74,credit_card,1,delivered,2025-08-07,4.0,,,
LT-102776,2025-08-03,Colombia,urban,Sports,Resistance Bands Set x5,1,14.48,14.48,digital_wallet,1,delivered,2025-08-05,2.0,,,
LT-103752,2025-08-03,Chile,extended_zone,Electronics,Pulse S2 Smartwatch,3,85.73,257.19,debit_card,1,delivered,2025-08-14,11.0,2025-08-23,wrong_size_or_model,rejected
LT-100132,2025-08-04,Argentina,capital,Electronics,360 WiFi Security Camera,3,49.73,149.19,credit_card,1,delivered,2025-08-09,5.0,,,
LT-101347,2025-08-04,United States,extended_zone,Electronics,Vertex Ergonomic Mouse,1,22.15,22.15,debit_card,1,delivered,2025-08-10,6.0,,,
LT-103734,2025-08-04,United States,capital,Home,Flex LED Desk Lamp,3,18.32,54.96,credit_card,1,delivered,2025-08-10,6.0,,,
LT-102395,2025-08-04,Canada,urban,Electronics,Nova Wireless Earbuds,1,39.15,39.15,debit_card,1,delivered,2025-08-06,2.0,,,
LT-104262,2025-08-04,Peru,capital,Fashion,UrbanPack 25L Anti-theft Backpack,1,36.51,36.51,debit_card,1,delivered,2025-08-10,6.0,,,
LT-101737,2025-08-04,Chile,urban,Fashion,UrbanPack 25L Anti-theft Backpack,1,37.37,37.37,cash_on_delivery,1,delivered,2025-08-07,3.0,,,
LT-103068,2025-08-04,United States,capital,Electronics,65W Fast Charger,1,23.31,23.31,bank_transfer,1,delivered,2025-08-07,3.0,,,
LT-104820,2025-08-04,Argentina,extended_zone,Beauty,Complete Skincare Routine Kit,1,34.72,34.72,bank_transfer,1,delivered,2025-08-12,8.0,,,
LT-100100,2025-08-04,Peru,urban,Electronics,Nova Wireless Earbuds,1,38.74,38.74,cash_on_delivery,1,delivered,2025-08-07,3.0,,,
LT-102118,2025-08-04,Peru,urban,Electronics,360 WiFi Security Camera,1,49.29,49.29,bank_transfer,1,delivered,2025-08-07,3.0,,,
LT-100188,2025-08-04,Canada,capital,Home,Flex LED Desk Lamp,1,19.7,19.7,debit_card,1,delivered,2025-08-10,6.0,,,
LT-102204,2025-08-04,Colombia,urban,Accessories,Vista Polarized Sunglasses,1,27.52,27.52,credit_card,1,cancelled,,,,,
LT-101226,2025-08-04,Chile,capital,Electronics,Boom Mini Bluetooth Speaker,1,29.55,29.55,credit_card,6,delivered,2025-08-09,5.0,,,
LT-104624,2025-08-04,Peru,capital,Sports,Pro Non-slip Yoga Mat,1,20.0,20.0,credit_card,3,delivered,2025-08-07,3.0,,,
LT-100334,2025-08-04,Peru,extended_zone,Electronics,Boom Mini Bluetooth Speaker,1,28.86,28.86,credit_card,1,delivered,2025-08-14,10.0,,,
LT-104036,2025-08-05,Peru,capital,Electronics,Boom Mini Bluetooth Speaker,3,27.46,82.38,digital_wallet,1,delivered,2025-08-10,5.0,,,
LT-103053,2025-08-05,United States,urban,Electronics,360 WiFi Security Camera,1,45.42,45.42,debit_card,1,delivered,2025-08-07,2.0,,,
LT-102835,2025-08-05,Peru,urban,Fashion,TrailFit Waterproof Jacket,2,62.79,125.58,credit_card,12,delivered,2025-08-08,3.0,,,
LT-104160,2025-08-05,Chile,urban,Home,Stackable Kitchen Organizer x3,1,16.96,16.96,cash_on_delivery,1,delivered,2025-08-07,2.0,,,
LT-102565,2025-08-05,United States,urban,Fashion,Strida Urban Sneakers,2,48.51,97.02,credit_card,6,delivered,2025-08-09,4.0,,,
LT-101246,2025-08-05,United States,urban,Fashion,TrailFit Waterproof Jacket,2,61.0,122.0,debit_card,1,delivered,2025-08-08,3.0,,,
LT-100360,2025-08-05,Mexico,extended_zone,Fashion,UrbanPack 25L Anti-theft Backpack,2,38.71,77.42,bank_transfer,1,delivered,2025-08-12,7.0,2025-08-16,wrong_size_or_model,under_review
LT-102725,2025-08-05,Peru,urban,Electronics,Vertex Ergonomic Mouse,1,20.49,20.49,credit_card,6,delivered,2025-08-07,2.0,,,
LT-102752,2025-08-05,Peru,capital,Fashion,TrailFit Waterproof Jacket,2,68.84,137.68,credit_card,1,delivered,2025-08-09,4.0,,,
LT-102188,2025-08-05,Mexico,extended_zone,Electronics,Kova K61 Mechanical Keyboard,1,50.81,50.81,bank_transfer,1,delivered,2025-08-15,10.0,,,
LT-101595,2025-08-05,Colombia,extended_zone,Electronics,Vertex Ergonomic Mouse,1,21.26,21.26,credit_card,6,delivered,2025-08-15,10.0,,,
LT-100879,2025-08-05,Argentina,urban,Fashion,UrbanPack 25L Anti-theft Backpack,1,36.68,36.68,debit_card,1,delivered,2025-08-07,2.0,,,
LT-100482,2025-08-05,Mexico,urban,Accessories,14'' Hard Laptop Case,1,16.65,16.65,digital_wallet,1,delivered,2025-08-09,4.0,,,
LT-104337,2025-08-05,Colombia,capital,Home,Stackable Kitchen Organizer x3,1,16.16,16.16,credit_card,3,delivered,2025-08-08,3.0,,,
LT-101222,2025-08-06,Colombia,extended_zone,Fashion,UrbanPack 25L Anti-theft Backpack,1,39.44,39.44,credit_card,1,delivered,2025-08-16,10.0,,,
LT-104879,2025-08-06,Peru,urban,Electronics,65W Fast Charger,1,23.19,23.19,digital_wallet,1,cancelled,,,,,
LT-101224,2025-08-06,Colombia,extended_zone,Fashion,Pima Cotton Basic Tee (2-pack),2,23.27,46.54,bank_transfer,1,delivered,2025-08-15,9.0,2025-08-21,wrong_size_or_model,under_review
LT-103565,2025-08-06,Chile,urban,Electronics,360 WiFi Security Camera,1,44.8,44.8,digital_wallet,1,delivered,2025-08-10,4.0,,,
LT-103281,2025-08-06,United States,capital,Beauty,CeramicPro Hair Straightener,1,39.53,39.53,credit_card,3,delivered,2025-08-09,3.0,,,
LT-104596,2025-08-06,Argentina,urban,Accessories,Vista Polarized Sunglasses,1,26.97,26.97,debit_card,1,delivered,2025-08-08,2.0,,,
LT-101207,2025-08-06,Colombia,capital,Electronics,Kova K61 Mechanical Keyboard,2,53.41,106.82,credit_card,6,delivered,2025-08-10,4.0,,,
LT-100408,2025-08-07,Mexico,urban,Electronics,65W Fast Charger,1,25.9,25.9,credit_card,6,delivered,2025-08-10,3.0,,,
LT-102387,2025-08-07,United States,capital,Electronics,Vertex Ergonomic Mouse,1,21.45,21.45,bank_transfer,1,delivered,2025-08-12,5.0,,,
LT-100974,2025-08-07,Chile,urban,Electronics,Boom Mini Bluetooth Speaker,1,29.23,29.23,digital_wallet,1,delivered,2025-08-10,3.0,2025-08-13,not_as_described,rejected
LT-102954,2025-08-07,Colombia,urban,Sports,Adjustable Dumbbells 2x10kg,1,60.58,60.58,credit_card,3,delivered,2025-08-09,2.0,,,
LT-100704,2025-08-07,Colombia,extended_zone,Beauty,Complete Skincare Routine Kit,1,33.35,33.35,digital_wallet,1,delivered,2025-08-15,8.0,,,
LT-102753,2025-08-07,United States,extended_zone,Sports,SteelHydro 1L Thermal Bottle,1,16.34,16.34,debit_card,1,delivered,2025-08-17,10.0,,,
LT-104710,2025-08-07,Mexico,capital,Accessories,14'' Hard Laptop Case,1,17.12,17.12,debit_card,1,delivered,2025-08-12,5.0,,,
LT-102763,2025-08-07,United States,extended_zone,Fashion,Andino Slim Fit Jeans,1,32.43,32.43,digital_wallet,1,delivered,2025-08-15,8.0,,,
LT-101807,2025-08-08,Chile,capital,Sports,Pro Non-slip Yoga Mat,1,20.84,20.84,credit_card,3,delivered,2025-08-14,6.0,,,
LT-101444,2025-08-08,Peru,capital,Sports,Pro Non-slip Yoga Mat,1,19.5,19.5,credit_card,3,delivered,2025-08-13,5.0,,,
LT-104747,2025-08-08,United States,urban,Home,CompactChef 4L Air Fryer,1,74.31,74.31,bank_transfer,1,delivered,2025-08-10,2.0,,,
LT-103125,2025-08-08,Colombia,urban,Electronics,Boom Mini Bluetooth Speaker,1,28.12,28.12,digital_wallet,1,delivered,2025-08-10,2.0,,,
LT-104312,2025-08-08,Argentina,urban,Beauty,Complete Skincare Routine Kit,1,36.5,36.5,digital_wallet,1,delivered,2025-08-10,2.0,,,
LT-100935,2025-08-08,Peru,capital,Sports,SteelHydro 1L Thermal Bottle,1,16.99,16.99,debit_card,1,delivered,2025-08-14,6.0,,,
LT-100713,2025-08-08,Mexico,urban,Accessories,14'' Hard Laptop Case,1,16.45,16.45,credit_card,3,delivered,2025-08-10,2.0,,,
LT-100310,2025-08-08,Colombia,urban,Fashion,Andino Slim Fit Jeans,1,33.8,33.8,debit_card,1,delivered,2025-08-12,4.0,,,
LT-100836,2025-08-08,Argentina,capital,Home,Flex LED Desk Lamp,1,18.7,18.7,credit_card,1,delivered,2025-08-12,4.0,2025-08-20,not_as_described,under_review
LT-103930,2025-08-08,Mexico,urban,Beauty,AirStyle Ionic Hair Dryer,2,44.91,89.82,digital_wallet,1,delivered,2025-08-12,4.0,,,
LT-103657,2025-08-08,Peru,urban,Electronics,360 WiFi Security Camera,1,46.95,46.95,credit_card,1,delivered,2025-08-10,2.0,,,
LT-103181,2025-08-08,Colombia,extended_zone,Fashion,TrailFit Waterproof Jacket,1,66.31,66.31,digital_wallet,1,cancelled,,,,,
LT-103398,2025-08-08,Argentina,capital,Home,Flex LED Desk Lamp,2,18.86,37.72,debit_card,1,delivered,2025-08-14,6.0,,,
LT-100159,2025-08-09,Colombia,extended_zone,Fashion,TrailFit Waterproof Jacket,1,65.2,65.2,credit_card,6,delivered,2025-08-16,7.0,2025-08-19,arrived_damaged,refunded
LT-101879,2025-08-09,United States,urban,Electronics,Boom Mini Bluetooth Speaker,1,29.7,29.7,credit_card,1,delivered,2025-08-11,2.0,2025-08-16,wrong_size_or_model,refunded
LT-103466,2025-08-09,Mexico,capital,Sports,SteelHydro 1L Thermal Bottle,1,16.48,16.48,credit_card,1,delivered,2025-08-13,4.0,2025-08-19,changed_mind,refunded
LT-100765,2025-08-09,United States,urban,Electronics,Nova Wireless Earbuds,1,41.53,41.53,credit_card,1,delivered,2025-08-13,4.0,,,
LT-104153,2025-08-09,Colombia,urban,Home,CompactChef 4L Air Fryer,1,78.0,78.0,bank_transfer,1,delivered,2025-08-11,2.0,,,
LT-104882,2025-08-09,Canada,urban,Fashion,TrailFit Waterproof Jacket,1,65.05,65.05,debit_card,1,delivered,2025-08-11,2.0,,,
LT-101761,2025-08-10,United States,urban,Electronics,Pulse S2 Smartwatch,1,91.53,91.53,credit_card,3,delivered,2025-08-12,2.0,,,
LT-104749,2025-08-10,Chile,urban,Fashion,TrailFit Waterproof Jacket,1,67.28,67.28,bank_transfer,1,delivered,2025-08-14,4.0,,,
LT-101399,2025-08-10,Peru,extended_zone,Accessories,14'' Hard Laptop Case,1,16.91,16.91,digital_wallet,1,delivered,2025-08-16,6.0,,,
LT-104399,2025-08-10,United States,urban,Fashion,Andino Slim Fit Jeans,1,32.37,32.37,credit_card,3,delivered,2025-08-14,4.0,2025-08-18,defective_product,refunded
LT-100696,2025-08-10,Mexico,urban,Electronics,Kova K61 Mechanical Keyboard,1,54.24,54.24,debit_card,1,delivered,2025-08-13,3.0,2025-09-10,changed_mind,under_review
LT-104062,2025-08-10,Argentina,capital,Electronics,360 WiFi Security Camera,2,48.79,97.58,debit_card,1,delivered,2025-08-15,5.0,,,
LT-101268,2025-08-10,United States,capital,Home,CompactChef 4L Air Fryer,1,70.1,70.1,credit_card,1,delivered,2025-08-16,6.0,,,
LT-101736,2025-08-10,United States,extended_zone,Electronics,Boom Mini Bluetooth Speaker,1,31.55,31.55,credit_card,6,delivered,2025-08-22,12.0,,,
LT-100069,2025-08-10,Argentina,extended_zone,Fashion,UrbanPack 25L Anti-theft Backpack,1,36.39,36.39,cash_on_delivery,1,delivered,2025-08-18,8.0,,,
LT-102208,2025-08-10,Canada,capital,Electronics,Nova Wireless Earbuds,1,41.18,41.18,digital_wallet,1,delivered,2025-08-16,6.0,,,
LT-103369,2025-08-10,Colombia,extended_zone,Fashion,Pima Cotton Basic Tee (2-pack),1,21.82,21.82,digital_wallet,1,delivered,2025-08-19,9.0,,,
LT-100229,2025-08-10,Canada,extended_zone,Electronics,Nova Wireless Earbuds,1,37.47,37.47,bank_transfer,1,delivered,2025-08-15,5.0,2025-08-23,changed_mind,refunded
LT-101093,2025-08-11,Colombia,urban,Home,Stackable Kitchen Organizer x3,1,15.65,15.65,bank_transfer,1,delivered,2025-08-15,4.0,,,
LT-102121,2025-08-11,Chile,extended_zone,Home,CompactChef 4L Air Fryer,1,73.77,73.77,credit_card,1,delivered,2025-08-16,5.0,,,
LT-103315,2025-08-11,Colombia,urban,Sports,Adjustable Dumbbells 2x10kg,1,56.98,56.98,digital_wallet,1,delivered,2025-08-15,4.0,2025-08-30,wrong_size_or_model,under_review
LT-102630,2025-08-11,United States,urban,Electronics,Vertex Ergonomic Mouse,1,21.52,21.52,credit_card,1,delivered,2025-08-15,4.0,,,
LT-101011,2025-08-11,Colombia,capital,Electronics,Kova K61 Mechanical Keyboard,2,52.7,105.4,credit_card,1,delivered,2025-08-15,4.0,,,
LT-100590,2025-08-11,Colombia,urban,Electronics,360 WiFi Security Camera,1,46.54,46.54,credit_card,6,cancelled,,,,,
LT-103664,2025-08-11,United States,capital,Fashion,TrailFit Waterproof Jacket,3,63.41,190.23,credit_card,6,delivered,2025-08-16,5.0,2025-08-26,defective_product,rejected
LT-100312,2025-08-11,Chile,urban,Sports,Resistance Bands Set x5,1,13.76,13.76,credit_card,1,cancelled,,,,,
LT-101386,2025-08-11,Mexico,urban,Electronics,360 WiFi Security Camera,3,50.16,150.48,digital_wallet,1,delivered,2025-08-14,3.0,,,
LT-100909,2025-08-11,Mexico,urban,Sports,Adjustable Dumbbells 2x10kg,1,56.97,56.97,bank_transfer,1,delivered,2025-08-15,4.0,,,
LT-103104,2025-08-11,Peru,urban,Accessories,Interchangeable Watch Strap,1,8.03,8.03,credit_card,1,delivered,2025-08-15,4.0,,,
LT-102073,2025-08-11,Colombia,urban,Electronics,65W Fast Charger,2,26.15,52.3,cash_on_delivery,1,delivered,2025-08-15,4.0,2025-08-25,wrong_size_or_model,rejected
LT-100776,2025-08-11,Peru,urban,Fashion,Andino Slim Fit Jeans,1,33.55,33.55,digital_wallet,1,delivered,2025-08-15,4.0,,,
LT-100934,2025-08-11,Mexico,urban,Fashion,TrailFit Waterproof Jacket,1,61.8,61.8,credit_card,3,delivered,2025-08-13,2.0,,,
LT-100164,2025-08-11,Mexico,capital,Electronics,360 WiFi Security Camera,2,47.35,94.7,cash_on_delivery,1,delivered,2025-08-14,3.0,,,
LT-100380,2025-08-11,United States,urban,Home,Premium Queen Bedsheet Set,1,44.4,44.4,digital_wallet,1,delivered,2025-08-14,3.0,,,
LT-100740,2025-08-12,Colombia,urban,Fashion,UrbanPack 25L Anti-theft Backpack,1,40.53,40.53,credit_card,3,delivered,2025-08-16,4.0,,,
LT-103551,2025-08-12,Colombia,urban,Fashion,Andino Slim Fit Jeans,1,33.05,33.05,debit_card,1,delivered,2025-08-14,2.0,,,
LT-103255,2025-08-12,Argentina,extended_zone,Electronics,65W Fast Charger,1,24.21,24.21,debit_card,1,delivered,2025-08-23,11.0,2025-09-07,defective_product,rejected
LT-100911,2025-08-12,United States,capital,Electronics,Boom Mini Bluetooth Speaker,1,27.81,27.81,credit_card,3,delivered,2025-08-15,3.0,,,
LT-101625,2025-08-12,Colombia,extended_zone,Accessories,Foldable Phone Stand,1,10.11,10.11,digital_wallet,1,cancelled,,,,,
LT-100080,2025-08-12,Mexico,capital,Electronics,Vertex Ergonomic Mouse,1,21.33,21.33,digital_wallet,1,delivered,2025-08-15,3.0,,,
LT-100554,2025-08-12,Chile,urban,Electronics,Pulse S2 Smartwatch,1,89.74,89.74,cash_on_delivery,1,delivered,2025-08-14,2.0,,,
LT-102187,2025-08-12,United States,capital,Home,CleanBot Lite Robot Vacuum,1,135.86,135.86,credit_card,6,delivered,2025-08-17,5.0,,,
LT-102035,2025-08-13,Colombia,extended_zone,Fashion,Strida Urban Sneakers,2,51.37,102.74,debit_card,1,delivered,2025-08-18,5.0,,,
LT-104185,2025-08-13,Colombia,capital,Electronics,Vertex Ergonomic Mouse,1,21.49,21.49,credit_card,1,delivered,2025-08-17,4.0,,,
LT-103140,2025-08-13,Mexico,extended_zone,Electronics,Boom Mini Bluetooth Speaker,1,31.21,31.21,credit_card,1,cancelled,,,,,
LT-103128,2025-08-13,Argentina,urban,Fashion,TrailFit Waterproof Jacket,1,69.39,69.39,digital_wallet,1,delivered,2025-08-16,3.0,,,
LT-101124,2025-08-13,Mexico,extended_zone,Accessories,Foldable Phone Stand,1,10.35,10.35,bank_transfer,1,delivered,2025-08-25,12.0,,,
LT-104716,2025-08-13,Peru,urban,Sports,Resistance Bands Set x5,2,13.45,26.9,bank_transfer,1,delivered,2025-08-15,2.0,,,
LT-100735,2025-08-13,Chile,urban,Beauty,CeramicPro Hair Straightener,1,39.42,39.42,debit_card,1,delivered,2025-08-15,2.0,,,
LT-100031,2025-08-13,Colombia,extended_zone,Beauty,AirStyle Ionic Hair Dryer,1,43.08,43.08,digital_wallet,1,cancelled,,,,,
LT-101012,2025-08-13,Mexico,extended_zone,Electronics,Boom Mini Bluetooth Speaker,1,30.42,30.42,digital_wallet,1,delivered,2025-08-20,7.0,2025-09-01,changed_mind,under_review
LT-103639,2025-08-13,Mexico,capital,Sports,Resistance Bands Set x5,2,14.82,29.64,bank_transfer,1,delivered,2025-08-18,5.0,,,
LT-103362,2025-08-14,Chile,extended_zone,Electronics,Vertex Ergonomic Mouse,1,22.47,22.47,debit_card,1,delivered,2025-08-26,12.0,,,
LT-102257,2025-08-14,Argentina,capital,Fashion,Strida Urban Sneakers,1,49.2,49.2,credit_card,1,delivered,2025-08-18,4.0,,,
LT-100070,2025-08-14,United States,capital,Electronics,360 WiFi Security Camera,1,47.04,47.04,credit_card,1,delivered,2025-08-20,6.0,,,
LT-100189,2025-08-14,Chile,capital,Sports,Pro Non-slip Yoga Mat,1,19.47,19.47,debit_card,1,delivered,2025-08-17,3.0,,,
LT-101740,2025-08-14,Argentina,urban,Beauty,Complete Skincare Routine Kit,1,33.81,33.81,debit_card,1,delivered,2025-08-18,4.0,,,
LT-103870,2025-08-14,Chile,capital,Electronics,Boom Mini Bluetooth Speaker,1,28.65,28.65,bank_transfer,1,delivered,2025-08-18,4.0,2025-08-22,not_as_described,refunded
LT-103383,2025-08-14,United States,capital,Home,Stackable Kitchen Organizer x3,1,14.97,14.97,digital_wallet,1,delivered,2025-08-17,3.0,,,
LT-100375,2025-08-14,Argentina,extended_zone,Fashion,TrailFit Waterproof Jacket,3,65.65,196.95,credit_card,6,cancelled,,,,,
LT-103722,2025-08-14,Colombia,urban,Home,CompactChef 4L Air Fryer,1,75.34,75.34,credit_card,1,delivered,2025-08-17,3.0,,,
LT-104307,2025-08-14,Mexico,urban,Sports,Resistance Bands Set x5,1,13.91,13.91,debit_card,1,delivered,2025-08-17,3.0,,,
LT-104162,2025-08-14,Colombia,urban,Electronics,65W Fast Charger,1,24.64,24.64,credit_card,3,delivered,2025-08-17,3.0,,,
LT-101154,2025-08-14,Mexico,capital,Fashion,Pima Cotton Basic Tee (2-pack),1,21.8,21.8,credit_card,1,delivered,2025-08-20,6.0,2025-08-23,defective_product,refunded
LT-102736,2025-08-15,United States,urban,Electronics,Vertex Ergonomic Mouse,1,20.62,20.62,digital_wallet,1,delivered,2025-08-18,3.0,,,
LT-101104,2025-08-15,Colombia,extended_zone,Electronics,Nova Wireless Earbuds,2,37.15,74.3,digital_wallet,1,delivered,2025-08-27,12.0,,,
LT-100445,2025-08-15,Mexico,urban,Electronics,Nova Wireless Earbuds,2,38.31,76.62,bank_transfer,1,delivered,2025-08-18,3.0,,,
LT-104818,2025-08-15,Mexico,extended_zone,Electronics,Boom Mini Bluetooth Speaker,1,30.42,30.42,digital_wallet,1,delivered,2025-08-26,11.0,,,
LT-100261,2025-08-15,United States,capital,Electronics,65W Fast Charger,1,25.94,25.94,credit_card,1,delivered,2025-08-18,3.0,,,
LT-104551,2025-08-15,Argentina,urban,Electronics,360 WiFi Security Camera,1,49.53,49.53,bank_transfer,1,delivered,2025-08-17,2.0,,,
LT-102485,2025-08-15,Mexico,urban,Electronics,Boom Mini Bluetooth Speaker,2,28.18,56.36,debit_card,1,delivered,2025-08-19,4.0,,,
LT-103290,2025-08-15,United States,urban,Electronics,Kova K61 Mechanical Keyboard,1,51.88,51.88,digital_wallet,1,delivered,2025-08-17,2.0,,,
LT-100211,2025-08-15,Chile,urban,Home,CompactChef 4L Air Fryer,1,79.75,79.75,debit_card,1,delivered,2025-08-18,3.0,,,
LT-101678,2025-08-15,Canada,capital,Fashion,Strida Urban Sneakers,1,52.54,52.54,credit_card,1,delivered,2025-08-18,3.0,,,
LT-103323,2025-08-15,Colombia,urban,Electronics,360 WiFi Security Camera,1,45.28,45.28,bank_transfer,1,delivered,2025-08-18,3.0,,,
LT-100384,2025-08-16,Argentina,urban,Electronics,360 WiFi Security Camera,1,50.22,50.22,credit_card,1,delivered,2025-08-19,3.0,,,
LT-104014,2025-08-16,Peru,capital,Electronics,360 WiFi Security Camera,1,50.6,50.6,credit_card,3,delivered,2025-08-19,3.0,,,
LT-103573,2025-08-16,Colombia,extended_zone,Electronics,Pulse S2 Smartwatch,1,95.13,95.13,debit_card,1,delivered,2025-08-27,11.0,,,
LT-102434,2025-08-16,Colombia,capital,Electronics,Boom Mini Bluetooth Speaker,1,29.83,29.83,cash_on_delivery,1,cancelled,,,,,
LT-102350,2025-08-16,United States,extended_zone,Electronics,Boom Mini Bluetooth Speaker,1,27.62,27.62,credit_card,3,delivered,2025-08-26,10.0,,,
LT-100816,2025-08-16,Mexico,urban,Sports,Pro Non-slip Yoga Mat,1,20.1,20.1,digital_wallet,1,delivered,2025-08-19,3.0,,,
LT-103340,2025-08-16,Colombia,urban,Fashion,TrailFit Waterproof Jacket,1,62.65,62.65,credit_card,1,delivered,2025-08-19,3.0,,,
LT-103216,2025-08-16,Mexico,urban,Fashion,Pima Cotton Basic Tee (2-pack),1,20.98,20.98,credit_card,1,delivered,2025-08-18,2.0,,,
LT-103169,2025-08-16,Chile,capital,Home,Stackable Kitchen Organizer x3,1,15.91,15.91,debit_card,1,delivered,2025-08-20,4.0,,,
LT-104588,2025-08-16,United States,urban,Electronics,360 WiFi Security Camera,1,45.21,45.21,debit_card,1,delivered,2025-08-18,2.0,2025-08-20,defective_product,under_review
LT-103289,2025-08-16,Colombia,capital,Fashion,UrbanPack 25L Anti-theft Backpack,1,36.52,36.52,cash_on_delivery,1,delivered,2025-08-19,3.0,,,
LT-102861,2025-08-16,Mexico,extended_zone,Electronics,65W Fast Charger,1,24.08,24.08,debit_card,1,delivered,2025-08-26,10.0,,,
LT-103260,2025-08-17,Argentina,capital,Electronics,Nova Wireless Earbuds,1,39.9,39.9,cash_on_delivery,1,delivered,2025-08-21,4.0,,,
LT-103494,2025-08-17,Chile,urban,Accessories,14'' Hard Laptop Case,2,16.82,33.64,credit_card,12,delivered,2025-08-21,4.0,,,
LT-104625,2025-08-17,Mexico,urban,Home,Premium Queen Bedsheet Set,1,41.89,41.89,bank_transfer,1,delivered,2025-08-20,3.0,,,
LT-101153,2025-08-17,United States,urban,Home,Stackable Kitchen Organizer x3,1,15.09,15.09,digital_wallet,1,delivered,2025-08-19,2.0,,,
LT-103964,2025-08-17,Canada,urban,Electronics,Nova Wireless Earbuds,1,42.08,42.08,cash_on_delivery,1,delivered,2025-08-19,2.0,,,
LT-101907,2025-08-17,Canada,extended_zone,Home,Flex LED Desk Lamp,1,18.87,18.87,digital_wallet,1,delivered,2025-08-28,11.0,,,
LT-102751,2025-08-17,United States,capital,Accessories,Interchangeable Watch Strap,3,8.55,25.65,bank_transfer,1,delivered,2025-08-20,3.0,,,
LT-103406,2025-08-17,Canada,extended_zone,Electronics,360 WiFi Security Camera,1,50.64,50.64,debit_card,1,delivered,2025-08-26,9.0,,,
LT-101364,2025-08-17,Mexico,capital,Fashion,Andino Slim Fit Jeans,2,34.09,68.18,digital_wallet,1,delivered,2025-08-20,3.0,,,
LT-104635,2025-08-17,United States,capital,Fashion,UrbanPack 25L Anti-theft Backpack,1,36.85,36.85,digital_wallet,1,delivered,2025-08-20,3.0,,,
LT-103251,2025-08-17,Mexico,extended_zone,Home,CleanBot Lite Robot Vacuum,1,132.95,132.95,digital_wallet,1,delivered,2025-08-26,9.0,,,
LT-104171,2025-08-17,Mexico,extended_zone,Sports,Pro Non-slip Yoga Mat,2,19.46,38.92,debit_card,1,delivered,2025-08-22,5.0,,,
LT-101774,2025-08-18,Peru,urban,Electronics,65W Fast Charger,1,26.23,26.23,bank_transfer,1,delivered,2025-08-20,2.0,,,
LT-101613,2025-08-18,Argentina,extended_zone,Beauty,CeramicPro Hair Straightener,1,40.05,40.05,cash_on_delivery,1,delivered,2025-08-29,11.0,,,
LT-101160,2025-08-18,Mexico,extended_zone,Electronics,Nova Wireless Earbuds,1,38.05,38.05,debit_card,1,cancelled,,,,,
LT-102172,2025-08-18,Argentina,urban,Electronics,Nova Wireless Earbuds,3,39.15,117.45,credit_card,6,delivered,2025-08-20,2.0,,,
LT-100306,2025-08-18,United States,extended_zone,Home,Stackable Kitchen Organizer x3,1,16.29,16.29,digital_wallet,1,delivered,2025-08-27,9.0,,,
LT-100057,2025-08-18,Peru,capital,Electronics,360 WiFi Security Camera,1,46.95,46.95,cash_on_delivery,1,delivered,2025-08-24,6.0,,,
LT-100519,2025-08-18,Mexico,urban,Accessories,Foldable Phone Stand,1,9.43,9.43,debit_card,1,delivered,2025-08-20,2.0,,,
LT-104648,2025-08-18,Canada,urban,Home,CompactChef 4L Air Fryer,1,79.18,79.18,bank_transfer,1,delivered,2025-08-22,4.0,,,
LT-102454,2025-08-18,Mexico,capital,Accessories,Interchangeable Watch Strap,2,8.95,17.9,digital_wallet,1,delivered,2025-08-21,3.0,,,
LT-102392,2025-08-18,Mexico,urban,Electronics,65W Fast Charger,1,25.98,25.98,credit_card,1,delivered,2025-08-20,2.0,,,
LT-101141,2025-08-18,United States,urban,Beauty,AirStyle Ionic Hair Dryer,1,45.74,45.74,debit_card,1,delivered,2025-08-20,2.0,,,
LT-101223,2025-08-18,Chile,urban,Electronics,360 WiFi Security Camera,1,48.48,48.48,bank_transfer,1,delivered,2025-08-20,2.0,,,
LT-104159,2025-08-18,Argentina,extended_zone,Electronics,Kova K61 Mechanical Keyboard,1,53.9,53.9,digital_wallet,1,delivered,2025-08-27,9.0,,,
LT-101249,2025-08-19,United States,capital,Sports,Adjustable Dumbbells 2x10kg,2,61.01,122.02,credit_card,6,delivered,2025-08-24,5.0,,,
LT-101342,2025-08-19,Argentina,capital,Home,Flex LED Desk Lamp,1,19.47,19.47,debit_card,1,delivered,2025-08-23,4.0,,,
LT-103228,2025-08-19,Mexico,urban,Sports,SteelHydro 1L Thermal Bottle,1,17.3,17.3,bank_transfer,1,delivered,2025-08-21,2.0,,,
LT-104174,2025-08-19,Colombia,capital,Electronics,65W Fast Charger,1,23.98,23.98,debit_card,1,delivered,2025-08-22,3.0,,,
LT-104302,2025-08-19,Peru,capital,Electronics,Boom Mini Bluetooth Speaker,1,28.99,28.99,credit_card,6,delivered,2025-08-22,3.0,,,
LT-101538,2025-08-19,Colombia,capital,Electronics,Vertex Ergonomic Mouse,3,22.11,66.33,debit_card,1,delivered,2025-08-22,3.0,,,
LT-103968,2025-08-19,Colombia,extended_zone,Electronics,Nova Wireless Earbuds,1,38.54,38.54,digital_wallet,1,delivered,2025-08-29,10.0,,,
LT-100888,2025-08-19,Peru,urban,Beauty,CeramicPro Hair Straightener,2,40.16,80.32,credit_card,1,delivered,2025-08-23,4.0,,,
LT-102712,2025-08-19,Mexico,extended_zone,Electronics,Vertex Ergonomic Mouse,1,21.73,21.73,bank_transfer,1,delivered,2025-08-28,9.0,,,
LT-102550,2025-08-19,Peru,extended_zone,Fashion,UrbanPack 25L Anti-theft Backpack,1,38.23,38.23,credit_card,12,delivered,2025-08-26,7.0,,,
LT-103845,2025-08-19,Colombia,extended_zone,Accessories,14'' Hard Laptop Case,1,17.52,17.52,credit_card,1,delivered,2025-08-24,5.0,,,
LT-104486,2025-08-19,Mexico,capital,Electronics,360 WiFi Security Camera,2,49.92,99.84,credit_card,3,delivered,2025-08-25,6.0,,,
LT-104006,2025-08-19,Mexico,capital,Electronics,Pulse S2 Smartwatch,1,88.96,88.96,debit_card,1,delivered,2025-08-23,4.0,,,
LT-103783,2025-08-19,Chile,urban,Home,Stackable Kitchen Organizer x3,1,16.42,16.42,bank_transfer,1,delivered,2025-08-23,4.0,,,
LT-100308,2025-08-19,Canada,extended_zone,Electronics,Kova K61 Mechanical Keyboard,2,54.1,108.2,credit_card,3,delivered,2025-08-28,9.0,,,
LT-100240,2025-08-19,Mexico,urban,Accessories,Foldable Phone Stand,1,9.88,9.88,credit_card,6,delivered,2025-08-22,3.0,,,
LT-103831,2025-08-19,Mexico,extended_zone,Electronics,Pulse S2 Smartwatch,2,91.19,182.38,credit_card,1,delivered,2025-08-28,9.0,,,
LT-101937,2025-08-19,United States,capital,Electronics,65W Fast Charger,1,25.02,25.02,cash_on_delivery,1,delivered,2025-08-23,4.0,,,
LT-100650,2025-08-20,Mexico,extended_zone,Home,Flex LED Desk Lamp,1,17.7,17.7,bank_transfer,1,delivered,2025-08-27,7.0,,,
LT-102539,2025-08-20,Argentina,urban,Accessories,14'' Hard Laptop Case,2,16.57,33.14,digital_wallet,1,delivered,2025-08-22,2.0,,,
LT-102370,2025-08-20,Peru,capital,Fashion,TrailFit Waterproof Jacket,1,64.48,64.48,credit_card,3,delivered,2025-08-23,3.0,,,
LT-104961,2025-08-20,Colombia,extended_zone,Electronics,65W Fast Charger,1,25.51,25.51,digital_wallet,1,delivered,2025-08-28,8.0,,,
LT-103381,2025-08-20,Colombia,extended_zone,Beauty,CeramicPro Hair Straightener,1,41.68,41.68,digital_wallet,1,delivered,2025-08-28,8.0,,,
LT-100094,2025-08-20,Chile,urban,Electronics,Pulse S2 Smartwatch,1,89.89,89.89,bank_transfer,1,delivered,2025-08-23,3.0,,,
LT-101427,2025-08-20,Mexico,urban,Electronics,360 WiFi Security Camera,1,48.35,48.35,digital_wallet,1,delivered,2025-08-24,4.0,,,
LT-101076,2025-08-20,Colombia,capital,Fashion,TrailFit Waterproof Jacket,1,64.47,64.47,debit_card,1,delivered,2025-08-26,6.0,,,
LT-104858,2025-08-20,United States,extended_zone,Electronics,Boom Mini Bluetooth Speaker,1,30.02,30.02,debit_card,1,delivered,2025-09-01,12.0,,,
LT-104810,2025-08-20,Argentina,capital,Fashion,UrbanPack 25L Anti-theft Backpack,1,39.18,39.18,credit_card,6,delivered,2025-08-26,6.0,,,
LT-102976,2025-08-20,Colombia,urban,Fashion,Pima Cotton Basic Tee (2-pack),1,21.82,21.82,digital_wallet,1,delivered,2025-08-22,2.0,,,
LT-104837,2025-08-20,Mexico,capital,Beauty,AirStyle Ionic Hair Dryer,1,42.61,42.61,credit_card,3,delivered,2025-08-24,4.0,,,
LT-102944,2025-08-21,United States,urban,Fashion,Pima Cotton Basic Tee (2-pack),1,22.65,22.65,credit_card,12,delivered,2025-08-24,3.0,,,
LT-102979,2025-08-21,Mexico,extended_zone,Electronics,Pulse S2 Smartwatch,1,94.91,94.91,debit_card,1,delivered,2025-08-28,7.0,,,
LT-100859,2025-08-21,United States,urban,Home,Stackable Kitchen Organizer x3,2,15.87,31.74,credit_card,1,delivered,2025-08-24,3.0,2025-08-28,changed_mind,refunded
LT-102853,2025-08-21,Argentina,capital,Fashion,Strida Urban Sneakers,1,51.19,51.19,digital_wallet,1,delivered,2025-08-27,6.0,,,
LT-100273,2025-08-21,Peru,capital,Sports,Adjustable Dumbbells 2x10kg,1,53.94,53.94,bank_transfer,1,delivered,2025-08-25,4.0,,,
LT-103205,2025-08-21,Colombia,urban,Accessories,Interchangeable Watch Strap,1,8.68,8.68,bank_transfer,1,delivered,2025-08-24,3.0,,,
LT-102235,2025-08-21,Mexico,extended_zone,Electronics,Vertex Ergonomic Mouse,1,21.96,21.96,bank_transfer,1,cancelled,,,,,
LT-104650,2025-08-22,Mexico,capital,Electronics,Vertex Ergonomic Mouse,2,21.14,42.28,credit_card,1,delivered,2025-08-25,3.0,,,
LT-101088,2025-08-22,Mexico,urban,Home,Stackable Kitchen Organizer x3,1,16.34,16.34,credit_card,1,delivered,2025-08-25,3.0,,,
LT-102837,2025-08-22,United States,capital,Electronics,65W Fast Charger,2,24.84,49.68,bank_transfer,1,delivered,2025-08-28,6.0,,,
LT-103749,2025-08-22,Chile,urban,Electronics,Boom Mini Bluetooth Speaker,2,29.69,59.38,credit_card,12,delivered,2025-08-25,3.0,,,
LT-103203,2025-08-22,United States,capital,Electronics,Nova Wireless Earbuds,1,38.75,38.75,credit_card,3,delivered,2025-08-26,4.0,,,
LT-104343,2025-08-22,Colombia,capital,Home,Stackable Kitchen Organizer x3,1,16.32,16.32,cash_on_delivery,1,delivered,2025-08-26,4.0,,,
LT-104168,2025-08-22,Mexico,urban,Fashion,UrbanPack 25L Anti-theft Backpack,1,39.37,39.37,credit_card,1,delivered,2025-08-24,2.0,,,
LT-102320,2025-08-22,Mexico,extended_zone,Electronics,360 WiFi Security Camera,1,47.11,47.11,digital_wallet,1,cancelled,,,,,
LT-102283,2025-08-22,Colombia,urban,Electronics,360 WiFi Security Camera,1,49.68,49.68,cash_on_delivery,1,delivered,2025-08-24,2.0,,,
LT-100865,2025-08-22,United States,urban,Fashion,UrbanPack 25L Anti-theft Backpack,1,38.51,38.51,bank_transfer,1,delivered,2025-08-25,3.0,,,
LT-104227,2025-08-23,Argentina,extended_zone,Fashion,TrailFit Waterproof Jacket,1,66.15,66.15,bank_transfer,1,delivered,2025-09-02,10.0,,,
LT-102867,2025-08-23,Mexico,capital,Home,CompactChef 4L Air Fryer,2,71.57,143.14,cash_on_delivery,1,delivered,2025-08-26,3.0,,,
LT-104808,2025-08-23,Peru,capital,Electronics,Pulse S2 Smartwatch,2,88.74,177.48,credit_card,3,delivered,2025-08-27,4.0,,,
LT-104826,2025-08-23,Mexico,capital,Electronics,65W Fast Charger,1,25.95,25.95,bank_transfer,1,delivered,2025-08-26,3.0,,,
LT-103520,2025-08-23,Argentina,capital,Electronics,360 WiFi Security Camera,2,48.61,97.22,credit_card,1,delivered,2025-08-26,3.0,,,
LT-104277,2025-08-23,Mexico,urban,Fashion,TrailFit Waterproof Jacket,2,67.97,135.94,digital_wallet,1,delivered,2025-08-25,2.0,,,
LT-100840,2025-08-23,Peru,extended_zone,Electronics,Vertex Ergonomic Mouse,1,21.8,21.8,credit_card,12,delivered,2025-09-01,9.0,,,
LT-103232,2025-08-23,Colombia,capital,Electronics,Boom Mini Bluetooth Speaker,1,28.68,28.68,credit_card,1,delivered,2025-08-29,6.0,,,
LT-102639,2025-08-23,Mexico,capital,Sports,Pro Non-slip Yoga Mat,1,20.8,20.8,credit_card,1,delivered,2025-08-26,3.0,,,
LT-104077,2025-08-23,Peru,capital,Electronics,Pulse S2 Smartwatch,1,87.77,87.77,bank_transfer,1,cancelled,,,,,
LT-103937,2025-08-23,Argentina,extended_zone,Fashion,Andino Slim Fit Jeans,1,34.05,34.05,credit_card,3,delivered,2025-09-01,9.0,,,
LT-103023,2025-08-24,United States,urban,Electronics,65W Fast Charger,1,23.59,23.59,debit_card,1,delivered,2025-08-28,4.0,,,
LT-102237,2025-08-24,Chile,urban,Home,Premium Queen Bedsheet Set,2,43.23,86.46,bank_transfer,1,cancelled,,,,,
LT-101321,2025-08-24,United States,urban,Accessories,Foldable Phone Stand,1,9.44,9.44,credit_card,6,delivered,2025-08-26,2.0,,,
LT-101965,2025-08-24,Canada,urban,Home,Stackable Kitchen Organizer x3,2,16.39,32.78,credit_card,6,delivered,2025-08-28,4.0,,,
LT-104255,2025-08-24,Peru,capital,Fashion,TrailFit Waterproof Jacket,1,63.52,63.52,digital_wallet,1,delivered,2025-08-29,5.0,,,
LT-100607,2025-08-24,Argentina,urban,Electronics,360 WiFi Security Camera,2,46.92,93.84,credit_card,12,delivered,2025-08-26,2.0,,,
LT-102971,2025-08-24,Colombia,capital,Fashion,Pima Cotton Basic Tee (2-pack),1,21.06,21.06,credit_card,3,delivered,2025-08-29,5.0,,,
LT-103099,2025-08-24,Peru,capital,Electronics,Nova Wireless Earbuds,1,38.07,38.07,cash_on_delivery,1,delivered,2025-08-29,5.0,2025-08-30,wrong_size_or_model,refunded
LT-103911,2025-08-24,Argentina,urban,Sports,SteelHydro 1L Thermal Bottle,1,17.46,17.46,debit_card,1,delivered,2025-08-28,4.0,,,
LT-102980,2025-08-24,Chile,capital,Electronics,Nova Wireless Earbuds,1,41.03,41.03,bank_transfer,1,delivered,2025-08-27,3.0,,,
LT-100642,2025-08-24,United States,urban,Accessories,14'' Hard Laptop Case,3,16.41,49.23,digital_wallet,1,delivered,2025-08-28,4.0,,,
LT-101735,2025-08-25,Peru,capital,Sports,SteelHydro 1L Thermal Bottle,1,17.58,17.58,credit_card,1,delivered,2025-08-28,3.0,,,
LT-103933,2025-08-25,Mexico,capital,Electronics,360 WiFi Security Camera,2,44.52,89.04,bank_transfer,1,delivered,2025-08-28,3.0,,,
LT-101546,2025-08-25,Argentina,urban,Fashion,Andino Slim Fit Jeans,1,31.72,31.72,credit_card,6,delivered,2025-08-28,3.0,,,
LT-103957,2025-08-26,Chile,urban,Home,Premium Queen Bedsheet Set,2,39.92,79.84,digital_wallet,1,delivered,2025-08-28,2.0,,,
LT-104678,2025-08-26,Mexico,urban,Electronics,360 WiFi Security Camera,2,49.6,99.2,debit_card,1,delivered,2025-08-29,3.0,,,
LT-101797,2025-08-26,United States,capital,Home,Premium Queen Bedsheet Set,1,41.87,41.87,credit_card,1,delivered,2025-09-01,6.0,,,
LT-104129,2025-08-26,Argentina,extended_zone,Fashion,TrailFit Waterproof Jacket,1,63.4,63.4,debit_card,1,delivered,2025-09-05,10.0,,,
LT-103759,2025-08-26,Colombia,urban,Beauty,CeramicPro Hair Straightener,1,39.42,39.42,debit_card,1,delivered,2025-08-28,2.0,,,
LT-102484,2025-08-26,Argentina,extended_zone,Electronics,Nova Wireless Earbuds,2,40.44,80.88,credit_card,3,delivered,2025-09-02,7.0,,,
LT-100178,2025-08-26,Chile,capital,Electronics,Boom Mini Bluetooth Speaker,1,29.46,29.46,debit_card,1,delivered,2025-08-30,4.0,,,
LT-101993,2025-08-26,Chile,urban,Fashion,Strida Urban Sneakers,1,52.55,52.55,cash_on_delivery,1,delivered,2025-08-29,3.0,,,
LT-102030,2025-08-26,United States,extended_zone,Home,Premium Queen Bedsheet Set,1,39.94,39.94,bank_transfer,1,delivered,2025-09-06,11.0,,,
LT-102860,2025-08-26,United States,capital,Electronics,Boom Mini Bluetooth Speaker,1,30.82,30.82,debit_card,1,delivered,2025-08-31,5.0,,,
LT-101482,2025-08-26,Chile,extended_zone,Home,CompactChef 4L Air Fryer,2,69.69,139.38,credit_card,6,delivered,2025-09-01,6.0,,,
LT-102181,2025-08-27,Argentina,urban,Home,Stackable Kitchen Organizer x3,1,16.91,16.91,bank_transfer,1,delivered,2025-08-31,4.0,,,
LT-101506,2025-08-27,Peru,capital,Home,CompactChef 4L Air Fryer,1,77.29,77.29,cash_on_delivery,1,delivered,2025-09-02,6.0,,,
LT-101312,2025-08-27,Canada,capital,Electronics,Boom Mini Bluetooth Speaker,1,30.33,30.33,digital_wallet,1,delivered,2025-09-02,6.0,,,
LT-104485,2025-08-27,Colombia,capital,Electronics,Nova Wireless Earbuds,1,40.59,40.59,credit_card,3,delivered,2025-08-30,3.0,,,
LT-101078,2025-08-27,United States,urban,Electronics,65W Fast Charger,1,25.03,25.03,digital_wallet,1,delivered,2025-08-30,3.0,,,
LT-104492,2025-08-27,Chile,urban,Electronics,Kova K61 Mechanical Keyboard,1,55.32,55.32,credit_card,6,delivered,2025-08-29,2.0,,,
LT-102554,2025-08-27,Chile,capital,Electronics,Boom Mini Bluetooth Speaker,1,30.49,30.49,digital_wallet,1,delivered,2025-08-31,4.0,,,
LT-101781,2025-08-27,Mexico,capital,Fashion,Strida Urban Sneakers,1,47.34,47.34,digital_wallet,1,delivered,2025-08-31,4.0,,,
LT-101739,2025-08-27,Canada,capital,Sports,SteelHydro 1L Thermal Bottle,2,16.44,32.88,debit_card,1,delivered,2025-08-31,4.0,,,
LT-103157,2025-08-27,Colombia,urban,Home,Premium Queen Bedsheet Set,1,39.16,39.16,credit_card,1,delivered,2025-08-29,2.0,,,
LT-104522,2025-08-27,Canada,capital,Home,Premium Queen Bedsheet Set,1,44.48,44.48,bank_transfer,1,delivered,2025-08-30,3.0,,,
LT-101656,2025-08-27,Peru,urban,Fashion,Andino Slim Fit Jeans,2,34.74,69.48,bank_transfer,1,delivered,2025-08-31,4.0,,,
LT-100944,2025-08-27,Canada,extended_zone,Electronics,360 WiFi Security Camera,1,48.38,48.38,bank_transfer,1,delivered,2025-09-02,6.0,,,
LT-102909,2025-08-27,Colombia,urban,Beauty,Complete Skincare Routine Kit,1,36.52,36.52,digital_wallet,1,delivered,2025-08-30,3.0,2025-08-31,defective_product,refunded
LT-101488,2025-08-27,Peru,extended_zone,Fashion,Strida Urban Sneakers,1,46.86,46.86,digital_wallet,1,delivered,2025-09-05,9.0,,,
LT-100321,2025-08-28,Argentina,capital,Fashion,UrbanPack 25L Anti-theft Backpack,1,39.01,39.01,debit_card,1,delivered,2025-09-03,6.0,,,
LT-103138,2025-08-28,Colombia,capital,Electronics,Vertex Ergonomic Mouse,1,21.88,21.88,cash_on_delivery,1,delivered,2025-08-31,3.0,,,
LT-103368,2025-08-28,Colombia,urban,Electronics,Vertex Ergonomic Mouse,1,20.27,20.27,debit_card,1,delivered,2025-09-01,4.0,,,
LT-104629,2025-08-28,Mexico,urban,Fashion,UrbanPack 25L Anti-theft Backpack,2,37.46,74.92,credit_card,1,delivered,2025-09-01,4.0,,,
LT-103716,2025-08-28,Colombia,capital,Sports,Pro Non-slip Yoga Mat,1,19.94,19.94,debit_card,1,delivered,2025-08-31,3.0,,,
LT-102699,2025-08-28,Peru,capital,Electronics,Pulse S2 Smartwatch,1,90.19,90.19,digital_wallet,1,delivered,2025-09-02,5.0,,,
LT-102100,2025-08-28,United States,capital,Beauty,CeramicPro Hair Straightener,1,38.84,38.84,credit_card,3,delivered,2025-08-31,3.0,,,
LT-101778,2025-08-28,Peru,urban,Sports,SteelHydro 1L Thermal Bottle,1,17.3,17.3,credit_card,12,delivered,2025-08-30,2.0,,,
LT-104465,2025-08-28,United States,extended_zone,Electronics,Vertex Ergonomic Mouse,1,20.35,20.35,credit_card,12,delivered,2025-09-03,6.0,,,
LT-104549,2025-08-28,Mexico,capital,Accessories,Interchangeable Watch Strap,2,8.14,16.28,digital_wallet,1,delivered,2025-09-02,5.0,,,
LT-104825,2025-08-28,Argentina,capital,Fashion,Strida Urban Sneakers,1,51.44,51.44,bank_transfer,1,delivered,2025-09-03,6.0,,,
LT-100333,2025-08-28,Colombia,extended_zone,Electronics,Nova Wireless Earbuds,2,40.1,80.2,bank_transfer,1,delivered,2025-09-07,10.0,,,
LT-104760,2025-08-29,Mexico,extended_zone,Beauty,CeramicPro Hair Straightener,1,37.1,37.1,credit_card,3,delivered,2025-09-03,5.0,,,
LT-100579,2025-08-29,Colombia,urban,Sports,SteelHydro 1L Thermal Bottle,1,16.29,16.29,debit_card,1,delivered,2025-09-02,4.0,,,
LT-104459,2025-08-29,Colombia,capital,Electronics,Boom Mini Bluetooth Speaker,1,31.08,31.08,credit_card,6,delivered,2025-09-03,5.0,,,
LT-100599,2025-08-29,United States,urban,Fashion,TrailFit Waterproof Jacket,1,67.51,67.51,credit_card,3,delivered,2025-09-01,3.0,,,
LT-100892,2025-08-29,Argentina,urban,Electronics,Kova K61 Mechanical Keyboard,1,56.9,56.9,bank_transfer,1,delivered,2025-08-31,2.0,,,
LT-102070,2025-08-29,Mexico,capital,Fashion,UrbanPack 25L Anti-theft Backpack,1,35.66,35.66,debit_card,1,delivered,2025-09-03,5.0,,,
LT-100201,2025-08-29,Mexico,capital,Electronics,Boom Mini Bluetooth Speaker,1,30.8,30.8,debit_card,1,delivered,2025-09-02,4.0,,,
LT-103990,2025-08-29,United States,extended_zone,Electronics,65W Fast Charger,1,23.65,23.65,credit_card,12,delivered,2025-09-06,8.0,,,
LT-100481,2025-08-29,United States,extended_zone,Home,Stackable Kitchen Organizer x3,1,15.12,15.12,credit_card,1,delivered,2025-09-07,9.0,,,
LT-100496,2025-08-29,Colombia,urban,Electronics,65W Fast Charger,1,23.92,23.92,bank_transfer,1,delivered,2025-09-02,4.0,,,
LT-101929,2025-08-30,Canada,capital,Electronics,Boom Mini Bluetooth Speaker,1,28.38,28.38,cash_on_delivery,1,delivered,2025-09-05,6.0,,,
LT-104416,2025-08-30,United States,capital,Electronics,Boom Mini Bluetooth Speaker,2,30.28,60.56,credit_card,1,delivered,2025-09-03,4.0,,,
LT-100180,2025-08-30,Colombia,urban,Electronics,360 WiFi Security Camera,1,50.8,50.8,bank_transfer,1,delivered,2025-09-02,3.0,2025-09-08,changed_mind,refunded
LT-104649,2025-08-30,Mexico,urban,Beauty,AirStyle Ionic Hair Dryer,1,41.91,41.91,credit_card,12,delivered,2025-09-01,2.0,,,
LT-103180,2025-08-30,Canada,urban,Fashion,Strida Urban Sneakers,1,48.16,48.16,cash_on_delivery,1,delivered,2025-09-01,2.0,,,
LT-102162,2025-08-30,Mexico,capital,Home,CompactChef 4L Air Fryer,2,73.25,146.5,digital_wallet,1,delivered,2025-09-05,6.0,,,
LT-104060,2025-08-30,United States,urban,Electronics,Pulse S2 Smartwatch,2,84.55,169.1,bank_transfer,1,delivered,2025-09-03,4.0,,,
LT-104676,2025-08-30,Peru,extended_zone,Home,Premium Queen Bedsheet Set,1,39.91,39.91,credit_card,3,delivered,2025-09-11,12.0,,,
LT-100889,2025-08-30,Mexico,capital,Sports,SteelHydro 1L Thermal Bottle,1,17.29,17.29,digital_wallet,1,delivered,2025-09-05,6.0,,,
LT-100532,2025-08-30,United States,urban,Fashion,Strida Urban Sneakers,1,50.04,50.04,digital_wallet,1,delivered,2025-09-02,3.0,,,
LT-102460,2025-08-30,Canada,urban,Electronics,Vertex Ergonomic Mouse,1,21.37,21.37,debit_card,1,delivered,2025-09-01,2.0,2025-09-13,not_as_described,refunded
LT-104189,2025-08-30,Colombia,urban,Fashion,UrbanPack 25L Anti-theft Backpack,1,38.37,38.37,debit_card,1,delivered,2025-09-02,3.0,,,
LT-101379,2025-08-31,Chile,extended_zone,Sports,Pro Non-slip Yoga Mat,1,20.93,20.93,credit_card,3,delivered,2025-09-07,7.0,,,
LT-101398,2025-08-31,United States,capital,Fashion,Andino Slim Fit Jeans,1,33.56,33.56,cash_on_delivery,1,delivered,2025-09-06,6.0,,,
LT-104476,2025-08-31,Peru,urban,Electronics,Boom Mini Bluetooth Speaker,1,30.99,30.99,digital_wallet,1,delivered,2025-09-04,4.0,,,
LT-104264,2025-08-31,Colombia,capital,Fashion,Strida Urban Sneakers,1,47.73,47.73,digital_wallet,1,delivered,2025-09-05,5.0,2025-09-09,defective_product,refunded
LT-100786,2025-08-31,Canada,extended_zone,Electronics,65W Fast Charger,1,23.48,23.48,credit_card,1,delivered,2025-09-12,12.0,,,
LT-103912,2025-08-31,United States,urban,Electronics,Vertex Ergonomic Mouse,1,22.01,22.01,credit_card,1,delivered,2025-09-04,4.0,,,
LT-102295,2025-08-31,Chile,urban,Home,CompactChef 4L Air Fryer,2,74.94,149.88,bank_transfer,1,delivered,2025-09-04,4.0,,,
LT-100265,2025-08-31,United States,capital,Electronics,360 WiFi Security Camera,1,47.68,47.68,credit_card,3,delivered,2025-09-06,6.0,,,
LT-101645,2025-08-31,Mexico,urban,Electronics,Boom Mini Bluetooth Speaker,1,31.41,31.41,credit_card,3,delivered,2025-09-03,3.0,,,
LT-101522,2025-08-31,Colombia,urban,Electronics,Pulse S2 Smartwatch,1,91.82,91.82,debit_card,1,delivered,2025-09-03,3.0,,,
LT-104158,2025-08-31,Canada,capital,Electronics,65W Fast Charger,3,24.11,72.33,digital_wallet,1,cancelled,,,,,
LT-103844,2025-08-31,Peru,capital,Electronics,Boom Mini Bluetooth Speaker,2,30.36,60.72,bank_transfer,1,delivered,2025-09-04,4.0,,,
LT-100426,2025-08-31,Colombia,capital,Sports,SteelHydro 1L Thermal Bottle,2,16.74,33.48,cash_on_delivery,1,delivered,2025-09-04,4.0,,,
LT-100335,2025-08-31,United States,urban,Home,Premium Queen Bedsheet Set,1,42.57,42.57,debit_card,1,delivered,2025-09-04,4.0,,,
LT-103627,2025-08-31,Mexico,capital,Electronics,Nova Wireless Earbuds,2,40.09,80.18,credit_card,3,delivered,2025-09-06,6.0,,,
LT-101976,2025-08-31,Mexico,urban,Home,Stackable Kitchen Organizer x3,1,16.11,16.11,cash_on_delivery,1,cancelled,,,,,
LT-104932,2025-09-01,Chile,capital,Sports,Pro Non-slip Yoga Mat,2,19.1,38.2,digital_wallet,1,delivered,2025-09-04,3.0,,,
LT-102491,2025-09-01,United States,capital,Fashion,UrbanPack 25L Anti-theft Backpack,1,35.63,35.63,digital_wallet,1,delivered,2025-09-07,6.0,,,
LT-103979,2025-09-01,Peru,urban,Electronics,Nova Wireless Earbuds,1,37.57,37.57,digital_wallet,1,delivered,2025-09-03,2.0,,,
LT-100941,2025-09-01,Mexico,capital,Electronics,Vertex Ergonomic Mouse,1,21.68,21.68,debit_card,1,delivered,2025-09-07,6.0,,,
LT-100956,2025-09-01,Colombia,urban,Fashion,Pima Cotton Basic Tee (2-pack),1,21.26,21.26,digital_wallet,1,delivered,2025-09-04,3.0,,,
LT-100777,2025-09-01,Peru,capital,Electronics,Boom Mini Bluetooth Speaker,1,29.96,29.96,digital_wallet,1,delivered,2025-09-04,3.0,2025-09-08,not_as_described,refunded
LT-104349,2025-09-01,Canada,urban,Electronics,Nova Wireless Earbuds,1,40.69,40.69,credit_card,3,delivered,2025-09-04,3.0,,,
LT-104438,2025-09-01,Chile,urban,Fashion,UrbanPack 25L Anti-theft Backpack,1,35.35,35.35,digital_wallet,1,delivered,2025-09-05,4.0,,,
LT-101816,2025-09-01,Peru,urban,Fashion,Strida Urban Sneakers,1,46.71,46.71,digital_wallet,1,delivered,2025-09-05,4.0,,,
LT-100907,2025-09-01,United States,urban,Fashion,Pima Cotton Basic Tee (2-pack),1,20.62,20.62,digital_wallet,1,delivered,2025-09-05,4.0,,,
LT-101733,2025-09-01,Chile,extended_zone,Electronics,Pulse S2 Smartwatch,1,87.13,87.13,debit_card,1,cancelled,,,,,
LT-102053,2025-09-01,Peru,urban,Electronics,Nova Wireless Earbuds,1,38.2,38.2,debit_card,1,delivered,2025-09-05,4.0,,,
LT-102894,2025-09-01,Chile,capital,Electronics,360 WiFi Security Camera,1,46.72,46.72,digital_wallet,1,delivered,2025-09-07,6.0,,,
LT-101193,2025-09-01,Mexico,extended_zone,Home,CleanBot Lite Robot Vacuum,1,125.82,125.82,digital_wallet,1,delivered,2025-09-06,5.0,,,
LT-104187,2025-09-01,Mexico,urban,Sports,Resistance Bands Set x5,1,14.06,14.06,debit_card,1,delivered,2025-09-03,2.0,,,
LT-101561,2025-09-02,Canada,urban,Electronics,360 WiFi Security Camera,1,48.8,48.8,debit_card,1,delivered,2025-09-05,3.0,,,
LT-100253,2025-09-02,Chile,urban,Electronics,Vertex Ergonomic Mouse,1,20.86,20.86,bank_transfer,1,delivered,2025-09-06,4.0,,,
LT-101887,2025-09-02,Peru,capital,Home,Flex LED Desk Lamp,1,19.49,19.49,digital_wallet,1,delivered,2025-09-07,5.0,,,
LT-102305,2025-09-02,Colombia,urban,Fashion,UrbanPack 25L Anti-theft Backpack,1,35.86,35.86,credit_card,3,delivered,2025-09-06,4.0,,,
LT-104631,2025-09-02,Mexico,urban,Accessories,Interchangeable Watch Strap,1,8.75,8.75,digital_wallet,1,delivered,2025-09-04,2.0,,,
LT-102055,2025-09-02,Argentina,capital,Sports,Pro Non-slip Yoga Mat,1,20.34,20.34,credit_card,3,delivered,2025-09-06,4.0,,,
LT-104170,2025-09-02,Colombia,urban,Sports,Pro Non-slip Yoga Mat,2,19.92,39.84,debit_card,1,delivered,2025-09-06,4.0,,,
LT-104359,2025-09-02,United States,capital,Electronics,Pulse S2 Smartwatch,2,93.71,187.42,digital_wallet,1,delivered,2025-09-05,3.0,,,
LT-101272,2025-09-02,Colombia,capital,Electronics,Boom Mini Bluetooth Speaker,1,29.79,29.79,credit_card,6,delivered,2025-09-08,6.0,,,
LT-102469,2025-09-02,Peru,capital,Electronics,Boom Mini Bluetooth Speaker,1,28.7,28.7,bank_transfer,1,delivered,2025-09-05,3.0,,,
LT-100820,2025-09-02,Colombia,urban,Electronics,Nova Wireless Earbuds,1,38.0,38.0,credit_card,1,delivered,2025-09-05,3.0,,,
LT-103413,2025-09-03,United States,capital,Beauty,CeramicPro Hair Straightener,1,40.98,40.98,debit_card,1,delivered,2025-09-09,6.0,,,
LT-102492,2025-09-03,Peru,extended_zone,Electronics,Boom Mini Bluetooth Speaker,2,29.47,58.94,bank_transfer,1,delivered,2025-09-09,6.0,,,
LT-101723,2025-09-03,United States,capital,Electronics,Vertex Ergonomic Mouse,1,21.47,21.47,credit_card,3,delivered,2025-09-06,3.0,,,
LT-102414,2025-09-03,Argentina,urban,Fashion,Pima Cotton Basic Tee (2-pack),1,22.8,22.8,credit_card,6,delivered,2025-09-07,4.0,,,
LT-104246,2025-09-03,Colombia,capital,Electronics,65W Fast Charger,1,25.41,25.41,debit_card,1,delivered,2025-09-09,6.0,,,
LT-101615,2025-09-03,Colombia,urban,Fashion,TrailFit Waterproof Jacket,2,64.38,128.76,digital_wallet,1,delivered,2025-09-05,2.0,,,
LT-100898,2025-09-03,Peru,urban,Fashion,Pima Cotton Basic Tee (2-pack),3,22.25,66.75,cash_on_delivery,1,delivered,2025-09-05,2.0,,,
LT-103628,2025-09-03,United States,capital,Beauty,Complete Skincare Routine Kit,1,34.4,34.4,credit_card,1,delivered,2025-09-06,3.0,,,
LT-101859,2025-09-03,Colombia,capital,Sports,Pro Non-slip Yoga Mat,1,20.78,20.78,debit_card,1,delivered,2025-09-08,5.0,,,
LT-101156,2025-09-03,Peru,capital,Electronics,65W Fast Charger,1,25.97,25.97,bank_transfer,1,delivered,2025-09-07,4.0,,,
LT-101946,2025-09-03,United States,capital,Electronics,360 WiFi Security Camera,1,45.93,45.93,credit_card,1,delivered,2025-09-09,6.0,,,
LT-102862,2025-09-03,Colombia,capital,Fashion,TrailFit Waterproof Jacket,1,66.85,66.85,debit_card,1,delivered,2025-09-07,4.0,,,
LT-103638,2025-09-03,Colombia,extended_zone,Electronics,Nova Wireless Earbuds,1,38.1,38.1,credit_card,12,delivered,2025-09-15,12.0,,,
LT-102555,2025-09-03,Chile,capital,Accessories,14'' Hard Laptop Case,1,18.23,18.23,credit_card,3,delivered,2025-09-06,3.0,,,
LT-100869,2025-09-04,Canada,capital,Fashion,Andino Slim Fit Jeans,1,32.56,32.56,debit_card,1,delivered,2025-09-09,5.0,,,
LT-102780,2025-09-04,Mexico,capital,Fashion,UrbanPack 25L Anti-theft Backpack,1,37.83,37.83,bank_transfer,1,delivered,2025-09-10,6.0,,,
LT-103580,2025-09-04,Mexico,capital,Electronics,360 WiFi Security Camera,2,46.35,92.7,debit_card,1,delivered,2025-09-09,5.0,,,
LT-102102,2025-09-04,Colombia,capital,Fashion,Pima Cotton Basic Tee (2-pack),1,20.84,20.84,digital_wallet,1,delivered,2025-09-07,3.0,2025-09-09,defective_product,rejected
LT-101095,2025-09-04,Mexico,capital,Fashion,TrailFit Waterproof Jacket,3,64.65,193.95,debit_card,1,delivered,2025-09-10,6.0,,,
LT-103256,2025-09-04,United States,capital,Accessories,Interchangeable Watch Strap,1,8.83,8.83,digital_wallet,1,delivered,2025-09-10,6.0,2025-09-14,not_as_described,under_review
LT-100965,2025-09-04,Chile,extended_zone,Beauty,AirStyle Ionic Hair Dryer,1,44.7,44.7,bank_transfer,1,delivered,2025-09-13,9.0,,,
LT-103155,2025-09-04,Peru,urban,Sports,SteelHydro 1L Thermal Bottle,2,17.38,34.76,digital_wallet,1,delivered,2025-09-06,2.0,,,
LT-102719,2025-09-04,United States,extended_zone,Electronics,360 WiFi Security Camera,1,48.13,48.13,debit_card,1,delivered,2025-09-11,7.0,,,
LT-100281,2025-09-04,United States,capital,Electronics,Nova Wireless Earbuds,1,37.92,37.92,digital_wallet,1,delivered,2025-09-09,5.0,,,
LT-102816,2025-09-04,Argentina,capital,Electronics,360 WiFi Security Camera,1,47.96,47.96,bank_transfer,1,delivered,2025-09-07,3.0,,,
LT-103993,2025-09-04,Colombia,capital,Electronics,Nova Wireless Earbuds,1,38.45,38.45,cash_on_delivery,1,delivered,2025-09-09,5.0,,,
LT-103170,2025-09-05,Colombia,capital,Sports,Resistance Bands Set x5,1,14.13,14.13,cash_on_delivery,1,delivered,2025-09-09,4.0,,,
LT-101867,2025-09-05,Argentina,capital,Fashion,TrailFit Waterproof Jacket,1,64.11,64.11,digital_wallet,1,delivered,2025-09-10,5.0,2025-09-18,not_as_described,rejected
LT-103543,2025-09-05,Peru,capital,Electronics,Pulse S2 Smartwatch,1,85.19,85.19,credit_card,6,delivered,2025-09-08,3.0,,,
LT-103653,2025-09-05,Peru,urban,Electronics,Nova Wireless Earbuds,1,39.24,39.24,credit_card,1,delivered,2025-09-08,3.0,2025-09-10,defective_product,under_review
LT-101632,2025-09-05,United States,urban,Electronics,Vertex Ergonomic Mouse,1,21.29,21.29,debit_card,1,delivered,2025-09-07,2.0,,,
LT-100425,2025-09-05,Chile,extended_zone,Electronics,Nova Wireless Earbuds,1,40.64,40.64,debit_card,1,delivered,2025-09-11,6.0,,,
LT-104811,2025-09-05,Mexico,urban,Fashion,Strida Urban Sneakers,1,49.46,49.46,debit_card,1,delivered,2025-09-09,4.0,,,
LT-104647,2025-09-05,Chile,urban,Electronics,Vertex Ergonomic Mouse,1,20.37,20.37,credit_card,6,delivered,2025-09-07,2.0,,,
LT-104436,2025-09-05,Argentina,capital,Electronics,65W Fast Charger,1,24.01,24.01,debit_card,1,delivered,2025-09-08,3.0,,,
LT-104223,2025-09-05,Colombia,extended_zone,Electronics,Pulse S2 Smartwatch,1,83.28,83.28,debit_card,1,delivered,2025-09-14,9.0,,,
LT-101951,2025-09-05,Chile,urban,Fashion,UrbanPack 25L Anti-theft Backpack,1,35.36,35.36,debit_card,1,delivered,2025-09-07,2.0,,,
LT-100823,2025-09-05,United States,urban,Sports,Resistance Bands Set x5,2,13.78,27.56,digital_wallet,1,delivered,2025-09-08,3.0,,,
LT-103615,2025-09-05,Mexico,capital,Electronics,Nova Wireless Earbuds,3,40.35,121.05,debit_card,1,delivered,2025-09-10,5.0,,,
LT-102718,2025-09-05,United States,capital,Electronics,Nova Wireless Earbuds,2,40.49,80.98,credit_card,1,delivered,2025-09-10,5.0,,,
LT-104600,2025-09-05,United States,extended_zone,Electronics,Pulse S2 Smartwatch,1,87.78,87.78,digital_wallet,1,delivered,2025-09-12,7.0,,,
LT-101210,2025-09-05,Argentina,urban,Fashion,Pima Cotton Basic Tee (2-pack),2,21.2,42.4,credit_card,1,delivered,2025-09-08,3.0,,,
LT-100099,2025-09-05,Chile,capital,Beauty,Complete Skincare Routine Kit,1,34.18,34.18,bank_transfer,1,delivered,2025-09-09,4.0,,,
LT-102969,2025-09-06,Chile,extended_zone,Fashion,TrailFit Waterproof Jacket,1,65.22,65.22,digital_wallet,1,delivered,2025-09-18,12.0,,,
LT-101081,2025-09-06,Argentina,capital,Electronics,Boom Mini Bluetooth Speaker,1,28.93,28.93,cash_on_delivery,1,delivered,2025-09-12,6.0,,,
LT-101071,2025-09-06,United States,urban,Electronics,360 WiFi Security Camera,1,47.56,47.56,credit_card,6,delivered,2025-09-09,3.0,,,
LT-104065,2025-09-06,Argentina,capital,Fashion,TrailFit Waterproof Jacket,1,68.9,68.9,debit_card,1,delivered,2025-09-12,6.0,,,
LT-103096,2025-09-06,Argentina,capital,Home,CleanBot Lite Robot Vacuum,1,124.18,124.18,debit_card,1,delivered,2025-09-10,4.0,,,
LT-100347,2025-09-06,Peru,extended_zone,Electronics,Boom Mini Bluetooth Speaker,1,29.02,29.02,credit_card,6,delivered,2025-09-15,9.0,,,
LT-102714,2025-09-06,United States,urban,Electronics,65W Fast Charger,1,26.19,26.19,credit_card,3,delivered,2025-09-10,4.0,,,
LT-100516,2025-09-06,Colombia,capital,Beauty,CeramicPro Hair Straightener,3,36.97,110.91,bank_transfer,1,delivered,2025-09-11,5.0,,,
LT-100856,2025-09-06,Colombia,extended_zone,Electronics,Boom Mini Bluetooth Speaker,1,30.07,30.07,digital_wallet,1,delivered,2025-09-16,10.0,,,
LT-103916,2025-09-06,Mexico,urban,Electronics,Kova K61 Mechanical Keyboard,1,53.26,53.26,digital_wallet,1,delivered,2025-09-10,4.0,,,
LT-104949,2025-09-06,Colombia,urban,Home,Stackable Kitchen Organizer x3,1,16.12,16.12,debit_card,1,delivered,2025-09-10,4.0,,,
LT-100510,2025-09-06,Argentina,urban,Electronics,Pulse S2 Smartwatch,1,87.13,87.13,bank_transfer,1,delivered,2025-09-10,4.0,,,
LT-101814,2025-09-07,United States,extended_zone,Sports,SteelHydro 1L Thermal Bottle,1,15.81,15.81,debit_card,1,delivered,2025-09-15,8.0,,,
LT-101018,2025-09-07,Argentina,urban,Fashion,Andino Slim Fit Jeans,3,33.25,99.75,credit_card,12,delivered,2025-09-09,2.0,,,
LT-104181,2025-09-07,Colombia,capital,Fashion,Strida Urban Sneakers,1,49.32,49.32,bank_transfer,1,delivered,2025-09-13,6.0,,,
LT-103731,2025-09-07,United States,capital,Electronics,Kova K61 Mechanical Keyboard,2,51.11,102.22,credit_card,3,delivered,2025-09-11,4.0,,,
LT-104544,2025-09-07,Canada,capital,Electronics,360 WiFi Security Camera,1,48.81,48.81,digital_wallet,1,delivered,2025-09-13,6.0,,,
LT-102497,2025-09-07,Canada,capital,Electronics,Boom Mini Bluetooth Speaker,1,29.42,29.42,credit_card,3,cancelled,,,,,
LT-104385,2025-09-07,Peru,urban,Electronics,Kova K61 Mechanical Keyboard,1,55.72,55.72,bank_transfer,1,delivered,2025-09-11,4.0,,,
LT-104192,2025-09-07,Mexico,extended_zone,Electronics,Pulse S2 Smartwatch,1,91.84,91.84,bank_transfer,1,delivered,2025-09-18,11.0,,,
LT-104097,2025-09-07,Peru,urban,Electronics,Vertex Ergonomic Mouse,1,20.43,20.43,debit_card,1,delivered,2025-09-09,2.0,,,
LT-100232,2025-09-08,Mexico,capital,Electronics,Vertex Ergonomic Mouse,2,20.02,40.04,digital_wallet,1,delivered,2025-09-13,5.0,,,
LT-100914,2025-09-08,Argentina,extended_zone,Electronics,Vertex Ergonomic Mouse,1,22.43,22.43,credit_card,6,delivered,2025-09-17,9.0,,,
LT-100987,2025-09-08,Peru,urban,Home,Stackable Kitchen Organizer x3,2,15.06,30.12,digital_wallet,1,delivered,2025-09-10,2.0,,,
LT-101875,2025-09-08,Canada,capital,Home,CompactChef 4L Air Fryer,1,79.01,79.01,debit_card,1,delivered,2025-09-12,4.0,,,
LT-104398,2025-09-08,Peru,capital,Electronics,360 WiFi Security Camera,3,46.03,138.09,credit_card,12,delivered,2025-09-12,4.0,,,
LT-101599,2025-09-08,Argentina,urban,Home,Stackable Kitchen Organizer x3,1,14.98,14.98,credit_card,1,delivered,2025-09-10,2.0,,,
LT-103632,2025-09-08,United States,urban,Electronics,Boom Mini Bluetooth Speaker,1,27.59,27.59,credit_card,6,delivered,2025-09-12,4.0,,,
LT-102852,2025-09-08,Colombia,extended_zone,Fashion,TrailFit Waterproof Jacket,1,67.8,67.8,digital_wallet,1,delivered,2025-09-14,6.0,,,
LT-101204,2025-09-08,Mexico,capital,Electronics,360 WiFi Security Camera,1,48.0,48.0,bank_transfer,1,delivered,2025-09-13,5.0,,,
LT-103862,2025-09-08,Peru,extended_zone,Electronics,Vertex Ergonomic Mouse,2,21.6,43.2,credit_card,12,cancelled,,,,,
LT-103345,2025-09-08,Colombia,extended_zone,Electronics,Kova K61 Mechanical Keyboard,1,57.36,57.36,credit_card,1,cancelled,,,,,
LT-104340,2025-09-08,Peru,urban,Electronics,Boom Mini Bluetooth Speaker,1,29.91,29.91,credit_card,6,delivered,2025-09-11,3.0,,,
LT-103460,2025-09-09,United States,urban,Electronics,Kova K61 Mechanical Keyboard,1,55.37,55.37,debit_card,1,delivered,2025-09-12,3.0,,,
LT-103139,2025-09-09,Mexico,capital,Electronics,Nova Wireless Earbuds,3,42.58,127.74,cash_on_delivery,1,delivered,2025-09-13,4.0,,,
LT-103510,2025-09-09,Colombia,urban,Home,Flex LED Desk Lamp,1,18.97,18.97,credit_card,1,delivered,2025-09-12,3.0,,,
LT-102260,2025-09-09,Colombia,urban,Electronics,65W Fast Charger,1,23.34,23.34,digital_wallet,1,delivered,2025-09-12,3.0,,,
LT-104220,2025-09-09,Peru,urban,Electronics,Vertex Ergonomic Mouse,1,21.3,21.3,digital_wallet,1,delivered,2025-09-13,4.0,,,
LT-100738,2025-09-09,Mexico,capital,Beauty,CeramicPro Hair Straightener,1,41.18,41.18,credit_card,1,delivered,2025-09-14,5.0,2025-09-29,wrong_size_or_model,refunded
LT-102081,2025-09-09,Mexico,urban,Electronics,360 WiFi Security Camera,3,46.48,139.44,credit_card,1,delivered,2025-09-13,4.0,,,
LT-101668,2025-09-09,United States,extended_zone,Home,Stackable Kitchen Organizer x3,1,15.37,15.37,credit_card,6,delivered,2025-09-15,6.0,,,
LT-104381,2025-09-09,Colombia,extended_zone,Home,Stackable Kitchen Organizer x3,1,16.31,16.31,credit_card,1,delivered,2025-09-20,11.0,,,
LT-104610,2025-09-09,Chile,urban,Sports,Pro Non-slip Yoga Mat,1,21.19,21.19,digital_wallet,1,delivered,2025-09-11,2.0,,,
LT-101405,2025-09-09,Peru,capital,Accessories,14'' Hard Laptop Case,1,17.86,17.86,digital_wallet,1,delivered,2025-09-12,3.0,,,
LT-100427,2025-09-09,Chile,capital,Fashion,TrailFit Waterproof Jacket,1,61.34,61.34,credit_card,3,delivered,2025-09-13,4.0,,,
LT-103238,2025-09-09,Argentina,extended_zone,Electronics,65W Fast Charger,1,23.17,23.17,bank_transfer,1,delivered,2025-09-16,7.0,,,
LT-100243,2025-09-09,Mexico,urban,Electronics,Pulse S2 Smartwatch,1,90.66,90.66,debit_card,1,delivered,2025-09-13,4.0,,,
LT-102922,2025-09-09,Colombia,urban,Home,CompactChef 4L Air Fryer,1,69.92,69.92,bank_transfer,1,delivered,2025-09-11,2.0,,,
LT-100055,2025-09-09,Mexico,extended_zone,Fashion,Pima Cotton Basic Tee (2-pack),1,22.4,22.4,credit_card,1,delivered,2025-09-21,12.0,,,
LT-102195,2025-09-10,United States,capital,Electronics,360 WiFi Security Camera,1,49.62,49.62,debit_card,1,delivered,2025-09-14,4.0,,,
LT-103314,2025-09-10,Chile,extended_zone,Electronics,65W Fast Charger,1,26.31,26.31,credit_card,1,delivered,2025-09-21,11.0,,,
LT-103913,2025-09-10,Canada,capital,Electronics,Kova K61 Mechanical Keyboard,2,51.42,102.84,digital_wallet,1,delivered,2025-09-14,4.0,,,
LT-104642,2025-09-10,United States,capital,Home,Premium Queen Bedsheet Set,1,42.55,42.55,cash_on_delivery,1,delivered,2025-09-13,3.0,,,
LT-100507,2025-09-10,Mexico,urban,Sports,Resistance Bands Set x5,1,12.96,12.96,credit_card,1,delivered,2025-09-14,4.0,,,
LT-100925,2025-09-10,Colombia,capital,Accessories,Foldable Phone Stand,1,10.05,10.05,bank_transfer,1,delivered,2025-09-13,3.0,,,
LT-100939,2025-09-10,Chile,extended_zone,Home,Premium Queen Bedsheet Set,1,43.47,43.47,credit_card,6,delivered,2025-09-18,8.0,,,
LT-100769,2025-09-10,Peru,urban,Electronics,Kova K61 Mechanical Keyboard,1,51.04,51.04,credit_card,12,delivered,2025-09-14,4.0,,,
LT-103396,2025-09-10,Peru,urban,Electronics,Vertex Ergonomic Mouse,1,20.79,20.79,digital_wallet,1,cancelled,,,,,
LT-103162,2025-09-10,United States,capital,Sports,Resistance Bands Set x5,1,13.42,13.42,cash_on_delivery,1,delivered,2025-09-15,5.0,,,
LT-102928,2025-09-10,Argentina,extended_zone,Home,Premium Queen Bedsheet Set,1,39.91,39.91,bank_transfer,1,delivered,2025-09-16,6.0,,,
LT-104968,2025-09-10,Chile,urban,Home,CompactChef 4L Air Fryer,2,73.91,147.82,debit_card,1,delivered,2025-09-14,4.0,,,
LT-101728,2025-09-10,Mexico,urban,Home,Flex LED Desk Lamp,1,18.84,18.84,credit_card,1,delivered,2025-09-14,4.0,,,
LT-102997,2025-09-10,United States,urban,Home,CompactChef 4L Air Fryer,1,79.49,79.49,digital_wallet,1,delivered,2025-09-12,2.0,,,
LT-104347,2025-09-11,Colombia,capital,Electronics,360 WiFi Security Camera,1,50.03,50.03,bank_transfer,1,delivered,2025-09-17,6.0,,,
LT-101600,2025-09-11,Argentina,urban,Electronics,Kova K61 Mechanical Keyboard,2,56.41,112.82,credit_card,1,delivered,2025-09-15,4.0,,,
LT-103777,2025-09-11,Peru,capital,Home,Stackable Kitchen Organizer x3,1,15.69,15.69,credit_card,6,delivered,2025-09-17,6.0,,,
LT-104874,2025-09-11,Canada,capital,Fashion,Strida Urban Sneakers,1,49.99,49.99,digital_wallet,1,delivered,2025-09-17,6.0,,,
LT-102708,2025-09-11,Canada,capital,Sports,Pro Non-slip Yoga Mat,1,18.78,18.78,debit_card,1,delivered,2025-09-15,4.0,,,
LT-101196,2025-09-11,Mexico,extended_zone,Home,Premium Queen Bedsheet Set,2,42.95,85.9,credit_card,1,delivered,2025-09-16,5.0,,,
LT-102924,2025-09-11,Peru,urban,Fashion,Pima Cotton Basic Tee (2-pack),2,22.32,44.64,credit_card,1,delivered,2025-09-14,3.0,,,
LT-104362,2025-09-11,United States,urban,Home,CleanBot Lite Robot Vacuum,1,128.62,128.62,credit_card,1,delivered,2025-09-15,4.0,,,
LT-103092,2025-09-11,Mexico,urban,Home,CleanBot Lite Robot Vacuum,2,129.44,258.88,credit_card,6,delivered,2025-09-13,2.0,,,
LT-102084,2025-09-11,Colombia,urban,Fashion,Strida Urban Sneakers,1,52.46,52.46,debit_card,1,delivered,2025-09-15,4.0,2025-09-18,changed_mind,refunded
LT-103186,2025-09-11,Mexico,capital,Fashion,Strida Urban Sneakers,1,48.43,48.43,digital_wallet,1,delivered,2025-09-15,4.0,2025-09-25,wrong_size_or_model,under_review
LT-102299,2025-09-11,Argentina,urban,Home,CleanBot Lite Robot Vacuum,1,131.95,131.95,credit_card,1,delivered,2025-09-13,2.0,,,
LT-104296,2025-09-11,United States,capital,Fashion,TrailFit Waterproof Jacket,1,66.14,66.14,credit_card,1,delivered,2025-09-16,5.0,,,
LT-100170,2025-09-11,Argentina,urban,Electronics,Pulse S2 Smartwatch,1,94.27,94.27,digital_wallet,1,delivered,2025-09-13,2.0,2025-09-15,arrived_damaged,under_review
LT-102413,2025-09-11,Colombia,capital,Electronics,65W Fast Charger,2,26.19,52.38,digital_wallet,1,delivered,2025-09-17,6.0,,,
LT-101500,2025-09-11,United States,urban,Electronics,Nova Wireless Earbuds,1,38.08,38.08,credit_card,3,cancelled,,,,,
LT-102696,2025-09-11,Chile,extended_zone,Fashion,Andino Slim Fit Jeans,1,33.3,33.3,bank_transfer,1,delivered,2025-09-22,11.0,,,
LT-101915,2025-09-11,Mexico,capital,Electronics,Vertex Ergonomic Mouse,1,20.38,20.38,debit_card,1,delivered,2025-09-14,3.0,2025-09-21,defective_product,refunded
LT-101562,2025-09-11,Canada,urban,Fashion,TrailFit Waterproof Jacket,1,64.49,64.49,bank_transfer,1,delivered,2025-09-13,2.0,,,
LT-102903,2025-09-11,Peru,urban,Fashion,Strida Urban Sneakers,1,49.15,49.15,bank_transfer,1,delivered,2025-09-13,2.0,2025-09-14,defective_product,rejected
LT-102680,2025-09-12,Chile,extended_zone,Electronics,Kova K61 Mechanical Keyboard,1,57.53,57.53,credit_card,12,delivered,2025-09-20,8.0,,,
LT-103505,2025-09-12,Canada,capital,Home,Premium Queen Bedsheet Set,1,43.42,43.42,digital_wallet,1,delivered,2025-09-17,5.0,,,
LT-100634,2025-09-12,Argentina,urban,Electronics,65W Fast Charger,2,25.43,50.86,cash_on_delivery,1,delivered,2025-09-15,3.0,,,
LT-102941,2025-09-12,Mexico,capital,Electronics,Kova K61 Mechanical Keyboard,1,52.28,52.28,credit_card,3,delivered,2025-09-15,3.0,,,
LT-103977,2025-09-12,Chile,extended_zone,Electronics,Vertex Ergonomic Mouse,2,19.7,39.4,credit_card,1,delivered,2025-09-19,7.0,,,
LT-100749,2025-09-12,Argentina,capital,Fashion,Andino Slim Fit Jeans,3,34.41,103.23,digital_wallet,1,delivered,2025-09-18,6.0,,,
LT-104345,2025-09-12,Mexico,capital,Electronics,Nova Wireless Earbuds,3,41.6,124.8,digital_wallet,1,delivered,2025-09-17,5.0,,,
LT-103939,2025-09-12,Canada,capital,Electronics,Vertex Ergonomic Mouse,3,21.31,63.93,bank_transfer,1,delivered,2025-09-16,4.0,,,
LT-103871,2025-09-12,United States,urban,Accessories,Foldable Phone Stand,1,10.03,10.03,credit_card,1,delivered,2025-09-14,2.0,,,
LT-104565,2025-09-12,Colombia,urban,Electronics,360 WiFi Security Camera,1,47.75,47.75,debit_card,1,cancelled,,,,,
LT-104893,2025-09-12,Colombia,capital,Electronics,Vertex Ergonomic Mouse,1,21.56,21.56,debit_card,1,delivered,2025-09-18,6.0,,,
LT-102369,2025-09-12,Chile,extended_zone,Sports,Adjustable Dumbbells 2x10kg,1,58.7,58.7,debit_card,1,delivered,2025-09-24,12.0,,,
LT-101935,2025-09-12,Mexico,urban,Electronics,Boom Mini Bluetooth Speaker,1,28.64,28.64,credit_card,12,delivered,2025-09-15,3.0,,,
LT-100826,2025-09-12,Mexico,extended_zone,Home,Premium Queen Bedsheet Set,2,41.7,83.4,credit_card,3,delivered,2025-09-17,5.0,,,
LT-101886,2025-09-12,Peru,capital,Sports,Resistance Bands Set x5,1,14.81,14.81,credit_card,3,delivered,2025-09-15,3.0,,,
LT-104569,2025-09-13,Mexico,capital,Electronics,Pulse S2 Smartwatch,1,91.42,91.42,cash_on_delivery,1,delivered,2025-09-19,6.0,2025-09-21,defective_product,refunded
LT-100674,2025-09-13,Peru,urban,Electronics,Kova K61 Mechanical Keyboard,1,50.55,50.55,credit_card,12,delivered,2025-09-17,4.0,,,
LT-102449,2025-09-13,Peru,urban,Sports,SteelHydro 1L Thermal Bottle,1,17.44,17.44,credit_card,1,delivered,2025-09-16,3.0,,,
LT-100166,2025-09-13,Peru,capital,Electronics,65W Fast Charger,1,25.28,25.28,debit_card,1,delivered,2025-09-18,5.0,,,
LT-101918,2025-09-13,United States,extended_zone,Home,Flex LED Desk Lamp,1,17.57,17.57,credit_card,3,delivered,2025-09-22,9.0,,,
LT-104822,2025-09-13,Argentina,capital,Sports,Resistance Bands Set x5,1,14.83,14.83,credit_card,12,delivered,2025-09-18,5.0,,,
LT-100086,2025-09-13,Argentina,capital,Electronics,360 WiFi Security Camera,1,49.31,49.31,credit_card,1,delivered,2025-09-19,6.0,,,
LT-102253,2025-09-13,Colombia,urban,Home,Premium Queen Bedsheet Set,1,44.79,44.79,digital_wallet,1,delivered,2025-09-16,3.0,2025-10-01,changed_mind,rejected
LT-102874,2025-09-13,United States,urban,Home,Premium Queen Bedsheet Set,1,44.11,44.11,credit_card,1,delivered,2025-09-16,3.0,2025-09-21,wrong_size_or_model,refunded
LT-101125,2025-09-13,Mexico,capital,Electronics,Boom Mini Bluetooth Speaker,1,30.33,30.33,credit_card,1,delivered,2025-09-18,5.0,,,
LT-100860,2025-09-13,Peru,urban,Electronics,360 WiFi Security Camera,1,46.45,46.45,bank_transfer,1,delivered,2025-09-17,4.0,2025-10-22,changed_mind,rejected
LT-103097,2025-09-14,United States,urban,Fashion,TrailFit Waterproof Jacket,1,62.24,62.24,credit_card,12,delivered,2025-09-17,3.0,,,
LT-104680,2025-09-14,Mexico,capital,Electronics,Vertex Ergonomic Mouse,2,20.85,41.7,credit_card,3,cancelled,,,,,
LT-104199,2025-09-14,Chile,urban,Fashion,TrailFit Waterproof Jacket,1,60.59,60.59,cash_on_delivery,1,delivered,2025-09-18,4.0,,,
LT-103073,2025-09-14,Chile,urban,Fashion,Pima Cotton Basic Tee (2-pack),1,23.3,23.3,cash_on_delivery,1,delivered,2025-09-18,4.0,,,
LT-103356,2025-09-14,Peru,extended_zone,Beauty,AirStyle Ionic Hair Dryer,1,45.72,45.72,digital_wallet,1,delivered,2025-09-20,6.0,,,
LT-100733,2025-09-14,Canada,capital,Electronics,Pulse S2 Smartwatch,1,84.86,84.86,digital_wallet,1,delivered,2025-09-17,3.0,,,
LT-101984,2025-09-14,Colombia,extended_zone,Electronics,65W Fast Charger,1,25.22,25.22,debit_card,1,delivered,2025-09-22,8.0,,,
LT-103489,2025-09-14,Colombia,urban,Electronics,360 WiFi Security Camera,1,48.65,48.65,bank_transfer,1,delivered,2025-09-17,3.0,,,
LT-101592,2025-09-14,Colombia,urban,Home,Stackable Kitchen Organizer x3,1,15.22,15.22,credit_card,12,delivered,2025-09-18,4.0,2025-09-25,wrong_size_or_model,refunded
LT-102448,2025-09-14,Colombia,capital,Fashion,UrbanPack 25L Anti-theft Backpack,1,37.69,37.69,digital_wallet,1,delivered,2025-09-17,3.0,,,
LT-104178,2025-09-14,United States,urban,Home,Premium Queen Bedsheet Set,1,44.15,44.15,digital_wallet,1,delivered,2025-09-18,4.0,,,
LT-104428,2025-09-14,Colombia,capital,Fashion,Andino Slim Fit Jeans,1,33.56,33.56,debit_card,1,delivered,2025-09-18,4.0,,,
LT-100390,2025-09-14,Peru,urban,Beauty,CeramicPro Hair Straightener,1,37.92,37.92,debit_card,1,delivered,2025-09-18,4.0,,,
LT-100433,2025-09-14,Argentina,urban,Electronics,Kova K61 Mechanical Keyboard,1,55.33,55.33,cash_on_delivery,1,delivered,2025-09-16,2.0,,,
LT-101414,2025-09-15,Mexico,urban,Electronics,Pulse S2 Smartwatch,1,82.97,82.97,credit_card,3,delivered,2025-09-19,4.0,,,
LT-104722,2025-09-15,Mexico,capital,Electronics,Pulse S2 Smartwatch,1,94.34,94.34,debit_card,1,delivered,2025-09-18,3.0,,,
LT-102611,2025-09-15,Peru,extended_zone,Electronics,Nova Wireless Earbuds,1,42.27,42.27,debit_card,1,delivered,2025-09-27,12.0,,,
LT-102347,2025-09-15,Peru,extended_zone,Electronics,Vertex Ergonomic Mouse,1,21.95,21.95,digital_wallet,1,delivered,2025-09-27,12.0,,,
LT-104619,2025-09-15,Colombia,capital,Fashion,Pima Cotton Basic Tee (2-pack),1,22.56,22.56,credit_card,1,delivered,2025-09-19,4.0,,,
LT-102331,2025-09-15,Colombia,urban,Home,Premium Queen Bedsheet Set,1,40.99,40.99,credit_card,3,delivered,2025-09-17,2.0,,,
LT-100239,2025-09-15,Peru,extended_zone,Electronics,360 WiFi Security Camera,1,49.31,49.31,debit_card,1,delivered,2025-09-21,6.0,,,
LT-103113,2025-09-15,Mexico,capital,Sports,Pro Non-slip Yoga Mat,1,19.7,19.7,cash_on_delivery,1,delivered,2025-09-19,4.0,,,
LT-103589,2025-09-15,Mexico,urban,Electronics,Vertex Ergonomic Mouse,3,22.17,66.51,credit_card,3,delivered,2025-09-18,3.0,,,
LT-102095,2025-09-16,Chile,capital,Fashion,Andino Slim Fit Jeans,1,31.57,31.57,credit_card,3,delivered,2025-09-22,6.0,,,
LT-102393,2025-09-16,Chile,urban,Home,Flex LED Desk Lamp,1,18.7,18.7,bank_transfer,1,delivered,2025-09-20,4.0,,,
LT-104041,2025-09-16,Canada,urban,Home,Stackable Kitchen Organizer x3,1,16.15,16.15,bank_transfer,1,delivered,2025-09-18,2.0,,,
LT-100303,2025-09-16,Peru,capital,Fashion,TrailFit Waterproof Jacket,1,61.47,61.47,credit_card,12,delivered,2025-09-21,5.0,,,
LT-100202,2025-09-16,Argentina,urban,Fashion,TrailFit Waterproof Jacket,2,66.22,132.44,debit_card,1,delivered,2025-09-20,4.0,,,
LT-101491,2025-09-16,Colombia,urban,Sports,Pro Non-slip Yoga Mat,2,19.88,39.76,credit_card,1,delivered,2025-09-20,4.0,,,
LT-101269,2025-09-16,Colombia,capital,Home,Stackable Kitchen Organizer x3,1,15.37,15.37,credit_card,3,delivered,2025-09-19,3.0,,,
LT-101376,2025-09-16,Peru,extended_zone,Beauty,CeramicPro Hair Straightener,1,38.4,38.4,debit_card,1,delivered,2025-09-28,12.0,,,
LT-103677,2025-09-16,Mexico,urban,Electronics,Boom Mini Bluetooth Speaker,1,28.31,28.31,debit_card,1,delivered,2025-09-18,2.0,,,
LT-100062,2025-09-16,Chile,urban,Electronics,360 WiFi Security Camera,1,49.35,49.35,digital_wallet,1,delivered,2025-09-18,2.0,,,
LT-100083,2025-09-16,Colombia,urban,Fashion,Andino Slim Fit Jeans,1,30.35,30.35,debit_card,1,delivered,2025-09-18,2.0,,,
LT-101573,2025-09-16,Mexico,urban,Home,Premium Queen Bedsheet Set,1,42.3,42.3,debit_card,1,delivered,2025-09-18,2.0,,,
LT-102609,2025-09-16,United States,capital,Fashion,TrailFit Waterproof Jacket,1,66.2,66.2,credit_card,3,delivered,2025-09-19,3.0,,,
LT-104712,2025-09-16,Mexico,capital,Fashion,TrailFit Waterproof Jacket,1,62.71,62.71,debit_card,1,delivered,2025-09-20,4.0,,,
LT-101980,2025-09-16,Peru,extended_zone,Fashion,UrbanPack 25L Anti-theft Backpack,1,38.83,38.83,credit_card,6,delivered,2025-09-26,10.0,,,
LT-102577,2025-09-16,Colombia,capital,Electronics,Vertex Ergonomic Mouse,1,20.81,20.81,debit_card,1,delivered,2025-09-20,4.0,,,
LT-102180,2025-09-16,United States,capital,Fashion,Pima Cotton Basic Tee (2-pack),1,23.38,23.38,credit_card,1,delivered,2025-09-21,5.0,,,
LT-101434,2025-09-16,Peru,capital,Fashion,UrbanPack 25L Anti-theft Backpack,2,38.21,76.42,digital_wallet,1,delivered,2025-09-22,6.0,,,
LT-104975,2025-09-16,Chile,extended_zone,Beauty,AirStyle Ionic Hair Dryer,1,43.22,43.22,digital_wallet,1,delivered,2025-09-23,7.0,,,
LT-103980,2025-09-16,Argentina,capital,Sports,Resistance Bands Set x5,1,13.6,13.6,digital_wallet,1,delivered,2025-09-21,5.0,,,
LT-101367,2025-09-17,United States,capital,Electronics,Boom Mini Bluetooth Speaker,1,28.78,28.78,debit_card,1,delivered,2025-09-20,3.0,,,
LT-104612,2025-09-17,United States,extended_zone,Electronics,360 WiFi Security Camera,2,50.15,100.3,debit_card,1,delivered,2025-09-29,12.0,2025-10-14,not_as_described,refunded
LT-103039,2025-09-17,Canada,urban,Sports,Pro Non-slip Yoga Mat,1,19.62,19.62,debit_card,1,delivered,2025-09-19,2.0,,,
LT-104798,2025-09-17,Mexico,urban,Home,Stackable Kitchen Organizer x3,2,14.95,29.9,bank_transfer,1,delivered,2025-09-19,2.0,,,
LT-103499,2025-09-17,Colombia,urban,Sports,Pro Non-slip Yoga Mat,3,20.61,61.83,debit_card,1,delivered,2025-09-21,4.0,,,
LT-102145,2025-09-17,Chile,extended_zone,Home,Flex LED Desk Lamp,1,17.95,17.95,credit_card,1,delivered,2025-09-26,9.0,,,
LT-101155,2025-09-17,Colombia,urban,Sports,Resistance Bands Set x5,1,13.15,13.15,debit_card,1,delivered,2025-09-19,2.0,,,
LT-103983,2025-09-17,Colombia,capital,Accessories,Vista Polarized Sunglasses,1,27.62,27.62,debit_card,1,cancelled,,,,,
LT-103160,2025-09-17,United States,urban,Home,CleanBot Lite Robot Vacuum,1,132.88,132.88,digital_wallet,1,delivered,2025-09-19,2.0,,,
LT-102288,2025-09-17,Chile,capital,Electronics,Nova Wireless Earbuds,1,38.76,38.76,credit_card,1,delivered,2025-09-23,6.0,,,
LT-100440,2025-09-17,Colombia,urban,Electronics,Pulse S2 Smartwatch,1,82.94,82.94,credit_card,12,cancelled,,,,,
LT-103535,2025-09-17,Mexico,urban,Electronics,Kova K61 Mechanical Keyboard,1,54.94,54.94,debit_card,1,cancelled,,,,,
LT-104986,2025-09-17,Colombia,urban,Home,Premium Queen Bedsheet Set,1,39.1,39.1,debit_card,1,delivered,2025-09-21,4.0,,,
LT-102256,2025-09-17,Chile,capital,Home,Premium Queen Bedsheet Set,1,44.54,44.54,credit_card,1,delivered,2025-09-21,4.0,,,
LT-102742,2025-09-17,Mexico,extended_zone,Fashion,TrailFit Waterproof Jacket,1,67.58,67.58,digital_wallet,1,delivered,2025-09-22,5.0,,,
LT-100841,2025-09-17,Mexico,urban,Electronics,Pulse S2 Smartwatch,1,82.82,82.82,credit_card,1,delivered,2025-09-21,4.0,,,
LT-100030,2025-09-17,Peru,urban,Sports,SteelHydro 1L Thermal Bottle,1,16.16,16.16,credit_card,1,delivered,2025-09-19,2.0,,,
LT-104566,2025-09-17,United States,capital,Home,CleanBot Lite Robot Vacuum,2,135.29,270.58,digital_wallet,1,delivered,2025-09-21,4.0,,,
LT-104322,2025-09-17,Mexico,urban,Electronics,Boom Mini Bluetooth Speaker,1,29.1,29.1,bank_transfer,1,delivered,2025-09-19,2.0,,,
LT-103199,2025-09-18,United States,capital,Home,Stackable Kitchen Organizer x3,1,15.54,15.54,credit_card,1,delivered,2025-09-23,5.0,,,
LT-101029,2025-09-18,United States,urban,Fashion,Andino Slim Fit Jeans,3,34.3,102.9,credit_card,3,delivered,2025-09-22,4.0,,,
LT-102298,2025-09-18,Colombia,urban,Beauty,Complete Skincare Routine Kit,2,36.21,72.42,cash_on_delivery,1,delivered,2025-09-22,4.0,,,
LT-101406,2025-09-18,Argentina,urban,Sports,Pro Non-slip Yoga Mat,1,20.96,20.96,digital_wallet,1,delivered,2025-09-22,4.0,,,
LT-103578,2025-09-18,Chile,urban,Sports,Adjustable Dumbbells 2x10kg,1,57.55,57.55,cash_on_delivery,1,delivered,2025-09-22,4.0,,,
LT-104061,2025-09-18,Colombia,extended_zone,Electronics,65W Fast Charger,1,24.71,24.71,debit_card,1,delivered,2025-09-23,5.0,,,
LT-103949,2025-09-18,Chile,capital,Sports,SteelHydro 1L Thermal Bottle,1,17.06,17.06,credit_card,12,delivered,2025-09-23,5.0,,,
LT-100323,2025-09-18,Argentina,capital,Sports,SteelHydro 1L Thermal Bottle,3,15.83,47.49,digital_wallet,1,delivered,2025-09-24,6.0,,,
LT-101338,2025-09-18,Canada,capital,Electronics,Pulse S2 Smartwatch,1,90.56,90.56,credit_card,3,cancelled,,,,,
LT-100558,2025-09-18,Colombia,extended_zone,Beauty,CeramicPro Hair Straightener,1,36.57,36.57,credit_card,3,delivered,2025-09-27,9.0,2025-10-03,not_as_described,rejected
LT-101082,2025-09-18,Mexico,extended_zone,Electronics,Boom Mini Bluetooth Speaker,2,29.85,59.7,debit_card,1,delivered,2025-09-27,9.0,2025-09-29,defective_product,refunded
LT-100951,2025-09-19,Chile,extended_zone,Sports,Pro Non-slip Yoga Mat,2,18.51,37.02,credit_card,1,delivered,2025-09-24,5.0,,,
LT-103080,2025-09-19,Colombia,extended_zone,Beauty,CeramicPro Hair Straightener,1,41.4,41.4,credit_card,6,delivered,2025-09-27,8.0,,,
LT-100415,2025-09-19,Colombia,capital,Home,Premium Queen Bedsheet Set,2,39.61,79.22,credit_card,6,delivered,2025-09-25,6.0,,,
LT-103721,2025-09-19,United States,urban,Home,Premium Queen Bedsheet Set,2,42.8,85.6,digital_wallet,1,cancelled,,,,,
LT-104740,2025-09-19,Mexico,extended_zone,Electronics,Nova Wireless Earbuds,1,40.44,40.44,debit_card,1,delivered,2025-09-30,11.0,,,
LT-103601,2025-09-19,Peru,urban,Fashion,Pima Cotton Basic Tee (2-pack),1,21.28,21.28,credit_card,3,delivered,2025-09-21,2.0,,,
LT-100167,2025-09-19,Argentina,capital,Home,Stackable Kitchen Organizer x3,2,16.35,32.7,bank_transfer,1,delivered,2025-09-25,6.0,,,
LT-100523,2025-09-19,Mexico,extended_zone,Fashion,Andino Slim Fit Jeans,2,30.26,60.52,credit_card,3,delivered,2025-09-24,5.0,,,
LT-102887,2025-09-19,United States,capital,Accessories,14'' Hard Laptop Case,1,16.29,16.29,digital_wallet,1,delivered,2025-09-23,4.0,,,
LT-104479,2025-09-19,Peru,capital,Beauty,Complete Skincare Routine Kit,1,34.14,34.14,cash_on_delivery,1,delivered,2025-09-25,6.0,,,
LT-102488,2025-09-19,Colombia,capital,Fashion,Strida Urban Sneakers,1,50.16,50.16,debit_card,1,delivered,2025-09-25,6.0,,,
LT-104224,2025-09-19,Colombia,capital,Fashion,Strida Urban Sneakers,1,46.52,46.52,bank_transfer,1,delivered,2025-09-23,4.0,,,
LT-103206,2025-09-19,Mexico,urban,Electronics,Kova K61 Mechanical Keyboard,2,54.6,109.2,credit_card,3,delivered,2025-09-22,3.0,,,
LT-104547,2025-09-20,Colombia,urban,Accessories,Vista Polarized Sunglasses,1,27.0,27.0,debit_card,1,delivered,2025-09-22,2.0,,,
LT-104773,2025-09-20,Mexico,capital,Home,CompactChef 4L Air Fryer,1,77.88,77.88,credit_card,1,delivered,2025-09-25,5.0,,,
LT-104393,2025-09-20,Mexico,capital,Fashion,TrailFit Waterproof Jacket,1,63.39,63.39,credit_card,6,delivered,2025-09-26,6.0,,,
LT-102667,2025-09-20,Canada,capital,Beauty,Complete Skincare Routine Kit,1,34.49,34.49,digital_wallet,1,delivered,2025-09-23,3.0,,,
LT-101202,2025-09-20,Mexico,urban,Electronics,65W Fast Charger,1,23.66,23.66,bank_transfer,1,delivered,2025-09-24,4.0,,,
LT-101568,2025-09-20,Mexico,extended_zone,Home,CompactChef 4L Air Fryer,2,76.09,152.18,debit_card,1,delivered,2025-09-27,7.0,,,
LT-104536,2025-09-20,United States,extended_zone,Electronics,Vertex Ergonomic Mouse,2,20.98,41.96,digital_wallet,1,delivered,2025-09-27,7.0,,,
LT-100042,2025-09-20,Argentina,capital,Fashion,Strida Urban Sneakers,1,50.82,50.82,debit_card,1,delivered,2025-09-26,6.0,,,
LT-102065,2025-09-20,Argentina,extended_zone,Fashion,Strida Urban Sneakers,2,48.85,97.7,credit_card,1,delivered,2025-10-01,11.0,,,
LT-101135,2025-09-20,Mexico,urban,Beauty,Complete Skincare Routine Kit,1,37.47,37.47,digital_wallet,1,delivered,2025-09-22,2.0,,,
LT-104207,2025-09-20,Peru,capital,Beauty,Complete Skincare Routine Kit,2,35.69,71.38,digital_wallet,1,delivered,2025-09-25,5.0,2025-09-26,changed_mind,rejected
LT-101340,2025-09-21,Mexico,urban,Electronics,360 WiFi Security Camera,1,50.76,50.76,credit_card,3,delivered,2025-09-24,3.0,,,
LT-101136,2025-09-21,Chile,urban,Electronics,Pulse S2 Smartwatch,2,87.18,174.36,credit_card,1,delivered,2025-09-24,3.0,,,
LT-103058,2025-09-21,United States,urban,Home,Stackable Kitchen Organizer x3,1,15.22,15.22,credit_card,6,delivered,2025-09-24,3.0,,,
LT-102960,2025-09-21,United States,urban,Accessories,Vista Polarized Sunglasses,1,25.7,25.7,debit_card,1,delivered,2025-09-23,2.0,,,
LT-101569,2025-09-21,United States,urban,Electronics,360 WiFi Security Camera,1,45.38,45.38,debit_card,1,delivered,2025-09-24,3.0,,,
LT-103872,2025-09-21,Argentina,capital,Fashion,Pima Cotton Basic Tee (2-pack),2,22.19,44.38,debit_card,1,delivered,2025-09-26,5.0,,,
LT-102312,2025-09-21,Mexico,capital,Home,Stackable Kitchen Organizer x3,1,15.83,15.83,credit_card,6,delivered,2025-09-25,4.0,,,
LT-101734,2025-09-21,Argentina,capital,Fashion,UrbanPack 25L Anti-theft Backpack,1,40.41,40.41,digital_wallet,1,delivered,2025-09-24,3.0,2025-10-03,defective_product,rejected
LT-100184,2025-09-21,Argentina,urban,Electronics,360 WiFi Security Camera,1,49.36,49.36,cash_on_delivery,1,delivered,2025-09-25,4.0,,,
LT-101839,2025-09-21,Mexico,capital,Sports,Pro Non-slip Yoga Mat,2,19.59,39.18,bank_transfer,1,delivered,2025-09-26,5.0,2025-09-29,not_as_described,refunded
LT-100346,2025-09-21,United States,urban,Home,Flex LED Desk Lamp,1,18.76,18.76,credit_card,3,delivered,2025-09-23,2.0,,,
LT-100000,2025-09-22,Mexico,urban,Electronics,360 WiFi Security Camera,1,44.54,44.54,debit_card,1,delivered,2025-09-24,2.0,,,
LT-103712,2025-09-22,Canada,capital,Fashion,Pima Cotton Basic Tee (2-pack),1,22.6,22.6,credit_card,1,cancelled,,,,,
LT-103625,2025-09-22,Mexico,capital,Fashion,Andino Slim Fit Jeans,1,31.16,31.16,credit_card,6,delivered,2025-09-26,4.0,,,
LT-103896,2025-09-22,Chile,capital,Electronics,Pulse S2 Smartwatch,1,89.31,89.31,credit_card,12,delivered,2025-09-28,6.0,,,
LT-103971,2025-09-22,Chile,capital,Electronics,360 WiFi Security Camera,1,50.59,50.59,debit_card,1,delivered,2025-09-26,4.0,,,
LT-100413,2025-09-22,Colombia,urban,Electronics,Vertex Ergonomic Mouse,1,21.14,21.14,credit_card,3,delivered,2025-09-24,2.0,,,
LT-102869,2025-09-22,Mexico,capital,Electronics,360 WiFi Security Camera,1,48.3,48.3,cash_on_delivery,1,delivered,2025-09-28,6.0,,,
LT-101167,2025-09-22,Peru,capital,Home,CleanBot Lite Robot Vacuum,1,130.77,130.77,bank_transfer,1,delivered,2025-09-28,6.0,2025-10-06,changed_mind,rejected
LT-101206,2025-09-22,Chile,urban,Fashion,Pima Cotton Basic Tee (2-pack),2,22.59,45.18,cash_on_delivery,1,delivered,2025-09-26,4.0,,,
LT-101219,2025-09-22,United States,urban,Sports,SteelHydro 1L Thermal Bottle,1,17.65,17.65,credit_card,1,delivered,2025-09-25,3.0,,,
LT-104768,2025-09-22,United States,capital,Accessories,Vista Polarized Sunglasses,1,27.17,27.17,bank_transfer,1,delivered,2025-09-27,5.0,,,
LT-101497,2025-09-22,United States,urban,Home,Premium Queen Bedsheet Set,1,40.44,40.44,debit_card,1,delivered,2025-09-25,3.0,,,
LT-101301,2025-09-23,Colombia,urban,Beauty,CeramicPro Hair Straightener,1,39.28,39.28,debit_card,1,delivered,2025-09-27,4.0,,,
LT-100822,2025-09-23,United States,capital,Beauty,Complete Skincare Routine Kit,1,33.86,33.86,debit_card,1,delivered,2025-09-29,6.0,,,
LT-104955,2025-09-23,Colombia,urban,Sports,Pro Non-slip Yoga Mat,1,19.67,19.67,bank_transfer,1,delivered,2025-09-27,4.0,,,
LT-102020,2025-09-23,Mexico,capital,Home,Premium Queen Bedsheet Set,1,40.89,40.89,debit_card,1,delivered,2025-09-29,6.0,2025-09-30,arrived_damaged,rejected
LT-103765,2025-09-23,United States,urban,Home,Flex LED Desk Lamp,1,19.11,19.11,credit_card,1,delivered,2025-09-26,3.0,,,
LT-103773,2025-09-23,Colombia,urban,Accessories,Interchangeable Watch Strap,1,8.99,8.99,debit_card,1,delivered,2025-09-26,3.0,,,
LT-104852,2025-09-23,Colombia,urban,Fashion,Pima Cotton Basic Tee (2-pack),2,21.38,42.76,debit_card,1,delivered,2025-09-25,2.0,2025-10-07,changed_mind,rejected
LT-103900,2025-09-23,Argentina,urban,Electronics,Pulse S2 Smartwatch,1,89.86,89.86,cash_on_delivery,1,delivered,2025-09-27,4.0,,,
LT-103943,2025-09-23,Canada,extended_zone,Electronics,Vertex Ergonomic Mouse,2,20.78,41.56,digital_wallet,1,delivered,2025-10-03,10.0,,,
LT-103945,2025-09-23,Argentina,urban,Electronics,Pulse S2 Smartwatch,2,91.33,182.66,credit_card,3,delivered,2025-09-25,2.0,,,
LT-100524,2025-09-23,Mexico,capital,Beauty,Complete Skincare Routine Kit,1,35.36,35.36,cash_on_delivery,1,delivered,2025-09-29,6.0,,,
LT-101248,2025-09-23,United States,urban,Home,CompactChef 4L Air Fryer,1,77.57,77.57,credit_card,1,delivered,2025-09-26,3.0,,,
LT-104767,2025-09-23,Mexico,capital,Fashion,Pima Cotton Basic Tee (2-pack),2,22.91,45.82,debit_card,1,delivered,2025-09-28,5.0,,,
LT-102588,2025-09-23,Mexico,urban,Beauty,CeramicPro Hair Straightener,1,41.53,41.53,credit_card,1,delivered,2025-09-27,4.0,,,
LT-103126,2025-09-23,Peru,capital,Electronics,Vertex Ergonomic Mouse,1,22.33,22.33,debit_card,1,delivered,2025-09-27,4.0,,,
LT-102175,2025-09-23,Peru,extended_zone,Electronics,Kova K61 Mechanical Keyboard,1,50.95,50.95,credit_card,1,delivered,2025-10-02,9.0,,,
LT-100870,2025-09-23,Peru,urban,Accessories,Interchangeable Watch Strap,1,8.15,8.15,bank_transfer,1,delivered,2025-09-25,2.0,,,
LT-101483,2025-09-23,Mexico,urban,Fashion,TrailFit Waterproof Jacket,1,64.85,64.85,digital_wallet,1,delivered,2025-09-25,2.0,,,
LT-101515,2025-09-23,United States,urban,Home,Stackable Kitchen Organizer x3,2,15.08,30.16,debit_card,1,delivered,2025-09-27,4.0,,,
LT-101883,2025-09-24,Chile,urban,Electronics,Vertex Ergonomic Mouse,1,20.17,20.17,credit_card,1,delivered,2025-09-28,4.0,,,
LT-104172,2025-09-24,Colombia,urban,Electronics,360 WiFi Security Camera,1,47.26,47.26,credit_card,6,delivered,2025-09-26,2.0,,,
LT-101961,2025-09-24,Mexico,urban,Beauty,Complete Skincare Routine Kit,1,36.96,36.96,bank_transfer,1,delivered,2025-09-26,2.0,,,
LT-103656,2025-09-24,Chile,urban,Electronics,Nova Wireless Earbuds,1,39.87,39.87,debit_card,1,delivered,2025-09-27,3.0,,,
LT-103134,2025-09-24,Canada,capital,Accessories,Interchangeable Watch Strap,2,8.42,16.84,debit_card,1,delivered,2025-09-30,6.0,,,
LT-104510,2025-09-24,Peru,urban,Fashion,UrbanPack 25L Anti-theft Backpack,1,40.14,40.14,debit_card,1,delivered,2025-09-27,3.0,,,
LT-104131,2025-09-24,Mexico,extended_zone,Accessories,Vista Polarized Sunglasses,1,26.54,26.54,bank_transfer,1,delivered,2025-10-06,12.0,,,
LT-104911,2025-09-24,Chile,urban,Electronics,360 WiFi Security Camera,2,47.4,94.8,debit_card,1,delivered,2025-09-26,2.0,,,
LT-103010,2025-09-24,United States,capital,Home,Premium Queen Bedsheet Set,1,39.2,39.2,debit_card,1,delivered,2025-09-28,4.0,,,
LT-104691,2025-09-25,Colombia,capital,Fashion,TrailFit Waterproof Jacket,1,68.08,68.08,credit_card,1,delivered,2025-09-28,3.0,,,
LT-104592,2025-09-25,Mexico,urban,Electronics,360 WiFi Security Camera,1,50.13,50.13,debit_card,1,delivered,2025-09-28,3.0,,,
LT-100146,2025-09-25,Mexico,urban,Home,CompactChef 4L Air Fryer,1,76.35,76.35,digital_wallet,1,delivered,2025-09-27,2.0,,,
LT-103918,2025-09-25,Peru,extended_zone,Fashion,Pima Cotton Basic Tee (2-pack),1,22.65,22.65,credit_card,1,delivered,2025-10-04,9.0,2025-10-10,changed_mind,under_review
LT-100124,2025-09-25,Peru,capital,Home,Premium Queen Bedsheet Set,1,44.52,44.52,credit_card,1,cancelled,,,,,
LT-101752,2025-09-25,Mexico,urban,Beauty,CeramicPro Hair Straightener,1,39.47,39.47,debit_card,1,delivered,2025-09-28,3.0,,,
LT-101238,2025-09-25,Mexico,urban,Sports,Adjustable Dumbbells 2x10kg,1,55.12,55.12,credit_card,1,delivered,2025-09-28,3.0,,,
LT-101979,2025-09-25,Colombia,urban,Electronics,Boom Mini Bluetooth Speaker,1,28.96,28.96,digital_wallet,1,delivered,2025-09-29,4.0,,,
LT-102559,2025-09-26,Peru,extended_zone,Sports,Pro Non-slip Yoga Mat,1,21.16,21.16,credit_card,3,delivered,2025-10-04,8.0,,,
LT-102354,2025-09-26,Colombia,capital,Fashion,Strida Urban Sneakers,1,46.98,46.98,credit_card,1,delivered,2025-10-01,5.0,,,
LT-101308,2025-09-26,Peru,urban,Fashion,Strida Urban Sneakers,2,51.57,103.14,credit_card,3,delivered,2025-09-29,3.0,,,
LT-104959,2025-09-26,Canada,capital,Home,CompactChef 4L Air Fryer,1,71.61,71.61,debit_card,1,delivered,2025-09-29,3.0,2025-10-02,wrong_size_or_model,refunded
LT-103941,2025-09-26,Chile,capital,Fashion,Andino Slim Fit Jeans,1,32.41,32.41,credit_card,1,delivered,2025-10-02,6.0,,,
LT-101587,2025-09-26,Argentina,capital,Sports,SteelHydro 1L Thermal Bottle,1,16.72,16.72,credit_card,3,delivered,2025-10-01,5.0,,,
LT-102049,2025-09-26,Canada,urban,Fashion,TrailFit Waterproof Jacket,1,68.49,68.49,digital_wallet,1,cancelled,,,,,
LT-102883,2025-09-26,Colombia,extended_zone,Electronics,Nova Wireless Earbuds,1,39.67,39.67,credit_card,12,delivered,2025-10-05,9.0,,,
LT-101331,2025-09-26,Peru,extended_zone,Electronics,65W Fast Charger,2,23.46,46.92,bank_transfer,1,delivered,2025-10-03,7.0,2025-10-05,defective_product,under_review
LT-100235,2025-09-26,Argentina,capital,Electronics,Kova K61 Mechanical Keyboard,1,51.41,51.41,debit_card,1,delivered,2025-09-30,4.0,,,
LT-103121,2025-09-26,Colombia,urban,Electronics,65W Fast Charger,1,26.37,26.37,credit_card,6,delivered,2025-09-28,2.0,,,
LT-104257,2025-09-26,United States,capital,Electronics,Nova Wireless Earbuds,1,38.89,38.89,bank_transfer,1,delivered,2025-10-01,5.0,,,
LT-104687,2025-09-26,United States,urban,Electronics,Pulse S2 Smartwatch,1,93.38,93.38,digital_wallet,1,delivered,2025-09-28,2.0,2025-10-02,not_as_described,refunded
LT-100007,2025-09-26,Colombia,urban,Accessories,14'' Hard Laptop Case,3,16.72,50.16,digital_wallet,1,delivered,2025-09-28,2.0,,,
LT-104984,2025-09-27,Colombia,extended_zone,Electronics,Kova K61 Mechanical Keyboard,1,56.51,56.51,debit_card,1,delivered,2025-10-02,5.0,,,
LT-101635,2025-09-27,United States,urban,Home,Stackable Kitchen Organizer x3,1,16.76,16.76,credit_card,1,delivered,2025-09-29,2.0,,,
LT-103843,2025-09-27,Peru,urban,Home,CompactChef 4L Air Fryer,1,77.11,77.11,debit_card,1,delivered,2025-09-30,3.0,,,
LT-103088,2025-09-27,Canada,urban,Electronics,Vertex Ergonomic Mouse,3,21.51,64.53,debit_card,1,delivered,2025-10-01,4.0,,,
LT-102685,2025-09-27,United States,urban,Home,Stackable Kitchen Organizer x3,1,16.67,16.67,bank_transfer,1,delivered,2025-10-01,4.0,,,
LT-102781,2025-09-27,Mexico,extended_zone,Electronics,Boom Mini Bluetooth Speaker,1,27.7,27.7,credit_card,1,delivered,2025-10-05,8.0,,,
LT-100237,2025-09-27,Peru,capital,Electronics,Nova Wireless Earbuds,1,37.46,37.46,credit_card,6,delivered,2025-10-01,4.0,,,
LT-104933,2025-09-27,Argentina,urban,Electronics,Vertex Ergonomic Mouse,1,21.92,21.92,digital_wallet,1,delivered,2025-10-01,4.0,,,
LT-100021,2025-09-27,Peru,capital,Electronics,Nova Wireless Earbuds,1,38.56,38.56,credit_card,1,delivered,2025-10-02,5.0,,,
LT-100388,2025-09-27,Argentina,extended_zone,Sports,Resistance Bands Set x5,1,13.38,13.38,debit_card,1,delivered,2025-10-08,11.0,,,
LT-101755,2025-09-27,Peru,urban,Electronics,Boom Mini Bluetooth Speaker,1,28.78,28.78,credit_card,3,delivered,2025-10-01,4.0,,,
LT-104437,2025-09-27,Colombia,urban,Electronics,Pulse S2 Smartwatch,1,93.39,93.39,credit_card,12,delivered,2025-09-29,2.0,,,
LT-102654,2025-09-27,Peru,urban,Electronics,65W Fast Charger,2,23.57,47.14,bank_transfer,1,delivered,2025-10-01,4.0,,,
LT-102915,2025-09-27,Chile,urban,Fashion,Strida Urban Sneakers,1,47.37,47.37,debit_card,1,delivered,2025-09-30,3.0,,,
LT-103623,2025-09-27,Mexico,urban,Electronics,Boom Mini Bluetooth Speaker,1,28.49,28.49,cash_on_delivery,1,delivered,2025-09-29,2.0,,,
LT-103775,2025-09-27,Colombia,capital,Sports,SteelHydro 1L Thermal Bottle,1,16.08,16.08,cash_on_delivery,1,delivered,2025-09-30,3.0,,,
LT-103706,2025-09-27,United States,urban,Fashion,Andino Slim Fit Jeans,3,34.53,103.59,debit_card,1,delivered,2025-10-01,4.0,,,
LT-100487,2025-09-27,Argentina,capital,Electronics,65W Fast Charger,1,26.16,26.16,debit_card,1,delivered,2025-09-30,3.0,,,
LT-101416,2025-09-28,Peru,capital,Fashion,Pima Cotton Basic Tee (2-pack),1,23.21,23.21,debit_card,1,delivered,2025-10-04,6.0,,,
LT-100708,2025-09-28,Chile,extended_zone,Beauty,Complete Skincare Routine Kit,1,33.59,33.59,digital_wallet,1,delivered,2025-10-06,8.0,,,
LT-100896,2025-09-28,United States,extended_zone,Electronics,Vertex Ergonomic Mouse,1,20.55,20.55,digital_wallet,1,delivered,2025-10-05,7.0,,,
LT-103947,2025-09-28,Mexico,capital,Electronics,Nova Wireless Earbuds,2,40.88,81.76,credit_card,12,delivered,2025-10-04,6.0,,,
LT-101616,2025-09-28,Peru,urban,Electronics,Nova Wireless Earbuds,1,37.49,37.49,digital_wallet,1,cancelled,,,,,
LT-100407,2025-09-28,Colombia,urban,Electronics,Vertex Ergonomic Mouse,1,19.6,19.6,debit_card,1,delivered,2025-10-02,4.0,,,
LT-101421,2025-09-28,Chile,capital,Electronics,Boom Mini Bluetooth Speaker,1,30.63,30.63,digital_wallet,1,delivered,2025-10-03,5.0,,,
LT-101151,2025-09-28,Colombia,urban,Fashion,TrailFit Waterproof Jacket,1,67.06,67.06,digital_wallet,1,delivered,2025-10-02,4.0,,,
LT-100653,2025-09-28,Mexico,urban,Fashion,Andino Slim Fit Jeans,2,32.15,64.3,credit_card,6,delivered,2025-09-30,2.0,2025-10-08,defective_product,rejected
LT-103029,2025-09-28,United States,capital,Electronics,Pulse S2 Smartwatch,1,93.93,93.93,digital_wallet,1,delivered,2025-10-04,6.0,2025-10-14,wrong_size_or_model,refunded
LT-100175,2025-09-28,United States,capital,Fashion,Strida Urban Sneakers,1,47.22,47.22,credit_card,3,delivered,2025-10-03,5.0,,,
LT-104907,2025-09-28,Argentina,capital,Home,Premium Queen Bedsheet Set,2,39.81,79.62,credit_card,6,delivered,2025-10-02,4.0,,,
LT-101339,2025-09-28,Colombia,urban,Electronics,360 WiFi Security Camera,2,49.36,98.72,digital_wallet,1,delivered,2025-10-01,3.0,,,
LT-100102,2025-09-28,Colombia,capital,Home,Premium Queen Bedsheet Set,1,43.55,43.55,debit_card,1,delivered,2025-10-02,4.0,,,
LT-103241,2025-09-28,Mexico,urban,Sports,Adjustable Dumbbells 2x10kg,1,58.41,58.41,bank_transfer,1,delivered,2025-10-01,3.0,,,
LT-102217,2025-09-29,United States,capital,Fashion,Pima Cotton Basic Tee (2-pack),2,20.68,41.36,digital_wallet,1,delivered,2025-10-04,5.0,2025-10-14,not_as_described,refunded
LT-104368,2025-09-29,United States,capital,Electronics,Vertex Ergonomic Mouse,2,20.29,40.58,credit_card,3,delivered,2025-10-05,6.0,,,
LT-100022,2025-09-29,Mexico,capital,Sports,Resistance Bands Set x5,1,13.58,13.58,debit_card,1,delivered,2025-10-02,3.0,,,
LT-103713,2025-09-29,Mexico,extended_zone,Electronics,Pulse S2 Smartwatch,2,89.81,179.62,debit_card,1,delivered,2025-10-08,9.0,,,
LT-101025,2025-09-29,Chile,urban,Fashion,UrbanPack 25L Anti-theft Backpack,3,35.42,106.26,digital_wallet,1,delivered,2025-10-01,2.0,,,
LT-103071,2025-09-29,Canada,extended_zone,Beauty,AirStyle Ionic Hair Dryer,1,42.16,42.16,debit_card,1,delivered,2025-10-04,5.0,,,
LT-100779,2025-09-29,Peru,capital,Fashion,TrailFit Waterproof Jacket,1,66.49,66.49,credit_card,1,delivered,2025-10-05,6.0,,,
LT-101122,2025-09-29,Argentina,urban,Electronics,Vertex Ergonomic Mouse,2,19.98,39.96,digital_wallet,1,delivered,2025-10-01,2.0,,,
LT-100560,2025-09-29,United States,capital,Home,CompactChef 4L Air Fryer,2,77.0,154.0,debit_card,1,delivered,2025-10-05,6.0,,,
LT-100509,2025-09-30,Colombia,capital,Home,CleanBot Lite Robot Vacuum,1,133.65,133.65,digital_wallet,1,delivered,2025-10-04,4.0,2025-10-07,wrong_size_or_model,under_review
LT-104050,2025-09-30,Canada,capital,Fashion,TrailFit Waterproof Jacket,1,61.29,61.29,digital_wallet,1,delivered,2025-10-04,4.0,,,
LT-102157,2025-09-30,Mexico,capital,Electronics,Nova Wireless Earbuds,2,38.23,76.46,credit_card,6,delivered,2025-10-04,4.0,,,
LT-104370,2025-09-30,Chile,capital,Electronics,360 WiFi Security Camera,2,44.49,88.98,cash_on_delivery,1,delivered,2025-10-05,5.0,,,
LT-104034,2025-09-30,Peru,urban,Home,CompactChef 4L Air Fryer,1,78.57,78.57,credit_card,6,delivered,2025-10-03,3.0,,,
LT-101490,2025-09-30,Mexico,urban,Fashion,UrbanPack 25L Anti-theft Backpack,1,39.67,39.67,credit_card,1,delivered,2025-10-04,4.0,,,
LT-102285,2025-09-30,Peru,urban,Electronics,Nova Wireless Earbuds,1,37.67,37.67,credit_card,12,delivered,2025-10-02,2.0,,,
LT-103196,2025-09-30,Peru,capital,Accessories,Interchangeable Watch Strap,2,8.37,16.74,debit_card,1,delivered,2025-10-04,4.0,,,
LT-104045,2025-09-30,United States,urban,Beauty,Complete Skincare Routine Kit,1,35.74,35.74,credit_card,12,delivered,2025-10-02,2.0,,,
LT-101805,2025-09-30,Chile,urban,Home,Stackable Kitchen Organizer x3,1,16.35,16.35,debit_card,1,delivered,2025-10-04,4.0,,,
LT-100060,2025-09-30,Peru,urban,Fashion,Strida Urban Sneakers,1,52.07,52.07,debit_card,1,delivered,2025-10-03,3.0,,,
LT-103914,2025-09-30,Mexico,extended_zone,Electronics,Kova K61 Mechanical Keyboard,1,55.8,55.8,credit_card,6,delivered,2025-10-05,5.0,,,
LT-101441,2025-09-30,Colombia,urban,Home,Flex LED Desk Lamp,2,17.45,34.9,credit_card,1,delivered,2025-10-03,3.0,,,
LT-102519,2025-09-30,Canada,urban,Electronics,360 WiFi Security Camera,1,44.65,44.65,credit_card,3,delivered,2025-10-02,2.0,,,
LT-100975,2025-09-30,Chile,urban,Home,Stackable Kitchen Organizer x3,1,15.81,15.81,credit_card,3,delivered,2025-10-03,3.0,,,
LT-101443,2025-09-30,Canada,urban,Electronics,360 WiFi Security Camera,1,49.48,49.48,credit_card,1,delivered,2025-10-02,2.0,2025-10-14,wrong_size_or_model,rejected
LT-100494,2025-09-30,Mexico,capital,Beauty,CeramicPro Hair Straightener,1,41.41,41.41,credit_card,6,delivered,2025-10-06,6.0,,,
LT-102155,2025-09-30,Colombia,capital,Electronics,Vertex Ergonomic Mouse,1,21.19,21.19,credit_card,3,delivered,2025-10-06,6.0,,,
LT-104195,2025-09-30,Colombia,urban,Electronics,Vertex Ergonomic Mouse,1,22.38,22.38,cash_on_delivery,1,delivered,2025-10-02,2.0,,,
LT-100687,2025-09-30,Colombia,extended_zone,Electronics,Nova Wireless Earbuds,1,41.72,41.72,bank_transfer,1,delivered,2025-10-08,8.0,,,
LT-101208,2025-09-30,United States,extended_zone,Home,Flex LED Desk Lamp,1,18.31,18.31,credit_card,1,delivered,2025-10-12,12.0,,,
LT-100255,2025-10-01,Peru,urban,Electronics,65W Fast Charger,1,23.75,23.75,cash_on_delivery,1,cancelled,,,,,
LT-100912,2025-10-01,Chile,urban,Fashion,Pima Cotton Basic Tee (2-pack),1,23.36,23.36,cash_on_delivery,1,delivered,2025-10-04,3.0,,,
LT-102261,2025-10-01,United States,capital,Beauty,Complete Skincare Routine Kit,1,36.06,36.06,debit_card,1,delivered,2025-10-04,3.0,,,
LT-103921,2025-10-01,Peru,extended_zone,Home,Flex LED Desk Lamp,1,17.38,17.38,debit_card,1,delivered,2025-10-10,9.0,,,
LT-100134,2025-10-01,Canada,extended_zone,Fashion,TrailFit Waterproof Jacket,1,66.14,66.14,credit_card,6,delivered,2025-10-13,12.0,,,
LT-100791,2025-10-01,Colombia,urban,Electronics,360 WiFi Security Camera,1,48.63,48.63,credit_card,3,delivered,2025-10-05,4.0,,,
LT-102974,2025-10-01,Peru,urban,Electronics,Boom Mini Bluetooth Speaker,1,29.39,29.39,credit_card,1,delivered,2025-10-04,3.0,,,
LT-103190,2025-10-01,Mexico,urban,Electronics,Nova Wireless Earbuds,1,37.16,37.16,cash_on_delivery,1,delivered,2025-10-04,3.0,,,
LT-100398,2025-10-02,Mexico,urban,Electronics,Boom Mini Bluetooth Speaker,1,29.6,29.6,debit_card,1,delivered,2025-10-05,3.0,,,
LT-104455,2025-10-02,Chile,urban,Electronics,65W Fast Charger,1,26.07,26.07,digital_wallet,1,delivered,2025-10-05,3.0,,,
LT-104587,2025-10-02,Argentina,urban,Electronics,Vertex Ergonomic Mouse,2,22.14,44.28,credit_card,6,delivered,2025-10-06,4.0,,,
LT-102160,2025-10-02,United States,extended_zone,Electronics,Pulse S2 Smartwatch,1,85.78,85.78,credit_card,6,delivered,2025-10-08,6.0,,,
LT-104645,2025-10-02,Colombia,urban,Home,Flex LED Desk Lamp,1,17.46,17.46,credit_card,6,delivered,2025-10-06,4.0,,,
LT-100226,2025-10-02,Chile,urban,Electronics,360 WiFi Security Camera,2,44.97,89.94,debit_card,1,delivered,2025-10-04,2.0,2025-10-08,defective_product,refunded
LT-102687,2025-10-02,Peru,urban,Home,Stackable Kitchen Organizer x3,1,15.58,15.58,debit_card,1,delivered,2025-10-04,2.0,,,
LT-100868,2025-10-02,Mexico,urban,Home,Flex LED Desk Lamp,1,17.85,17.85,debit_card,1,delivered,2025-10-04,2.0,2025-11-01,not_as_described,refunded
LT-102324,2025-10-02,Colombia,urban,Electronics,Vertex Ergonomic Mouse,1,20.94,20.94,debit_card,1,delivered,2025-10-06,4.0,,,
LT-100873,2025-10-02,Colombia,extended_zone,Electronics,Boom Mini Bluetooth Speaker,1,27.88,27.88,debit_card,1,delivered,2025-10-11,9.0,,,
LT-103729,2025-10-02,Chile,urban,Electronics,Vertex Ergonomic Mouse,1,21.49,21.49,cash_on_delivery,1,delivered,2025-10-05,3.0,,,
LT-103310,2025-10-02,Argentina,urban,Electronics,Boom Mini Bluetooth Speaker,2,27.45,54.9,bank_transfer,1,delivered,2025-10-05,3.0,,,
LT-103301,2025-10-02,Canada,capital,Home,CompactChef 4L Air Fryer,1,71.51,71.51,cash_on_delivery,1,delivered,2025-10-08,6.0,,,
LT-103982,2025-10-02,Colombia,capital,Electronics,Kova K61 Mechanical Keyboard,1,57.25,57.25,cash_on_delivery,1,delivered,2025-10-08,6.0,,,
LT-102137,2025-10-03,Chile,urban,Fashion,Andino Slim Fit Jeans,1,34.58,34.58,credit_card,6,delivered,2025-10-05,2.0,,,
LT-102750,2025-10-03,United States,extended_zone,Electronics,Nova Wireless Earbuds,2,42.03,84.06,credit_card,6,delivered,2025-10-13,10.0,,,
LT-101024,2025-10-03,Chile,urban,Sports,Adjustable Dumbbells 2x10kg,1,57.29,57.29,credit_card,12,delivered,2025-10-06,3.0,,,
LT-103034,2025-10-03,Peru,urban,Sports,Pro Non-slip Yoga Mat,1,19.31,19.31,debit_card,1,delivered,2025-10-05,2.0,,,
LT-103051,2025-10-03,United States,extended_zone,Electronics,Pulse S2 Smartwatch,1,83.61,83.61,credit_card,3,delivered,2025-10-13,10.0,,,
LT-103821,2025-10-03,Mexico,urban,Accessories,14'' Hard Laptop Case,1,17.0,17.0,credit_card,1,delivered,2025-10-05,2.0,,,
LT-100742,2025-10-03,Peru,urban,Home,CleanBot Lite Robot Vacuum,1,132.25,132.25,credit_card,6,delivered,2025-10-05,2.0,,,
LT-102486,2025-10-03,Peru,urban,Beauty,CeramicPro Hair Straightener,1,40.62,40.62,credit_card,1,delivered,2025-10-07,4.0,,,
LT-101622,2025-10-03,Canada,urban,Electronics,Vertex Ergonomic Mouse,1,20.01,20.01,credit_card,3,delivered,2025-10-06,3.0,,,
LT-104231,2025-10-03,Argentina,urban,Home,Stackable Kitchen Organizer x3,2,16.68,33.36,bank_transfer,1,delivered,2025-10-05,2.0,,,
LT-104375,2025-10-03,United States,urban,Electronics,Kova K61 Mechanical Keyboard,2,52.51,105.02,bank_transfer,1,delivered,2025-10-07,4.0,,,
LT-103237,2025-10-03,Colombia,urban,Electronics,Vertex Ergonomic Mouse,1,21.51,21.51,cash_on_delivery,1,delivered,2025-10-05,2.0,,,
LT-101526,2025-10-04,Argentina,extended_zone,Sports,SteelHydro 1L Thermal Bottle,1,15.96,15.96,credit_card,1,delivered,2025-10-10,6.0,,,
LT-103161,2025-10-04,Canada,extended_zone,Accessories,Interchangeable Watch Strap,3,8.74,26.22,debit_card,1,delivered,2025-10-10,6.0,,,
LT-102660,2025-10-04,Peru,extended_zone,Electronics,65W Fast Charger,1,26.24,26.24,digital_wallet,1,delivered,2025-10-16,12.0,,,
LT-101767,2025-10-04,Mexico,capital,Electronics,360 WiFi Security Camera,2,50.51,101.02,credit_card,12,delivered,2025-10-07,3.0,2025-10-11,defective_product,rejected
LT-103435,2025-10-04,Peru,urban,Fashion,TrailFit Waterproof Jacket,3,66.39,199.17,credit_card,1,delivered,2025-10-07,3.0,,,
LT-104519,2025-10-04,Mexico,capital,Electronics,360 WiFi Security Camera,2,47.01,94.02,credit_card,1,delivered,2025-10-08,4.0,,,
LT-103581,2025-10-04,Mexico,urban,Electronics,Vertex Ergonomic Mouse,2,21.56,43.12,credit_card,1,delivered,2025-10-06,2.0,,,
LT-102809,2025-10-04,Chile,extended_zone,Beauty,CeramicPro Hair Straightener,1,39.92,39.92,credit_card,1,delivered,2025-10-09,5.0,,,
LT-101947,2025-10-04,United States,capital,Accessories,Foldable Phone Stand,2,9.72,19.44,bank_transfer,1,delivered,2025-10-09,5.0,,,
LT-104922,2025-10-04,United States,capital,Electronics,Kova K61 Mechanical Keyboard,1,55.75,55.75,credit_card,1,delivered,2025-10-08,4.0,2025-10-12,not_as_described,under_review
LT-103958,2025-10-04,Colombia,capital,Accessories,14'' Hard Laptop Case,1,18.17,18.17,digital_wallet,1,delivered,2025-10-10,6.0,,,
LT-104395,2025-10-04,Colombia,extended_zone,Fashion,Andino Slim Fit Jeans,1,34.22,34.22,cash_on_delivery,1,delivered,2025-10-11,7.0,,,
LT-101681,2025-10-04,Peru,urban,Fashion,Andino Slim Fit Jeans,1,34.59,34.59,cash_on_delivery,1,delivered,2025-10-08,4.0,,,
LT-103735,2025-10-04,Colombia,urban,Electronics,Vertex Ergonomic Mouse,1,20.22,20.22,credit_card,12,delivered,2025-10-08,4.0,,,
LT-102094,2025-10-04,Chile,urban,Beauty,CeramicPro Hair Straightener,3,38.92,116.76,bank_transfer,1,delivered,2025-10-07,3.0,,,
LT-102092,2025-10-04,Colombia,urban,Electronics,Boom Mini Bluetooth Speaker,1,30.0,30.0,digital_wallet,1,delivered,2025-10-07,3.0,2025-10-09,wrong_size_or_model,refunded
LT-100752,2025-10-04,United States,capital,Home,CompactChef 4L Air Fryer,1,78.44,78.44,credit_card,3,delivered,2025-10-10,6.0,,,
LT-104017,2025-10-04,Mexico,urban,Fashion,TrailFit Waterproof Jacket,1,67.66,67.66,credit_card,6,delivered,2025-10-06,2.0,2025-10-07,changed_mind,refunded
LT-104713,2025-10-04,Colombia,urban,Electronics,65W Fast Charger,1,26.06,26.06,digital_wallet,1,delivered,2025-10-07,3.0,,,
LT-104788,2025-10-04,Colombia,capital,Sports,SteelHydro 1L Thermal Bottle,1,17.49,17.49,bank_transfer,1,delivered,2025-10-07,3.0,,,
LT-104053,2025-10-04,United States,capital,Fashion,Pima Cotton Basic Tee (2-pack),2,23.1,46.2,bank_transfer,1,delivered,2025-10-08,4.0,2025-10-12,defective_product,refunded
LT-101829,2025-10-05,Peru,capital,Fashion,Strida Urban Sneakers,3,53.11,159.33,credit_card,1,delivered,2025-10-09,4.0,,,
LT-104831,2025-10-05,United States,urban,Accessories,Vista Polarized Sunglasses,2,25.63,51.26,digital_wallet,1,delivered,2025-10-07,2.0,,,
LT-102353,2025-10-05,Mexico,extended_zone,Electronics,Boom Mini Bluetooth Speaker,1,29.0,29.0,credit_card,6,delivered,2025-10-11,6.0,2025-10-18,arrived_damaged,rejected
LT-100794,2025-10-05,Mexico,urban,Electronics,Nova Wireless Earbuds,1,40.38,40.38,bank_transfer,1,delivered,2025-10-09,4.0,,,
LT-102143,2025-10-05,Peru,extended_zone,Accessories,14'' Hard Laptop Case,1,16.89,16.89,credit_card,1,delivered,2025-10-12,7.0,,,
LT-101408,2025-10-05,Mexico,capital,Electronics,65W Fast Charger,2,25.83,51.66,credit_card,1,delivered,2025-10-09,4.0,,,
LT-102057,2025-10-05,Colombia,extended_zone,Sports,SteelHydro 1L Thermal Bottle,1,17.26,17.26,debit_card,1,delivered,2025-10-17,12.0,,,
LT-102706,2025-10-05,Canada,urban,Fashion,Pima Cotton Basic Tee (2-pack),1,20.74,20.74,credit_card,12,delivered,2025-10-09,4.0,,,
LT-104217,2025-10-05,Argentina,urban,Beauty,Complete Skincare Routine Kit,1,36.28,36.28,cash_on_delivery,1,delivered,2025-10-08,3.0,,,
LT-102430,2025-10-06,Mexico,capital,Home,CompactChef 4L Air Fryer,2,71.37,142.74,credit_card,1,delivered,2025-10-11,5.0,,,
LT-100019,2025-10-06,Colombia,urban,Electronics,Nova Wireless Earbuds,1,39.83,39.83,digital_wallet,1,delivered,2025-10-10,4.0,2025-10-14,arrived_damaged,refunded
LT-101693,2025-10-06,Canada,capital,Electronics,Vertex Ergonomic Mouse,1,22.22,22.22,credit_card,3,delivered,2025-10-11,5.0,,,
LT-102091,2025-10-06,Colombia,urban,Fashion,UrbanPack 25L Anti-theft Backpack,1,36.73,36.73,digital_wallet,1,delivered,2025-10-09,3.0,,,
LT-103579,2025-10-06,Mexico,urban,Home,CompactChef 4L Air Fryer,1,75.85,75.85,debit_card,1,delivered,2025-10-09,3.0,,,
LT-104562,2025-10-06,Canada,capital,Home,Premium Queen Bedsheet Set,1,40.73,40.73,digital_wallet,1,delivered,2025-10-12,6.0,,,
LT-102476,2025-10-06,Mexico,capital,Electronics,Vertex Ergonomic Mouse,1,19.73,19.73,debit_card,1,delivered,2025-10-10,4.0,,,
LT-104924,2025-10-06,Mexico,urban,Fashion,TrailFit Waterproof Jacket,2,60.62,121.24,credit_card,1,delivered,2025-10-09,3.0,2025-10-11,not_as_described,refunded
LT-103575,2025-10-06,Mexico,urban,Home,Stackable Kitchen Organizer x3,1,16.94,16.94,credit_card,12,delivered,2025-10-08,2.0,,,
LT-104284,2025-10-06,Chile,urban,Beauty,CeramicPro Hair Straightener,2,36.71,73.42,digital_wallet,1,delivered,2025-10-09,3.0,,,
LT-104087,2025-10-07,Colombia,urban,Electronics,Boom Mini Bluetooth Speaker,2,29.88,59.76,credit_card,1,delivered,2025-10-11,4.0,,,
LT-102170,2025-10-07,United States,urban,Electronics,Boom Mini Bluetooth Speaker,1,30.04,30.04,credit_card,6,delivered,2025-10-11,4.0,,,
LT-102679,2025-10-07,United States,extended_zone,Electronics,65W Fast Charger,2,25.91,51.82,debit_card,1,delivered,2025-10-13,6.0,,,
LT-104526,2025-10-07,Mexico,urban,Beauty,Complete Skincare Routine Kit,1,36.94,36.94,cash_on_delivery,1,cancelled,,,,,
LT-100045,2025-10-07,United States,urban,Electronics,Vertex Ergonomic Mouse,1,20.69,20.69,digital_wallet,1,delivered,2025-10-10,3.0,,,
LT-100897,2025-10-07,Mexico,urban,Home,Flex LED Desk Lamp,1,18.42,18.42,credit_card,3,delivered,2025-10-10,3.0,,,
LT-104616,2025-10-07,Chile,extended_zone,Electronics,360 WiFi Security Camera,1,45.62,45.62,bank_transfer,1,delivered,2025-10-16,9.0,2025-10-20,defective_product,refunded
LT-104605,2025-10-07,Mexico,capital,Sports,Adjustable Dumbbells 2x10kg,1,59.92,59.92,credit_card,1,delivered,2025-10-10,3.0,,,
LT-102991,2025-10-07,United States,urban,Beauty,CeramicPro Hair Straightener,1,40.28,40.28,digital_wallet,1,delivered,2025-10-09,2.0,,,
LT-101579,2025-10-07,United States,urban,Home,CompactChef 4L Air Fryer,1,74.0,74.0,debit_card,1,delivered,2025-10-10,3.0,,,
LT-101623,2025-10-07,Chile,urban,Electronics,Vertex Ergonomic Mouse,1,21.39,21.39,bank_transfer,1,delivered,2025-10-10,3.0,,,
LT-100724,2025-10-07,Mexico,urban,Fashion,UrbanPack 25L Anti-theft Backpack,1,40.18,40.18,debit_card,1,delivered,2025-10-09,2.0,,,
LT-104409,2025-10-07,Chile,capital,Accessories,Vista Polarized Sunglasses,1,24.76,24.76,credit_card,1,delivered,2025-10-12,5.0,,,
LT-101639,2025-10-07,Argentina,capital,Electronics,Boom Mini Bluetooth Speaker,1,28.87,28.87,debit_card,1,delivered,2025-10-11,4.0,,,
LT-100144,2025-10-08,United States,urban,Beauty,CeramicPro Hair Straightener,1,36.3,36.3,debit_card,1,delivered,2025-10-10,2.0,,,
LT-100567,2025-10-08,United States,extended_zone,Sports,Resistance Bands Set x5,1,13.83,13.83,credit_card,6,delivered,2025-10-20,12.0,,,
LT-100280,2025-10-08,Chile,urban,Beauty,CeramicPro Hair Straightener,2,37.64,75.28,credit_card,1,delivered,2025-10-12,4.0,,,
LT-103286,2025-10-08,Canada,urban,Electronics,Pulse S2 Smartwatch,1,91.64,91.64,debit_card,1,delivered,2025-10-11,3.0,,,
LT-101324,2025-10-08,Mexico,urban,Electronics,Boom Mini Bluetooth Speaker,1,28.96,28.96,digital_wallet,1,cancelled,,,,,
LT-101513,2025-10-08,Peru,urban,Electronics,Boom Mini Bluetooth Speaker,2,29.87,59.74,credit_card,3,delivered,2025-10-10,2.0,,,
LT-101576,2025-10-08,Argentina,capital,Fashion,UrbanPack 25L Anti-theft Backpack,2,35.96,71.92,credit_card,1,delivered,2025-10-14,6.0,,,
LT-102197,2025-10-08,United States,urban,Sports,Adjustable Dumbbells 2x10kg,1,61.09,61.09,debit_card,1,delivered,2025-10-10,2.0,,,
LT-101052,2025-10-08,Argentina,urban,Home,Stackable Kitchen Organizer x3,1,17.0,17.0,credit_card,6,delivered,2025-10-12,4.0,,,
LT-102436,2025-10-08,United States,capital,Electronics,Nova Wireless Earbuds,1,38.34,38.34,credit_card,1,delivered,2025-10-13,5.0,,,
LT-101782,2025-10-08,Chile,capital,Electronics,65W Fast Charger,1,24.52,24.52,credit_card,12,delivered,2025-10-14,6.0,,,
LT-104491,2025-10-08,Canada,capital,Electronics,65W Fast Charger,1,24.81,24.81,debit_card,1,delivered,2025-10-13,5.0,2025-10-18,not_as_described,refunded
LT-102215,2025-10-08,Canada,capital,Fashion,Strida Urban Sneakers,1,48.69,48.69,credit_card,1,cancelled,,,,,
LT-100676,2025-10-08,Colombia,extended_zone,Electronics,Vertex Ergonomic Mouse,1,21.0,21.0,credit_card,12,delivered,2025-10-20,12.0,,,
LT-103609,2025-10-08,Canada,urban,Beauty,Complete Skincare Routine Kit,1,35.88,35.88,cash_on_delivery,1,delivered,2025-10-12,4.0,,,
LT-102586,2025-10-08,United States,urban,Electronics,Nova Wireless Earbuds,1,37.85,37.85,digital_wallet,1,delivered,2025-10-10,2.0,,,
LT-102986,2025-10-08,Peru,urban,Beauty,Complete Skincare Routine Kit,1,34.13,34.13,bank_transfer,1,delivered,2025-10-11,3.0,,,
LT-104641,2025-10-09,United States,capital,Home,Stackable Kitchen Organizer x3,1,15.1,15.1,credit_card,1,delivered,2025-10-13,4.0,2025-10-18,defective_product,rejected
LT-102847,2025-10-09,Colombia,capital,Fashion,Pima Cotton Basic Tee (2-pack),1,22.88,22.88,credit_card,6,delivered,2025-10-14,5.0,2025-10-15,not_as_described,refunded
LT-102792,2025-10-09,United States,capital,Sports,Pro Non-slip Yoga Mat,1,21.18,21.18,credit_card,6,delivered,2025-10-14,5.0,,,
LT-104658,2025-10-09,Peru,capital,Electronics,Nova Wireless Earbuds,1,39.52,39.52,credit_card,1,delivered,2025-10-13,4.0,,,
LT-102600,2025-10-09,United States,capital,Electronics,Boom Mini Bluetooth Speaker,1,27.74,27.74,credit_card,1,delivered,2025-10-15,6.0,,,
LT-100074,2025-10-09,Peru,urban,Home,Premium Queen Bedsheet Set,2,43.06,86.12,credit_card,3,delivered,2025-10-11,2.0,,,
LT-103090,2025-10-09,Argentina,capital,Accessories,14'' Hard Laptop Case,1,17.85,17.85,bank_transfer,1,delivered,2025-10-14,5.0,,,
LT-103823,2025-10-09,Peru,urban,Electronics,360 WiFi Security Camera,1,45.49,45.49,debit_card,1,delivered,2025-10-11,2.0,,,
LT-104848,2025-10-09,Chile,urban,Electronics,Pulse S2 Smartwatch,2,83.25,166.5,debit_card,1,cancelled,,,,,
LT-102616,2025-10-09,Argentina,capital,Home,Premium Queen Bedsheet Set,1,40.3,40.3,credit_card,1,delivered,2025-10-15,6.0,2025-10-18,not_as_described,under_review
LT-102388,2025-10-09,Peru,capital,Home,Stackable Kitchen Organizer x3,1,16.69,16.69,credit_card,3,delivered,2025-10-14,5.0,,,
LT-102150,2025-10-09,Chile,urban,Electronics,360 WiFi Security Camera,1,47.96,47.96,digital_wallet,1,delivered,2025-10-12,3.0,,,
LT-100722,2025-10-09,Colombia,urban,Electronics,360 WiFi Security Camera,1,45.24,45.24,credit_card,3,delivered,2025-10-13,4.0,2025-10-16,wrong_size_or_model,refunded
LT-101624,2025-10-09,Mexico,extended_zone,Home,Premium Queen Bedsheet Set,2,44.81,89.62,credit_card,6,delivered,2025-10-18,9.0,,,
LT-101186,2025-10-09,Chile,urban,Electronics,Nova Wireless Earbuds,1,38.93,38.93,debit_card,1,delivered,2025-10-13,4.0,,,
LT-103005,2025-10-09,Peru,capital,Fashion,UrbanPack 25L Anti-theft Backpack,2,39.41,78.82,credit_card,1,delivered,2025-10-15,6.0,,,
LT-100662,2025-10-09,Chile,urban,Fashion,TrailFit Waterproof Jacket,1,62.77,62.77,cash_on_delivery,1,delivered,2025-10-13,4.0,2025-10-28,wrong_size_or_model,refunded
LT-102998,2025-10-09,Chile,extended_zone,Accessories,14'' Hard Laptop Case,1,17.73,17.73,bank_transfer,1,delivered,2025-10-15,6.0,2025-10-25,defective_product,refunded
LT-104601,2025-10-09,United States,urban,Sports,Resistance Bands Set x5,1,14.5,14.5,digital_wallet,1,delivered,2025-10-11,2.0,,,
LT-101217,2025-10-09,Mexico,capital,Electronics,360 WiFi Security Camera,2,46.0,92.0,bank_transfer,1,delivered,2025-10-15,6.0,,,
LT-103612,2025-10-09,Mexico,urban,Electronics,Vertex Ergonomic Mouse,1,21.9,21.9,debit_card,1,delivered,2025-10-12,3.0,,,
LT-101064,2025-10-09,Peru,urban,Sports,Resistance Bands Set x5,1,14.01,14.01,debit_card,1,delivered,2025-10-12,3.0,,,
LT-101300,2025-10-09,United States,urban,Electronics,Boom Mini Bluetooth Speaker,1,29.64,29.64,digital_wallet,1,delivered,2025-10-11,2.0,,,
LT-101754,2025-10-09,Colombia,capital,Home,CompactChef 4L Air Fryer,1,70.48,70.48,digital_wallet,1,delivered,2025-10-14,5.0,2025-10-20,arrived_damaged,under_review
LT-103892,2025-10-10,Colombia,urban,Fashion,UrbanPack 25L Anti-theft Backpack,3,38.77,116.31,cash_on_delivery,1,delivered,2025-10-12,2.0,,,
LT-103004,2025-10-10,Canada,urban,Electronics,Vertex Ergonomic Mouse,1,19.91,19.91,debit_card,1,delivered,2025-10-12,2.0,,,
LT-101582,2025-10-10,Canada,urban,Accessories,Interchangeable Watch Strap,3,9.05,27.15,credit_card,1,delivered,2025-10-13,3.0,,,
LT-101862,2025-10-10,Peru,urban,Fashion,Strida Urban Sneakers,1,52.33,52.33,credit_card,1,delivered,2025-10-13,3.0,,,
LT-101577,2025-10-10,Chile,capital,Fashion,UrbanPack 25L Anti-theft Backpack,1,37.16,37.16,credit_card,6,delivered,2025-10-15,5.0,,,
LT-101062,2025-10-10,United States,capital,Home,Premium Queen Bedsheet Set,1,41.03,41.03,credit_card,3,delivered,2025-10-16,6.0,,,
LT-101492,2025-10-10,Peru,extended_zone,Electronics,Vertex Ergonomic Mouse,1,20.11,20.11,bank_transfer,1,delivered,2025-10-22,12.0,,,
LT-101705,2025-10-10,Mexico,capital,Beauty,Complete Skincare Routine Kit,1,33.05,33.05,bank_transfer,1,delivered,2025-10-14,4.0,,,
LT-102845,2025-10-10,Argentina,urban,Electronics,65W Fast Charger,1,24.33,24.33,debit_card,1,delivered,2025-10-13,3.0,2025-10-21,wrong_size_or_model,under_review
LT-102040,2025-10-10,Argentina,urban,Electronics,Pulse S2 Smartwatch,1,88.37,88.37,cash_on_delivery,1,delivered,2025-10-14,4.0,,,
LT-100254,2025-10-11,Mexico,extended_zone,Home,Premium Queen Bedsheet Set,1,39.08,39.08,credit_card,6,delivered,2025-10-22,11.0,,,
LT-103699,2025-10-11,Mexico,urban,Fashion,UrbanPack 25L Anti-theft Backpack,2,36.37,72.74,credit_card,3,delivered,2025-10-13,2.0,,,
LT-104987,2025-10-11,United States,urban,Fashion,Andino Slim Fit Jeans,1,33.71,33.71,credit_card,1,delivered,2025-10-14,3.0,,,
LT-103620,2025-10-11,United States,capital,Electronics,Pulse S2 Smartwatch,1,89.03,89.03,digital_wallet,1,delivered,2025-10-14,3.0,,,
LT-103352,2025-10-11,United States,capital,Electronics,Pulse S2 Smartwatch,1,84.89,84.89,debit_card,1,delivered,2025-10-15,4.0,,,
LT-102656,2025-10-11,Colombia,extended_zone,Electronics,Nova Wireless Earbuds,3,39.48,118.44,credit_card,3,delivered,2025-10-20,9.0,2025-10-26,arrived_damaged,refunded
LT-100971,2025-10-11,Peru,capital,Electronics,Nova Wireless Earbuds,1,39.12,39.12,debit_card,1,delivered,2025-10-17,6.0,,,
LT-102521,2025-10-11,Argentina,capital,Fashion,UrbanPack 25L Anti-theft Backpack,3,38.45,115.35,digital_wallet,1,delivered,2025-10-14,3.0,2025-10-19,not_as_described,refunded
LT-102368,2025-10-11,United States,urban,Fashion,TrailFit Waterproof Jacket,1,65.37,65.37,digital_wallet,1,delivered,2025-10-13,2.0,,,
LT-104038,2025-10-11,Mexico,urban,Home,CompactChef 4L Air Fryer,1,74.95,74.95,digital_wallet,1,delivered,2025-10-14,3.0,,,
LT-102982,2025-10-11,United States,extended_zone,Home,Flex LED Desk Lamp,1,18.3,18.3,credit_card,1,delivered,2025-10-19,8.0,,,
LT-100625,2025-10-11,Mexico,extended_zone,Sports,Resistance Bands Set x5,1,13.11,13.11,credit_card,6,delivered,2025-10-22,11.0,,,
LT-104145,2025-10-11,United States,capital,Fashion,Pima Cotton Basic Tee (2-pack),1,21.14,21.14,credit_card,1,delivered,2025-10-17,6.0,,,
LT-102566,2025-10-11,United States,capital,Sports,Resistance Bands Set x5,1,13.89,13.89,credit_card,6,delivered,2025-10-15,4.0,,,
LT-101610,2025-10-11,Colombia,urban,Electronics,Vertex Ergonomic Mouse,1,20.32,20.32,credit_card,6,delivered,2025-10-15,4.0,,,
LT-101090,2025-10-11,Argentina,capital,Electronics,Boom Mini Bluetooth Speaker,1,30.51,30.51,debit_card,1,delivered,2025-10-17,6.0,2025-10-19,defective_product,refunded
LT-100079,2025-10-12,Colombia,extended_zone,Electronics,Nova Wireless Earbuds,2,37.83,75.66,credit_card,1,delivered,2025-10-23,11.0,,,
LT-104862,2025-10-12,Colombia,capital,Electronics,Vertex Ergonomic Mouse,1,22.36,22.36,credit_card,6,delivered,2025-10-17,5.0,,,
LT-103387,2025-10-12,Argentina,urban,Accessories,14'' Hard Laptop Case,1,17.14,17.14,credit_card,1,delivered,2025-10-14,2.0,,,
LT-102594,2025-10-12,Canada,extended_zone,Electronics,Pulse S2 Smartwatch,1,91.57,91.57,cash_on_delivery,1,delivered,2025-10-18,6.0,,,
LT-101021,2025-10-12,Canada,urban,Fashion,TrailFit Waterproof Jacket,1,63.91,63.91,digital_wallet,1,delivered,2025-10-14,2.0,,,
LT-104072,2025-10-12,Colombia,capital,Sports,SteelHydro 1L Thermal Bottle,1,15.41,15.41,credit_card,6,delivered,2025-10-15,3.0,,,
LT-104838,2025-10-12,Argentina,extended_zone,Beauty,Complete Skincare Routine Kit,2,34.11,68.22,debit_card,1,delivered,2025-10-23,11.0,,,
LT-101712,2025-10-12,Mexico,extended_zone,Electronics,Vertex Ergonomic Mouse,1,21.48,21.48,digital_wallet,1,delivered,2025-10-23,11.0,,,
LT-102249,2025-10-12,Colombia,extended_zone,Fashion,TrailFit Waterproof Jacket,1,66.47,66.47,credit_card,1,cancelled,,,,,
LT-104839,2025-10-12,Mexico,extended_zone,Electronics,65W Fast Charger,1,23.21,23.21,credit_card,3,cancelled,,,,,
LT-101830,2025-10-12,Chile,extended_zone,Home,Stackable Kitchen Organizer x3,1,15.44,15.44,digital_wallet,1,delivered,2025-10-17,5.0,2025-11-14,changed_mind,refunded
LT-103861,2025-10-12,Peru,extended_zone,Electronics,Vertex Ergonomic Mouse,1,21.89,21.89,credit_card,6,delivered,2025-10-24,12.0,,,
LT-104705,2025-10-12,Mexico,capital,Electronics,Pulse S2 Smartwatch,1,89.2,89.2,digital_wallet,1,cancelled,,,,,
LT-102601,2025-10-13,Chile,capital,Electronics,360 WiFi Security Camera,1,48.49,48.49,credit_card,1,delivered,2025-10-18,5.0,,,
LT-104315,2025-10-13,Chile,extended_zone,Home,Flex LED Desk Lamp,1,19.28,19.28,digital_wallet,1,delivered,2025-10-23,10.0,,,
LT-104332,2025-10-13,Mexico,extended_zone,Beauty,CeramicPro Hair Straightener,2,37.96,75.92,digital_wallet,1,delivered,2025-10-18,5.0,,,
LT-102722,2025-10-13,Canada,extended_zone,Fashion,Pima Cotton Basic Tee (2-pack),1,22.25,22.25,debit_card,1,delivered,2025-10-19,6.0,,,
LT-100664,2025-10-13,Peru,urban,Electronics,Pulse S2 Smartwatch,1,90.09,90.09,credit_card,3,delivered,2025-10-16,3.0,,,
LT-102815,2025-10-13,Mexico,urban,Beauty,CeramicPro Hair Straightener,1,41.39,41.39,credit_card,1,delivered,2025-10-16,3.0,2025-10-19,not_as_described,refunded
LT-102799,2025-10-13,United States,capital,Electronics,65W Fast Charger,1,23.29,23.29,digital_wallet,1,delivered,2025-10-16,3.0,,,
LT-100727,2025-10-13,Argentina,capital,Electronics,65W Fast Charger,1,23.88,23.88,credit_card,1,delivered,2025-10-16,3.0,2025-10-21,changed_mind,refunded
LT-104028,2025-10-13,Chile,capital,Electronics,65W Fast Charger,1,26.29,26.29,credit_card,12,delivered,2025-10-19,6.0,2025-10-22,defective_product,refunded
LT-102071,2025-10-13,Peru,urban,Home,Flex LED Desk Lamp,1,18.27,18.27,debit_card,1,delivered,2025-10-17,4.0,,,
LT-103806,2025-10-13,Chile,extended_zone,Electronics,Pulse S2 Smartwatch,1,91.37,91.37,bank_transfer,1,delivered,2025-10-18,5.0,,,
LT-104737,2025-10-13,Colombia,urban,Electronics,Pulse S2 Smartwatch,1,94.09,94.09,bank_transfer,1,delivered,2025-10-17,4.0,,,
LT-102658,2025-10-14,Mexico,urban,Home,Stackable Kitchen Organizer x3,1,16.07,16.07,credit_card,6,delivered,2025-10-18,4.0,,,
LT-104386,2025-10-14,Argentina,extended_zone,Accessories,Interchangeable Watch Strap,1,8.58,8.58,credit_card,3,delivered,2025-10-26,12.0,2025-11-05,wrong_size_or_model,refunded
LT-104898,2025-10-14,Mexico,urban,Fashion,Strida Urban Sneakers,1,52.95,52.95,digital_wallet,1,delivered,2025-10-18,4.0,,,
LT-103789,2025-10-14,Colombia,urban,Electronics,Nova Wireless Earbuds,1,40.37,40.37,debit_card,1,delivered,2025-10-17,3.0,,,
LT-100459,2025-10-14,Peru,urban,Beauty,CeramicPro Hair Straightener,1,40.69,40.69,credit_card,6,delivered,2025-10-18,4.0,,,
LT-104457,2025-10-14,Colombia,urban,Electronics,Vertex Ergonomic Mouse,1,19.86,19.86,credit_card,1,delivered,2025-10-16,2.0,,,
LT-102777,2025-10-14,Mexico,capital,Home,Stackable Kitchen Organizer x3,1,15.39,15.39,debit_card,1,delivered,2025-10-18,4.0,,,
LT-102287,2025-10-14,Argentina,urban,Electronics,Boom Mini Bluetooth Speaker,1,28.95,28.95,credit_card,1,delivered,2025-10-18,4.0,,,
LT-104926,2025-10-14,Chile,capital,Home,Premium Queen Bedsheet Set,1,41.15,41.15,credit_card,3,delivered,2025-10-20,6.0,,,
LT-104814,2025-10-14,Colombia,capital,Electronics,Pulse S2 Smartwatch,1,83.56,83.56,credit_card,3,delivered,2025-10-17,3.0,,,
LT-102088,2025-10-14,Mexico,capital,Electronics,Nova Wireless Earbuds,1,42.08,42.08,bank_transfer,1,cancelled,,,,,
LT-104894,2025-10-14,Chile,urban,Home,CleanBot Lite Robot Vacuum,1,132.85,132.85,credit_card,1,delivered,2025-10-18,4.0,,,
LT-100527,2025-10-14,Mexico,capital,Home,Stackable Kitchen Organizer x3,1,15.21,15.21,credit_card,12,cancelled,,,,,
LT-103561,2025-10-14,United States,capital,Home,Stackable Kitchen Organizer x3,1,15.36,15.36,debit_card,1,delivered,2025-10-17,3.0,,,
LT-104901,2025-10-14,Canada,capital,Home,CompactChef 4L Air Fryer,1,74.92,74.92,bank_transfer,1,delivered,2025-10-17,3.0,,,
LT-100047,2025-10-14,Argentina,capital,Accessories,Interchangeable Watch Strap,1,8.75,8.75,debit_card,1,delivered,2025-10-19,5.0,,,
LT-102857,2025-10-15,Canada,capital,Electronics,Vertex Ergonomic Mouse,1,21.2,21.2,cash_on_delivery,1,delivered,2025-10-18,3.0,2025-10-25,defective_product,rejected
LT-104972,2025-10-15,Chile,capital,Fashion,Andino Slim Fit Jeans,1,32.76,32.76,debit_card,1,delivered,2025-10-21,6.0,,,
LT-103650,2025-10-15,Canada,capital,Beauty,Complete Skincare Routine Kit,1,34.17,34.17,credit_card,12,delivered,2025-10-21,6.0,,,
LT-101150,2025-10-15,Peru,urban,Fashion,Pima Cotton Basic Tee (2-pack),1,23.0,23.0,bank_transfer,1,delivered,2025-10-19,4.0,,,
LT-102939,2025-10-15,Argentina,capital,Electronics,65W Fast Charger,1,25.54,25.54,credit_card,3,delivered,2025-10-18,3.0,,,
LT-104865,2025-10-15,Colombia,extended_zone,Electronics,Nova Wireless Earbuds,1,41.87,41.87,credit_card,3,delivered,2025-10-22,7.0,,,
LT-100672,2025-10-15,United States,urban,Electronics,Nova Wireless Earbuds,2,38.95,77.9,bank_transfer,1,delivered,2025-10-19,4.0,,,
LT-103708,2025-10-15,United States,urban,Home,CompactChef 4L Air Fryer,2,72.01,144.02,credit_card,1,delivered,2025-10-19,4.0,,,
LT-103955,2025-10-15,United States,urban,Fashion,TrailFit Waterproof Jacket,1,62.75,62.75,credit_card,1,delivered,2025-10-19,4.0,,,
LT-104137,2025-10-15,Colombia,urban,Fashion,TrailFit Waterproof Jacket,1,61.04,61.04,credit_card,1,delivered,2025-10-18,3.0,,,
LT-101785,2025-10-15,Colombia,capital,Home,Stackable Kitchen Organizer x3,1,16.36,16.36,digital_wallet,1,delivered,2025-10-18,3.0,2025-10-25,defective_product,refunded
LT-103303,2025-10-15,Mexico,capital,Electronics,Nova Wireless Earbuds,1,37.18,37.18,credit_card,1,delivered,2025-10-18,3.0,,,
LT-102684,2025-10-15,Peru,urban,Electronics,Nova Wireless Earbuds,1,37.89,37.89,credit_card,1,delivered,2025-10-18,3.0,,,
LT-102631,2025-10-15,Argentina,extended_zone,Fashion,Andino Slim Fit Jeans,1,32.46,32.46,bank_transfer,1,delivered,2025-10-21,6.0,,,
LT-103412,2025-10-15,Peru,capital,Fashion,TrailFit Waterproof Jacket,1,63.58,63.58,bank_transfer,1,delivered,2025-10-21,6.0,,,
LT-101664,2025-10-15,Peru,urban,Home,Premium Queen Bedsheet Set,1,42.29,42.29,debit_card,1,delivered,2025-10-18,3.0,,,
LT-101713,2025-10-16,Argentina,urban,Home,CleanBot Lite Robot Vacuum,1,125.39,125.39,bank_transfer,1,delivered,2025-10-19,3.0,,,
LT-101869,2025-10-16,Argentina,urban,Sports,Resistance Bands Set x5,1,14.82,14.82,credit_card,3,delivered,2025-10-20,4.0,,,
LT-102345,2025-10-16,Colombia,urban,Electronics,65W Fast Charger,1,23.68,23.68,credit_card,6,delivered,2025-10-19,3.0,2025-10-28,not_as_described,refunded
LT-101848,2025-10-16,United States,urban,Accessories,Vista Polarized Sunglasses,1,27.6,27.6,debit_card,1,delivered,2025-10-20,4.0,,,
LT-101955,2025-10-16,Argentina,urban,Fashion,Strida Urban Sneakers,1,51.49,51.49,bank_transfer,1,delivered,2025-10-18,2.0,,,
LT-103549,2025-10-16,Chile,urban,Home,Premium Queen Bedsheet Set,1,40.29,40.29,credit_card,1,cancelled,,,,,
LT-100301,2025-10-16,Argentina,urban,Electronics,Boom Mini Bluetooth Speaker,1,29.06,29.06,debit_card,1,delivered,2025-10-20,4.0,,,
LT-100161,2025-10-16,United States,capital,Electronics,360 WiFi Security Camera,1,45.16,45.16,credit_card,1,delivered,2025-10-21,5.0,2025-10-22,arrived_damaged,refunded
LT-104843,2025-10-16,Colombia,urban,Electronics,65W Fast Charger,1,25.48,25.48,credit_card,6,delivered,2025-10-19,3.0,,,
LT-104905,2025-10-16,United States,extended_zone,Accessories,Foldable Phone Stand,1,9.32,9.32,digital_wallet,1,delivered,2025-10-24,8.0,,,
LT-104466,2025-10-16,Colombia,urban,Electronics,Boom Mini Bluetooth Speaker,1,29.36,29.36,cash_on_delivery,1,delivered,2025-10-20,4.0,,,
LT-100048,2025-10-16,United States,urban,Beauty,Complete Skincare Routine Kit,1,37.38,37.38,bank_transfer,1,delivered,2025-10-19,3.0,,,
LT-100762,2025-10-16,Mexico,urban,Fashion,Andino Slim Fit Jeans,1,32.32,32.32,debit_card,1,delivered,2025-10-19,3.0,,,
LT-103827,2025-10-16,Colombia,urban,Electronics,Boom Mini Bluetooth Speaker,1,27.67,27.67,credit_card,3,delivered,2025-10-18,2.0,2025-10-20,defective_product,under_review
LT-100924,2025-10-16,Mexico,urban,Electronics,Boom Mini Bluetooth Speaker,1,29.41,29.41,digital_wallet,1,delivered,2025-10-18,2.0,,,
LT-103515,2025-10-16,Chile,extended_zone,Electronics,Vertex Ergonomic Mouse,1,20.18,20.18,credit_card,1,delivered,2025-10-21,5.0,2025-11-02,changed_mind,under_review
LT-103021,2025-10-16,United States,capital,Home,Flex LED Desk Lamp,1,17.25,17.25,cash_on_delivery,1,delivered,2025-10-20,4.0,,,
LT-104500,2025-10-17,Colombia,capital,Electronics,Vertex Ergonomic Mouse,1,21.5,21.5,digital_wallet,1,delivered,2025-10-20,3.0,,,
LT-101769,2025-10-17,Colombia,extended_zone,Beauty,CeramicPro Hair Straightener,1,40.82,40.82,debit_card,1,delivered,2025-10-22,5.0,,,
LT-100528,2025-10-17,Colombia,urban,Home,Stackable Kitchen Organizer x3,1,16.48,16.48,credit_card,1,delivered,2025-10-19,2.0,,,
LT-104953,2025-10-17,Chile,capital,Fashion,Strida Urban Sneakers,1,48.11,48.11,debit_card,1,delivered,2025-10-21,4.0,2025-10-30,defective_product,rejected
LT-103673,2025-10-17,Mexico,urban,Electronics,Boom Mini Bluetooth Speaker,1,29.85,29.85,credit_card,3,delivered,2025-10-21,4.0,,,
LT-102296,2025-10-17,Peru,extended_zone,Electronics,360 WiFi Security Camera,1,48.5,48.5,credit_card,1,delivered,2025-10-24,7.0,,,
LT-102033,2025-10-17,Peru,urban,Electronics,Boom Mini Bluetooth Speaker,2,30.72,61.44,digital_wallet,1,delivered,2025-10-19,2.0,,,
LT-103070,2025-10-17,Peru,capital,Electronics,Pulse S2 Smartwatch,1,94.71,94.71,digital_wallet,1,delivered,2025-10-21,4.0,,,
LT-100319,2025-10-17,Chile,capital,Electronics,Vertex Ergonomic Mouse,2,21.11,42.22,credit_card,6,delivered,2025-10-23,6.0,,,
LT-100881,2025-10-17,Chile,extended_zone,Fashion,TrailFit Waterproof Jacket,1,67.99,67.99,digital_wallet,1,delivered,2025-10-26,9.0,,,
LT-104967,2025-10-17,Peru,urban,Beauty,Complete Skincare Routine Kit,1,36.64,36.64,digital_wallet,1,delivered,2025-10-20,3.0,,,
LT-100343,2025-10-17,Peru,capital,Electronics,Nova Wireless Earbuds,1,40.67,40.67,bank_transfer,1,delivered,2025-10-22,5.0,,,
LT-103031,2025-10-17,Mexico,urban,Sports,SteelHydro 1L Thermal Bottle,3,17.44,52.32,credit_card,1,delivered,2025-10-21,4.0,,,
LT-103798,2025-10-17,Chile,urban,Fashion,TrailFit Waterproof Jacket,1,65.87,65.87,digital_wallet,1,delivered,2025-10-19,2.0,,,
LT-102377,2025-10-17,Mexico,extended_zone,Fashion,UrbanPack 25L Anti-theft Backpack,1,35.37,35.37,cash_on_delivery,1,delivered,2025-10-26,9.0,,,
LT-103508,2025-10-18,Mexico,urban,Home,Premium Queen Bedsheet Set,1,42.86,42.86,digital_wallet,1,delivered,2025-10-21,3.0,,,
LT-103593,2025-10-18,Canada,urban,Home,Flex LED Desk Lamp,3,17.79,53.37,credit_card,3,delivered,2025-10-22,4.0,,,
LT-104166,2025-10-18,Canada,capital,Electronics,Vertex Ergonomic Mouse,2,21.08,42.16,debit_card,1,delivered,2025-10-22,4.0,,,
LT-104234,2025-10-18,Colombia,extended_zone,Electronics,Pulse S2 Smartwatch,1,91.97,91.97,credit_card,1,delivered,2025-10-24,6.0,,,
LT-101034,2025-10-18,Peru,urban,Sports,Resistance Bands Set x5,2,14.37,28.74,credit_card,1,delivered,2025-10-20,2.0,,,
LT-101756,2025-10-18,Peru,urban,Home,CleanBot Lite Robot Vacuum,1,133.66,133.66,credit_card,1,delivered,2025-10-22,4.0,,,
LT-100942,2025-10-18,Colombia,urban,Home,CompactChef 4L Air Fryer,1,75.69,75.69,debit_card,1,delivered,2025-10-20,2.0,,,
LT-102930,2025-10-18,Mexico,capital,Electronics,360 WiFi Security Camera,1,45.88,45.88,digital_wallet,1,delivered,2025-10-21,3.0,,,
LT-102515,2025-10-18,Colombia,urban,Fashion,TrailFit Waterproof Jacket,1,69.22,69.22,credit_card,1,delivered,2025-10-20,2.0,,,
LT-104521,2025-10-18,United States,urban,Fashion,UrbanPack 25L Anti-theft Backpack,1,35.66,35.66,cash_on_delivery,1,delivered,2025-10-21,3.0,,,
LT-100387,2025-10-18,Chile,urban,Accessories,Interchangeable Watch Strap,2,8.81,17.62,debit_card,1,delivered,2025-10-20,2.0,,,
LT-101547,2025-10-19,Peru,capital,Electronics,Boom Mini Bluetooth Speaker,1,30.12,30.12,credit_card,1,delivered,2025-10-23,4.0,,,
LT-101455,2025-10-19,United States,extended_zone,Sports,Pro Non-slip Yoga Mat,1,19.09,19.09,credit_card,1,delivered,2025-10-27,8.0,,,
LT-102338,2025-10-19,United States,urban,Electronics,Nova Wireless Earbuds,1,42.61,42.61,bank_transfer,1,delivered,2025-10-22,3.0,,,
LT-100177,2025-10-19,United States,extended_zone,Home,Premium Queen Bedsheet Set,2,43.51,87.02,debit_card,1,delivered,2025-10-26,7.0,,,
LT-100378,2025-10-19,Argentina,capital,Fashion,Strida Urban Sneakers,1,52.67,52.67,digital_wallet,1,delivered,2025-10-24,5.0,,,
LT-102489,2025-10-19,Mexico,urban,Fashion,Pima Cotton Basic Tee (2-pack),2,21.72,43.44,debit_card,1,delivered,2025-10-23,4.0,,,
LT-103636,2025-10-19,Mexico,capital,Sports,Pro Non-slip Yoga Mat,1,19.76,19.76,credit_card,1,delivered,2025-10-23,4.0,,,
LT-103361,2025-10-19,Chile,extended_zone,Electronics,Nova Wireless Earbuds,1,38.54,38.54,digital_wallet,1,delivered,2025-10-27,8.0,,,
LT-101910,2025-10-19,Canada,capital,Home,Premium Queen Bedsheet Set,1,40.04,40.04,credit_card,1,delivered,2025-10-23,4.0,,,
LT-101628,2025-10-19,Mexico,capital,Home,CompactChef 4L Air Fryer,1,75.9,75.9,digital_wallet,1,delivered,2025-10-22,3.0,,,
LT-104443,2025-10-19,Chile,capital,Electronics,65W Fast Charger,3,26.21,78.63,credit_card,1,delivered,2025-10-23,4.0,,,
LT-101657,2025-10-19,Colombia,urban,Accessories,Interchangeable Watch Strap,1,8.96,8.96,digital_wallet,1,delivered,2025-10-23,4.0,,,
LT-103992,2025-10-19,Peru,capital,Electronics,360 WiFi Security Camera,2,44.93,89.86,bank_transfer,1,delivered,2025-10-22,3.0,,,
LT-103091,2025-10-19,Mexico,urban,Fashion,Pima Cotton Basic Tee (2-pack),1,22.63,22.63,debit_card,1,delivered,2025-10-23,4.0,,,
LT-104534,2025-10-20,Peru,urban,Fashion,TrailFit Waterproof Jacket,2,62.01,124.02,debit_card,1,delivered,2025-10-23,3.0,,,
LT-100196,2025-10-20,Chile,extended_zone,Sports,SteelHydro 1L Thermal Bottle,1,16.51,16.51,credit_card,1,delivered,2025-10-26,6.0,,,
LT-101806,2025-10-20,United States,capital,Fashion,TrailFit Waterproof Jacket,1,65.3,65.3,digital_wallet,1,delivered,2025-10-26,6.0,,,
LT-101068,2025-10-20,United States,capital,Fashion,TrailFit Waterproof Jacket,1,61.09,61.09,credit_card,1,delivered,2025-10-25,5.0,2025-11-06,arrived_damaged,rejected
LT-101480,2025-10-20,Peru,urban,Fashion,TrailFit Waterproof Jacket,3,68.67,206.01,credit_card,1,cancelled,,,,,
LT-100284,2025-10-20,United States,capital,Fashion,UrbanPack 25L Anti-theft Backpack,1,38.5,38.5,debit_card,1,delivered,2025-10-24,4.0,,,
LT-104602,2025-10-20,Mexico,extended_zone,Home,Premium Queen Bedsheet Set,2,40.75,81.5,bank_transfer,1,delivered,2025-10-29,9.0,,,
LT-100225,2025-10-20,Mexico,urban,Sports,SteelHydro 1L Thermal Bottle,1,17.17,17.17,credit_card,3,delivered,2025-10-24,4.0,,,
LT-102129,2025-10-20,United States,capital,Electronics,Nova Wireless Earbuds,1,40.9,40.9,credit_card,3,delivered,2025-10-23,3.0,,,
LT-100864,2025-10-20,Peru,capital,Home,CompactChef 4L Air Fryer,1,70.41,70.41,credit_card,1,delivered,2025-10-26,6.0,,,
LT-102756,2025-10-20,Mexico,urban,Electronics,65W Fast Charger,1,24.84,24.84,digital_wallet,1,delivered,2025-10-22,2.0,,,
LT-102635,2025-10-20,United States,urban,Home,Flex LED Desk Lamp,1,17.51,17.51,digital_wallet,1,delivered,2025-10-22,2.0,,,
LT-103192,2025-10-20,Colombia,urban,Electronics,Boom Mini Bluetooth Speaker,2,28.51,57.02,credit_card,6,delivered,2025-10-24,4.0,,,
LT-104982,2025-10-20,Chile,extended_zone,Electronics,Nova Wireless Earbuds,2,42.1,84.2,debit_card,1,delivered,2025-10-28,8.0,2025-11-02,not_as_described,refunded
LT-101912,2025-10-20,Colombia,urban,Home,Stackable Kitchen Organizer x3,1,16.22,16.22,credit_card,6,delivered,2025-10-24,4.0,,,
LT-104863,2025-10-21,United States,urban,Home,Premium Queen Bedsheet Set,1,42.52,42.52,bank_transfer,1,delivered,2025-10-23,2.0,,,
LT-101026,2025-10-21,Mexico,capital,Fashion,Pima Cotton Basic Tee (2-pack),2,23.07,46.14,bank_transfer,1,delivered,2025-10-26,5.0,,,
LT-104611,2025-10-21,United States,capital,Fashion,Pima Cotton Basic Tee (2-pack),1,21.15,21.15,credit_card,3,delivered,2025-10-25,4.0,2025-11-14,defective_product,refunded
LT-104663,2025-10-21,Argentina,capital,Electronics,Boom Mini Bluetooth Speaker,1,28.32,28.32,credit_card,6,delivered,2025-10-27,6.0,2025-11-01,defective_product,refunded
LT-100446,2025-10-21,Chile,extended_zone,Fashion,Pima Cotton Basic Tee (2-pack),1,20.81,20.81,cash_on_delivery,1,delivered,2025-11-02,12.0,,,
LT-104694,2025-10-21,Colombia,capital,Fashion,UrbanPack 25L Anti-theft Backpack,1,36.25,36.25,credit_card,3,delivered,2025-10-26,5.0,,,
LT-103305,2025-10-21,Peru,urban,Fashion,TrailFit Waterproof Jacket,1,65.07,65.07,debit_card,1,delivered,2025-10-23,2.0,,,
LT-104133,2025-10-21,Argentina,urban,Electronics,360 WiFi Security Camera,3,49.49,148.47,cash_on_delivery,1,delivered,2025-10-24,3.0,,,
LT-100902,2025-10-21,Colombia,capital,Electronics,Nova Wireless Earbuds,3,39.65,118.95,digital_wallet,1,delivered,2025-10-27,6.0,,,
LT-103224,2025-10-21,United States,capital,Fashion,TrailFit Waterproof Jacket,1,60.97,60.97,credit_card,1,delivered,2025-10-26,5.0,,,
LT-104533,2025-10-21,Mexico,capital,Fashion,Andino Slim Fit Jeans,1,33.94,33.94,credit_card,12,delivered,2025-10-27,6.0,,,
LT-103820,2025-10-21,Argentina,urban,Electronics,360 WiFi Security Camera,3,48.87,146.61,debit_card,1,delivered,2025-10-24,3.0,,,
LT-103762,2025-10-21,United States,urban,Sports,SteelHydro 1L Thermal Bottle,1,16.25,16.25,bank_transfer,1,delivered,2025-10-23,2.0,,,
LT-102218,2025-10-21,Canada,urban,Fashion,TrailFit Waterproof Jacket,1,69.34,69.34,digital_wallet,1,delivered,2025-10-24,3.0,,,
LT-102936,2025-10-21,United States,urban,Electronics,65W Fast Charger,2,26.41,52.82,credit_card,3,delivered,2025-10-24,3.0,,,
LT-103811,2025-10-22,Peru,capital,Electronics,65W Fast Charger,1,25.31,25.31,credit_card,1,cancelled,,,,,
LT-103718,2025-10-22,United States,urban,Electronics,65W Fast Charger,1,24.61,24.61,cash_on_delivery,1,delivered,2025-10-26,4.0,,,
LT-102579,2025-10-22,Canada,extended_zone,Beauty,CeramicPro Hair Straightener,1,41.11,41.11,digital_wallet,1,cancelled,,,,,
LT-101896,2025-10-22,Argentina,urban,Home,Stackable Kitchen Organizer x3,1,16.51,16.51,debit_card,1,cancelled,,,,,
LT-102788,2025-10-22,Mexico,urban,Electronics,Vertex Ergonomic Mouse,1,19.86,19.86,bank_transfer,1,delivered,2025-10-25,3.0,,,
LT-102683,2025-10-22,Colombia,extended_zone,Electronics,360 WiFi Security Camera,1,45.25,45.25,digital_wallet,1,delivered,2025-10-30,8.0,,,
LT-101275,2025-10-22,Argentina,capital,Electronics,65W Fast Charger,1,24.63,24.63,credit_card,3,delivered,2025-10-28,6.0,,,
LT-103030,2025-10-23,Colombia,urban,Sports,Adjustable Dumbbells 2x10kg,1,55.41,55.41,digital_wallet,1,delivered,2025-10-25,2.0,,,
LT-104834,2025-10-23,United States,extended_zone,Electronics,Boom Mini Bluetooth Speaker,1,28.7,28.7,credit_card,6,delivered,2025-11-03,11.0,,,
LT-103572,2025-10-23,Canada,urban,Sports,Resistance Bands Set x5,1,13.51,13.51,credit_card,3,delivered,2025-10-27,4.0,,,
LT-102044,2025-10-23,Mexico,extended_zone,Electronics,360 WiFi Security Camera,1,44.26,44.26,bank_transfer,1,delivered,2025-10-31,8.0,,,
LT-103153,2025-10-23,Colombia,urban,Sports,Pro Non-slip Yoga Mat,1,20.54,20.54,digital_wallet,1,delivered,2025-10-25,2.0,,,
LT-104019,2025-10-23,United States,capital,Electronics,Vertex Ergonomic Mouse,1,20.54,20.54,debit_card,1,delivered,2025-10-27,4.0,,,
LT-101501,2025-10-23,Colombia,urban,Electronics,Pulse S2 Smartwatch,1,90.02,90.02,bank_transfer,1,delivered,2025-10-26,3.0,,,
LT-104868,2025-10-23,Chile,extended_zone,Electronics,65W Fast Charger,1,24.59,24.59,digital_wallet,1,delivered,2025-10-28,5.0,,,
LT-101555,2025-10-23,Argentina,urban,Electronics,65W Fast Charger,1,23.2,23.2,credit_card,12,delivered,2025-10-26,3.0,,,
LT-100416,2025-10-23,Mexico,capital,Home,Stackable Kitchen Organizer x3,1,16.57,16.57,digital_wallet,1,delivered,2025-10-29,6.0,,,
LT-100698,2025-10-23,Argentina,urban,Fashion,TrailFit Waterproof Jacket,1,61.42,61.42,credit_card,6,delivered,2025-10-25,2.0,,,
LT-101988,2025-10-23,United States,extended_zone,Sports,Resistance Bands Set x5,1,14.32,14.32,credit_card,3,delivered,2025-10-29,6.0,,,
LT-102315,2025-10-23,Canada,capital,Fashion,Strida Urban Sneakers,1,49.71,49.71,debit_card,1,delivered,2025-10-28,5.0,,,
LT-101764,2025-10-23,Argentina,urban,Fashion,UrbanPack 25L Anti-theft Backpack,1,38.06,38.06,debit_card,1,delivered,2025-10-26,3.0,,,
LT-103771,2025-10-23,Mexico,urban,Fashion,Strida Urban Sneakers,1,47.19,47.19,credit_card,3,delivered,2025-10-25,2.0,,,
LT-101571,2025-10-23,Colombia,extended_zone,Accessories,14'' Hard Laptop Case,1,16.9,16.9,credit_card,3,delivered,2025-10-30,7.0,,,
LT-103839,2025-10-23,Mexico,capital,Sports,Adjustable Dumbbells 2x10kg,1,59.11,59.11,credit_card,12,delivered,2025-10-27,4.0,,,
LT-103274,2025-10-23,Mexico,extended_zone,Home,Stackable Kitchen Organizer x3,1,16.26,16.26,cash_on_delivery,1,delivered,2025-10-30,7.0,,,
LT-104935,2025-10-24,United States,capital,Electronics,Pulse S2 Smartwatch,1,82.94,82.94,bank_transfer,1,delivered,2025-10-30,6.0,,,
LT-100923,2025-10-24,Colombia,urban,Electronics,Pulse S2 Smartwatch,1,85.54,85.54,cash_on_delivery,1,delivered,2025-10-26,2.0,,,
LT-102953,2025-10-24,Colombia,urban,Electronics,Nova Wireless Earbuds,1,37.96,37.96,credit_card,1,delivered,2025-10-27,3.0,,,
LT-102888,2025-10-24,United States,capital,Home,CompactChef 4L Air Fryer,1,73.85,73.85,bank_transfer,1,delivered,2025-10-28,4.0,,,
LT-100453,2025-10-24,United States,capital,Beauty,AirStyle Ionic Hair Dryer,1,45.33,45.33,debit_card,1,delivered,2025-10-28,4.0,,,
LT-100533,2025-10-24,Peru,capital,Electronics,65W Fast Charger,2,23.48,46.96,credit_card,1,delivered,2025-10-27,3.0,,,
LT-104793,2025-10-24,Mexico,capital,Electronics,360 WiFi Security Camera,1,45.64,45.64,credit_card,1,delivered,2025-10-29,5.0,,,
LT-104929,2025-10-24,Chile,extended_zone,Electronics,360 WiFi Security Camera,1,45.84,45.84,credit_card,1,delivered,2025-11-04,11.0,,,
LT-104117,2025-10-24,Colombia,capital,Electronics,Boom Mini Bluetooth Speaker,1,27.94,27.94,debit_card,1,delivered,2025-10-27,3.0,,,
LT-101412,2025-10-24,United States,capital,Electronics,Boom Mini Bluetooth Speaker,1,31.43,31.43,debit_card,1,delivered,2025-10-28,4.0,,,
LT-104750,2025-10-24,Argentina,urban,Home,Flex LED Desk Lamp,1,19.47,19.47,credit_card,12,delivered,2025-10-27,3.0,,,
LT-102910,2025-10-25,Chile,urban,Beauty,Complete Skincare Routine Kit,3,37.79,113.37,credit_card,1,delivered,2025-10-27,2.0,,,
LT-100586,2025-10-25,Colombia,urban,Electronics,Boom Mini Bluetooth Speaker,1,29.66,29.66,credit_card,3,delivered,2025-10-28,3.0,,,
LT-104517,2025-10-25,United States,urban,Fashion,UrbanPack 25L Anti-theft Backpack,3,36.28,108.84,credit_card,12,delivered,2025-10-28,3.0,,,
LT-100238,2025-10-25,Colombia,extended_zone,Fashion,UrbanPack 25L Anti-theft Backpack,1,38.15,38.15,debit_card,1,delivered,2025-11-05,11.0,,,
LT-101709,2025-10-25,Argentina,extended_zone,Fashion,TrailFit Waterproof Jacket,1,64.2,64.2,credit_card,3,delivered,2025-11-06,12.0,,,
LT-101828,2025-10-25,Argentina,extended_zone,Accessories,Interchangeable Watch Strap,1,8.29,8.29,credit_card,1,delivered,2025-10-31,6.0,,,
LT-100615,2025-10-25,Mexico,capital,Electronics,Vertex Ergonomic Mouse,1,21.44,21.44,credit_card,1,delivered,2025-10-28,3.0,,,
LT-103405,2025-10-25,Peru,urban,Home,Premium Queen Bedsheet Set,3,44.21,132.63,cash_on_delivery,1,delivered,2025-10-27,2.0,,,
LT-103052,2025-10-25,Peru,capital,Fashion,Pima Cotton Basic Tee (2-pack),1,21.42,21.42,credit_card,1,delivered,2025-10-29,4.0,,,
LT-104018,2025-10-25,Colombia,urban,Home,Stackable Kitchen Organizer x3,1,15.49,15.49,cash_on_delivery,1,delivered,2025-10-29,4.0,,,
LT-104881,2025-10-25,United States,extended_zone,Home,Stackable Kitchen Organizer x3,1,15.21,15.21,debit_card,1,delivered,2025-11-05,11.0,,,
LT-100010,2025-10-25,United States,capital,Electronics,Boom Mini Bluetooth Speaker,2,28.08,56.16,debit_card,1,delivered,2025-10-28,3.0,,,
LT-104715,2025-10-25,Mexico,urban,Sports,Pro Non-slip Yoga Mat,1,20.96,20.96,credit_card,3,delivered,2025-10-28,3.0,,,
LT-104342,2025-10-25,United States,urban,Electronics,Nova Wireless Earbuds,2,41.98,83.96,digital_wallet,1,delivered,2025-10-29,4.0,,,
LT-103526,2025-10-25,Peru,capital,Electronics,Vertex Ergonomic Mouse,1,22.2,22.2,credit_card,1,delivered,2025-10-29,4.0,,,
LT-100117,2025-10-25,Peru,extended_zone,Electronics,65W Fast Charger,2,26.61,53.22,credit_card,1,cancelled,,,,,
LT-104441,2025-10-25,Mexico,capital,Electronics,Vertex Ergonomic Mouse,1,19.74,19.74,credit_card,1,delivered,2025-10-29,4.0,,,
LT-101168,2025-10-25,Colombia,capital,Electronics,Boom Mini Bluetooth Speaker,1,28.28,28.28,credit_card,3,delivered,2025-10-28,3.0,,,
LT-103481,2025-10-26,United States,capital,Sports,Resistance Bands Set x5,1,13.24,13.24,digital_wallet,1,delivered,2025-10-30,4.0,,,
LT-103988,2025-10-26,United States,extended_zone,Accessories,Interchangeable Watch Strap,1,8.92,8.92,digital_wallet,1,delivered,2025-11-05,10.0,,,
LT-104764,2025-10-26,United States,urban,Electronics,65W Fast Charger,3,26.46,79.38,credit_card,1,delivered,2025-10-29,3.0,,,
LT-100163,2025-10-26,Argentina,capital,Electronics,360 WiFi Security Camera,1,50.08,50.08,credit_card,1,delivered,2025-10-31,5.0,,,
LT-103935,2025-10-26,Colombia,extended_zone,Electronics,Vertex Ergonomic Mouse,1,21.93,21.93,cash_on_delivery,1,delivered,2025-11-01,6.0,,,
LT-101831,2025-10-26,Argentina,urban,Electronics,Pulse S2 Smartwatch,1,89.99,89.99,debit_card,1,delivered,2025-10-28,2.0,,,
LT-101377,2025-10-26,Chile,urban,Electronics,65W Fast Charger,2,23.96,47.92,bank_transfer,1,delivered,2025-10-30,4.0,,,
LT-101655,2025-10-26,Peru,extended_zone,Accessories,Interchangeable Watch Strap,1,8.55,8.55,debit_card,1,delivered,2025-11-07,12.0,,,
LT-100799,2025-10-26,Argentina,urban,Home,Stackable Kitchen Organizer x3,1,14.99,14.99,debit_card,1,delivered,2025-10-29,3.0,,,
LT-100128,2025-10-26,United States,urban,Fashion,Pima Cotton Basic Tee (2-pack),1,22.48,22.48,debit_card,1,delivered,2025-10-30,4.0,,,
LT-103755,2025-10-26,Colombia,capital,Electronics,Pulse S2 Smartwatch,1,85.07,85.07,credit_card,1,delivered,2025-11-01,6.0,,,
LT-101521,2025-10-26,Peru,urban,Electronics,360 WiFi Security Camera,1,50.57,50.57,debit_card,1,delivered,2025-10-30,4.0,,,
LT-104066,2025-10-27,Mexico,capital,Electronics,360 WiFi Security Camera,1,48.34,48.34,debit_card,1,delivered,2025-10-30,3.0,,,
LT-103379,2025-10-27,Colombia,urban,Electronics,Nova Wireless Earbuds,1,37.18,37.18,bank_transfer,1,delivered,2025-10-30,3.0,,,
LT-104400,2025-10-27,Colombia,extended_zone,Fashion,UrbanPack 25L Anti-theft Backpack,1,39.75,39.75,debit_card,1,delivered,2025-11-01,5.0,,,
LT-102818,2025-10-27,Chile,urban,Home,Flex LED Desk Lamp,1,17.39,17.39,digital_wallet,1,delivered,2025-10-29,2.0,,,
LT-101428,2025-10-27,Argentina,urban,Fashion,TrailFit Waterproof Jacket,1,66.21,66.21,debit_card,1,delivered,2025-10-30,3.0,,,
LT-104201,2025-10-27,Colombia,urban,Electronics,Boom Mini Bluetooth Speaker,2,27.61,55.22,debit_card,1,delivered,2025-10-31,4.0,,,
LT-104449,2025-10-27,Canada,capital,Home,CompactChef 4L Air Fryer,1,75.26,75.26,credit_card,6,delivered,2025-10-31,4.0,,,
LT-100632,2025-10-27,Mexico,urban,Electronics,360 WiFi Security Camera,1,47.36,47.36,digital_wallet,1,delivered,2025-10-29,2.0,,,
LT-104250,2025-10-27,Chile,urban,Electronics,Vertex Ergonomic Mouse,1,22.07,22.07,digital_wallet,1,delivered,2025-10-31,4.0,,,
LT-101487,2025-10-28,United States,extended_zone,Sports,SteelHydro 1L Thermal Bottle,1,17.32,17.32,debit_card,1,delivered,2025-11-03,6.0,,,
LT-104460,2025-10-28,Peru,extended_zone,Beauty,CeramicPro Hair Straightener,1,41.4,41.4,debit_card,1,delivered,2025-11-07,10.0,,,
LT-100917,2025-10-28,Chile,urban,Electronics,Nova Wireless Earbuds,1,42.66,42.66,credit_card,3,delivered,2025-11-01,4.0,,,
LT-104196,2025-10-28,United States,urban,Electronics,Nova Wireless Earbuds,2,40.99,81.98,credit_card,6,delivered,2025-11-01,4.0,,,
LT-101618,2025-10-28,United States,urban,Electronics,65W Fast Charger,1,25.63,25.63,digital_wallet,1,delivered,2025-10-31,3.0,,,
LT-101995,2025-10-28,Colombia,extended_zone,Home,Premium Queen Bedsheet Set,2,44.54,89.08,debit_card,1,delivered,2025-11-04,7.0,,,
LT-103083,2025-10-28,Chile,capital,Electronics,65W Fast Charger,1,24.59,24.59,bank_transfer,1,delivered,2025-11-03,6.0,,,
LT-102526,2025-10-28,Chile,urban,Sports,SteelHydro 1L Thermal Bottle,2,15.53,31.06,bank_transfer,1,delivered,2025-10-31,3.0,,,
LT-103209,2025-10-28,Peru,capital,Electronics,360 WiFi Security Camera,3,45.7,137.1,debit_card,1,delivered,2025-11-03,6.0,,,
LT-102848,2025-10-29,Peru,urban,Home,Stackable Kitchen Organizer x3,3,15.51,46.53,bank_transfer,1,delivered,2025-10-31,2.0,,,
LT-100801,2025-10-29,United States,extended_zone,Home,CompactChef 4L Air Fryer,1,78.34,78.34,credit_card,6,delivered,2025-11-10,12.0,,,
LT-101170,2025-10-29,Mexico,capital,Electronics,Boom Mini Bluetooth Speaker,1,30.08,30.08,credit_card,1,delivered,2025-11-01,3.0,,,
LT-102529,2025-10-29,Peru,extended_zone,Electronics,360 WiFi Security Camera,2,49.53,99.06,cash_on_delivery,1,delivered,2025-11-04,6.0,,,
LT-102012,2025-10-29,Chile,urban,Accessories,Interchangeable Watch Strap,2,8.19,16.38,credit_card,1,delivered,2025-10-31,2.0,,,
LT-100880,2025-10-29,Canada,capital,Sports,Resistance Bands Set x5,1,14.34,14.34,credit_card,3,delivered,2025-11-02,4.0,2025-11-06,arrived_damaged,refunded
LT-104683,2025-10-29,Argentina,urban,Electronics,Nova Wireless Earbuds,2,37.5,75.0,bank_transfer,1,delivered,2025-11-01,3.0,,,
LT-101065,2025-10-29,Chile,capital,Home,CompactChef 4L Air Fryer,1,72.0,72.0,credit_card,6,delivered,2025-11-01,3.0,,,
LT-102916,2025-10-29,Argentina,capital,Home,Flex LED Desk Lamp,2,17.79,35.58,credit_card,6,delivered,2025-11-02,4.0,,,
LT-104936,2025-10-29,Chile,extended_zone,Sports,SteelHydro 1L Thermal Bottle,1,16.21,16.21,credit_card,3,delivered,2025-11-10,12.0,,,
LT-102453,2025-10-29,Colombia,capital,Electronics,Nova Wireless Earbuds,1,40.95,40.95,debit_card,1,delivered,2025-11-03,5.0,,,
LT-101968,2025-10-29,Mexico,urban,Electronics,Pulse S2 Smartwatch,3,82.78,248.34,credit_card,1,delivered,2025-10-31,2.0,,,
LT-103966,2025-10-29,United States,extended_zone,Fashion,TrailFit Waterproof Jacket,1,61.08,61.08,credit_card,1,delivered,2025-11-05,7.0,,,
LT-102802,2025-10-29,Colombia,extended_zone,Electronics,360 WiFi Security Camera,2,48.81,97.62,credit_card,1,delivered,2025-11-10,12.0,,,
LT-103254,2025-10-29,United States,urban,Electronics,Kova K61 Mechanical Keyboard,1,57.48,57.48,cash_on_delivery,1,delivered,2025-11-01,3.0,,,
LT-103907,2025-10-30,Peru,urban,Home,Flex LED Desk Lamp,1,18.2,18.2,bank_transfer,1,delivered,2025-11-01,2.0,,,
LT-104259,2025-10-30,Mexico,urban,Electronics,Vertex Ergonomic Mouse,1,22.41,22.41,debit_card,1,delivered,2025-11-01,2.0,,,
LT-101822,2025-10-30,Colombia,capital,Fashion,Pima Cotton Basic Tee (2-pack),1,22.04,22.04,credit_card,1,delivered,2025-11-04,5.0,2025-12-02,not_as_described,under_review
LT-100485,2025-10-30,Colombia,capital,Electronics,Vertex Ergonomic Mouse,1,21.01,21.01,credit_card,1,delivered,2025-11-02,3.0,,,
LT-101439,2025-10-30,Peru,capital,Electronics,Vertex Ergonomic Mouse,1,20.7,20.7,debit_card,1,delivered,2025-11-04,5.0,,,
LT-104873,2025-10-30,United States,urban,Fashion,Pima Cotton Basic Tee (2-pack),1,22.71,22.71,debit_card,1,delivered,2025-11-02,3.0,,,
LT-101983,2025-10-30,United States,capital,Home,CompactChef 4L Air Fryer,3,72.8,218.4,credit_card,1,delivered,2025-11-04,5.0,,,
LT-103975,2025-10-30,Peru,urban,Home,Stackable Kitchen Organizer x3,1,16.23,16.23,digital_wallet,1,cancelled,,,,,
LT-102957,2025-10-30,Colombia,urban,Fashion,Strida Urban Sneakers,2,50.18,100.36,cash_on_delivery,1,delivered,2025-11-03,4.0,,,
LT-100369,2025-10-30,Colombia,urban,Electronics,Pulse S2 Smartwatch,1,86.52,86.52,credit_card,12,delivered,2025-11-02,3.0,,,
LT-104699,2025-10-30,Peru,urban,Home,Premium Queen Bedsheet Set,1,43.4,43.4,digital_wallet,1,delivered,2025-11-01,2.0,,,
LT-104354,2025-10-31,Peru,capital,Home,Stackable Kitchen Organizer x3,1,15.93,15.93,digital_wallet,1,delivered,2025-11-04,4.0,,,
LT-104122,2025-10-31,Colombia,urban,Electronics,360 WiFi Security Camera,1,47.09,47.09,digital_wallet,1,delivered,2025-11-04,4.0,,,
LT-103728,2025-10-31,Peru,capital,Electronics,65W Fast Charger,1,25.07,25.07,credit_card,1,cancelled,,,,,
LT-101518,2025-10-31,United States,extended_zone,Electronics,Kova K61 Mechanical Keyboard,3,51.42,154.26,debit_card,1,delivered,2025-11-10,10.0,,,
LT-104579,2025-10-31,Peru,urban,Electronics,Pulse S2 Smartwatch,1,88.05,88.05,credit_card,1,delivered,2025-11-04,4.0,,,
LT-101958,2025-10-31,United States,extended_zone,Fashion,Strida Urban Sneakers,1,49.45,49.45,digital_wallet,1,delivered,2025-11-06,6.0,,,
LT-102133,2025-10-31,United States,capital,Fashion,Pima Cotton Basic Tee (2-pack),1,22.3,22.3,bank_transfer,1,delivered,2025-11-04,4.0,,,
LT-100214,2025-10-31,Mexico,extended_zone,Sports,Pro Non-slip Yoga Mat,1,18.79,18.79,credit_card,6,delivered,2025-11-06,6.0,2025-11-14,arrived_damaged,refunded
LT-102913,2025-10-31,United States,urban,Electronics,360 WiFi Security Camera,2,44.82,89.64,digital_wallet,1,delivered,2025-11-03,3.0,,,
LT-104927,2025-10-31,United States,extended_zone,Sports,Resistance Bands Set x5,2,13.85,27.7,bank_transfer,1,delivered,2025-11-11,11.0,,,
LT-101180,2025-10-31,Colombia,extended_zone,Electronics,Nova Wireless Earbuds,2,41.07,82.14,bank_transfer,1,delivered,2025-11-12,12.0,,,
LT-101144,2025-10-31,United States,capital,Accessories,Interchangeable Watch Strap,1,8.07,8.07,credit_card,3,delivered,2025-11-06,6.0,,,
LT-100142,2025-10-31,United States,urban,Accessories,Interchangeable Watch Strap,1,8.13,8.13,debit_card,1,delivered,2025-11-04,4.0,,,
LT-104397,2025-11-01,Colombia,capital,Electronics,Vertex Ergonomic Mouse,3,21.41,64.23,credit_card,6,delivered,2025-11-06,5.0,,,
LT-100845,2025-11-01,Peru,urban,Electronics,360 WiFi Security Camera,1,44.28,44.28,debit_card,1,delivered,2025-11-05,4.0,2025-11-10,changed_mind,refunded
LT-101426,2025-11-01,Mexico,capital,Home,CompactChef 4L Air Fryer,3,79.2,237.6,digital_wallet,1,delivered,2025-11-04,3.0,2025-11-24,defective_product,refunded
LT-100830,2025-11-01,Peru,capital,Beauty,AirStyle Ionic Hair Dryer,1,42.12,42.12,credit_card,6,delivered,2025-11-07,6.0,,,
LT-104082,2025-11-01,United States,urban,Electronics,Pulse S2 Smartwatch,1,92.55,92.55,credit_card,3,delivered,2025-11-04,3.0,,,
LT-102080,2025-11-01,Chile,urban,Accessories,Interchangeable Watch Strap,1,8.22,8.22,credit_card,1,delivered,2025-11-05,4.0,,,
LT-103236,2025-11-01,Peru,capital,Fashion,Strida Urban Sneakers,1,52.75,52.75,credit_card,3,delivered,2025-11-05,4.0,,,
LT-104067,2025-11-01,Argentina,capital,Electronics,Kova K61 Mechanical Keyboard,1,54.3,54.3,credit_card,3,delivered,2025-11-07,6.0,,,
LT-100804,2025-11-01,Canada,capital,Electronics,Pulse S2 Smartwatch,1,88.89,88.89,credit_card,1,delivered,2025-11-07,6.0,,,
LT-104248,2025-11-01,Colombia,capital,Electronics,Nova Wireless Earbuds,1,37.23,37.23,credit_card,6,delivered,2025-11-05,4.0,,,
LT-103182,2025-11-01,Mexico,extended_zone,Sports,Pro Non-slip Yoga Mat,3,18.63,55.89,bank_transfer,1,delivered,2025-11-09,8.0,,,
LT-104908,2025-11-01,Mexico,urban,Electronics,Pulse S2 Smartwatch,1,87.97,87.97,credit_card,6,delivered,2025-11-03,2.0,,,
LT-102918,2025-11-01,Colombia,extended_zone,Sports,SteelHydro 1L Thermal Bottle,1,16.87,16.87,credit_card,1,delivered,2025-11-13,12.0,,,
LT-101267,2025-11-01,Mexico,capital,Home,Stackable Kitchen Organizer x3,1,16.79,16.79,cash_on_delivery,1,delivered,2025-11-07,6.0,,,
LT-101969,2025-11-01,Colombia,urban,Electronics,Pulse S2 Smartwatch,1,94.68,94.68,bank_transfer,1,delivered,2025-11-04,3.0,,,
LT-100005,2025-11-01,Mexico,urban,Electronics,Nova Wireless Earbuds,1,39.99,39.99,credit_card,3,delivered,2025-11-04,3.0,,,
LT-103739,2025-11-01,Canada,capital,Fashion,TrailFit Waterproof Jacket,1,65.47,65.47,credit_card,1,delivered,2025-11-05,4.0,2025-11-06,not_as_described,refunded
LT-100858,2025-11-01,Mexico,capital,Accessories,Foldable Phone Stand,1,9.89,9.89,cash_on_delivery,1,delivered,2025-11-04,3.0,,,
LT-102834,2025-11-01,United States,urban,Electronics,65W Fast Charger,1,25.0,25.0,bank_transfer,1,delivered,2025-11-04,3.0,,,
LT-103386,2025-11-01,Canada,urban,Beauty,CeramicPro Hair Straightener,3,36.73,110.19,debit_card,1,delivered,2025-11-04,3.0,,,
LT-102266,2025-11-01,United States,extended_zone,Electronics,65W Fast Charger,1,23.7,23.7,bank_transfer,1,delivered,2025-11-07,6.0,,,
LT-102140,2025-11-01,Peru,capital,Beauty,Complete Skincare Routine Kit,1,37.59,37.59,digital_wallet,1,delivered,2025-11-06,5.0,,,
LT-104489,2025-11-01,United States,capital,Beauty,Complete Skincare Routine Kit,1,35.28,35.28,credit_card,6,delivered,2025-11-05,4.0,,,
LT-103445,2025-11-01,United States,capital,Electronics,360 WiFi Security Camera,1,45.76,45.76,credit_card,1,delivered,2025-11-04,3.0,2025-11-19,wrong_size_or_model,under_review
LT-103417,2025-11-01,Mexico,urban,Accessories,14'' Hard Laptop Case,1,17.45,17.45,debit_card,1,delivered,2025-11-03,2.0,,,
LT-104620,2025-11-01,United States,extended_zone,Electronics,65W Fast Charger,1,23.88,23.88,debit_card,1,delivered,2025-11-06,5.0,,,
LT-103038,2025-11-02,Argentina,urban,Electronics,Boom Mini Bluetooth Speaker,1,27.96,27.96,debit_card,1,delivered,2025-11-04,2.0,,,
LT-100627,2025-11-02,Argentina,extended_zone,Accessories,Foldable Phone Stand,2,10.31,20.62,credit_card,3,delivered,2025-11-14,12.0,,,
LT-104358,2025-11-02,Colombia,urban,Accessories,Foldable Phone Stand,1,9.78,9.78,bank_transfer,1,delivered,2025-11-06,4.0,,,
LT-102872,2025-11-02,Colombia,urban,Beauty,CeramicPro Hair Straightener,1,39.0,39.0,credit_card,3,delivered,2025-11-06,4.0,,,
LT-104052,2025-11-02,Mexico,extended_zone,Home,CleanBot Lite Robot Vacuum,1,131.69,131.69,debit_card,1,delivered,2025-11-09,7.0,,,
LT-103511,2025-11-02,Mexico,extended_zone,Sports,SteelHydro 1L Thermal Bottle,1,17.43,17.43,debit_card,1,cancelled,,,,,
LT-101036,2025-11-02,United States,extended_zone,Electronics,360 WiFi Security Camera,1,47.67,47.67,digital_wallet,1,delivered,2025-11-12,10.0,,,
LT-101953,2025-11-02,Canada,urban,Electronics,Vertex Ergonomic Mouse,1,20.96,20.96,credit_card,1,delivered,2025-11-06,4.0,,,
LT-102202,2025-11-02,Peru,extended_zone,Electronics,Vertex Ergonomic Mouse,1,21.32,21.32,digital_wallet,1,delivered,2025-11-09,7.0,,,
LT-100447,2025-11-02,Peru,capital,Beauty,AirStyle Ionic Hair Dryer,1,45.81,45.81,bank_transfer,1,delivered,2025-11-06,4.0,,,
LT-103327,2025-11-02,Chile,urban,Electronics,Kova K61 Mechanical Keyboard,2,50.37,100.74,debit_card,1,delivered,2025-11-06,4.0,,,
LT-101047,2025-11-02,Peru,extended_zone,Home,Premium Queen Bedsheet Set,2,41.13,82.26,debit_card,1,delivered,2025-11-13,11.0,,,
LT-102344,2025-11-02,United States,capital,Fashion,TrailFit Waterproof Jacket,2,67.36,134.72,digital_wallet,1,delivered,2025-11-05,3.0,,,
LT-103516,2025-11-03,Canada,capital,Home,Stackable Kitchen Organizer x3,2,16.57,33.14,digital_wallet,1,delivered,2025-11-06,3.0,,,
LT-103965,2025-11-03,Colombia,capital,Electronics,Boom Mini Bluetooth Speaker,1,28.11,28.11,bank_transfer,1,delivered,2025-11-09,6.0,,,
LT-104930,2025-11-03,United States,capital,Sports,Adjustable Dumbbells 2x10kg,1,57.51,57.51,credit_card,1,delivered,2025-11-08,5.0,,,
LT-104817,2025-11-03,Colombia,extended_zone,Electronics,360 WiFi Security Camera,1,47.63,47.63,bank_transfer,1,delivered,2025-11-13,10.0,,,
LT-103558,2025-11-03,Colombia,urban,Fashion,UrbanPack 25L Anti-theft Backpack,1,35.56,35.56,debit_card,1,delivered,2025-11-06,3.0,,,
LT-103048,2025-11-03,United States,capital,Fashion,Pima Cotton Basic Tee (2-pack),3,22.01,66.03,credit_card,3,delivered,2025-11-07,4.0,,,
LT-100815,2025-11-03,Chile,capital,Electronics,Vertex Ergonomic Mouse,1,22.31,22.31,debit_card,1,cancelled,,,,,
LT-101435,2025-11-03,Chile,extended_zone,Home,Flex LED Desk Lamp,1,17.75,17.75,credit_card,1,delivered,2025-11-11,8.0,,,
LT-102628,2025-11-03,Mexico,urban,Home,CleanBot Lite Robot Vacuum,1,125.57,125.57,credit_card,6,delivered,2025-11-06,3.0,,,
LT-104944,2025-11-03,Canada,capital,Electronics,65W Fast Charger,1,23.3,23.3,debit_card,1,delivered,2025-11-06,3.0,,,
LT-100247,2025-11-03,Argentina,urban,Electronics,360 WiFi Security Camera,1,49.44,49.44,credit_card,1,delivered,2025-11-06,3.0,,,
LT-101866,2025-11-03,Argentina,urban,Fashion,Andino Slim Fit Jeans,1,31.71,31.71,debit_card,1,delivered,2025-11-06,3.0,2025-11-09,changed_mind,rejected
LT-101514,2025-11-03,Peru,capital,Electronics,360 WiFi Security Camera,1,47.56,47.56,digital_wallet,1,delivered,2025-11-09,6.0,,,
LT-104697,2025-11-03,Mexico,urban,Electronics,65W Fast Charger,1,26.63,26.63,credit_card,1,delivered,2025-11-07,4.0,,,
LT-104675,2025-11-03,Mexico,urban,Beauty,Complete Skincare Routine Kit,1,37.37,37.37,debit_card,1,delivered,2025-11-05,2.0,,,
LT-104643,2025-11-04,Colombia,urban,Sports,SteelHydro 1L Thermal Bottle,1,16.88,16.88,digital_wallet,1,cancelled,,,,,
LT-100949,2025-11-04,Mexico,urban,Home,CompactChef 4L Air Fryer,1,73.27,73.27,debit_card,1,delivered,2025-11-08,4.0,,,
LT-101999,2025-11-04,United States,capital,Electronics,Pulse S2 Smartwatch,2,87.29,174.58,digital_wallet,1,delivered,2025-11-09,5.0,2025-11-17,not_as_described,refunded
LT-100640,2025-11-04,Colombia,urban,Electronics,65W Fast Charger,1,25.52,25.52,bank_transfer,1,delivered,2025-11-08,4.0,,,
LT-101271,2025-11-04,Canada,urban,Electronics,360 WiFi Security Camera,1,48.23,48.23,credit_card,1,delivered,2025-11-08,4.0,,,
LT-103069,2025-11-04,Mexico,extended_zone,Home,CompactChef 4L Air Fryer,1,72.18,72.18,debit_card,1,delivered,2025-11-13,9.0,,,
LT-101213,2025-11-04,Mexico,extended_zone,Fashion,TrailFit Waterproof Jacket,1,65.59,65.59,credit_card,1,delivered,2025-11-11,7.0,,,
LT-104850,2025-11-04,Mexico,extended_zone,Fashion,Pima Cotton Basic Tee (2-pack),1,23.04,23.04,debit_card,1,cancelled,,,,,
LT-100004,2025-11-04,Chile,capital,Electronics,360 WiFi Security Camera,1,48.41,48.41,credit_card,1,delivered,2025-11-09,5.0,,,
LT-102992,2025-11-04,Mexico,urban,Beauty,Complete Skincare Routine Kit,1,36.12,36.12,cash_on_delivery,1,delivered,2025-11-08,4.0,,,
LT-104778,2025-11-04,Argentina,capital,Electronics,Vertex Ergonomic Mouse,1,21.29,21.29,credit_card,6,delivered,2025-11-07,3.0,,,
LT-102062,2025-11-04,Chile,capital,Fashion,UrbanPack 25L Anti-theft Backpack,2,37.29,74.58,credit_card,1,delivered,2025-11-08,4.0,,,
LT-102108,2025-11-04,United States,urban,Home,Stackable Kitchen Organizer x3,1,16.55,16.55,digital_wallet,1,delivered,2025-11-08,4.0,,,
LT-104511,2025-11-04,Argentina,capital,Home,Stackable Kitchen Organizer x3,1,14.98,14.98,cash_on_delivery,1,delivered,2025-11-09,5.0,,,
LT-102046,2025-11-05,Argentina,urban,Electronics,Nova Wireless Earbuds,1,40.33,40.33,bank_transfer,1,delivered,2025-11-08,3.0,,,
LT-101079,2025-11-05,Chile,urban,Fashion,Andino Slim Fit Jeans,3,32.47,97.41,digital_wallet,1,delivered,2025-11-08,3.0,,,
LT-101758,2025-11-05,Chile,urban,Sports,Resistance Bands Set x5,1,14.26,14.26,digital_wallet,1,delivered,2025-11-07,2.0,,,
LT-103733,2025-11-05,Colombia,capital,Sports,Resistance Bands Set x5,2,13.81,27.62,credit_card,1,delivered,2025-11-11,6.0,2025-11-19,changed_mind,refunded
LT-100759,2025-11-05,United States,urban,Beauty,Complete Skincare Routine Kit,3,34.89,104.67,bank_transfer,1,cancelled,,,,,
LT-101997,2025-11-05,Peru,capital,Home,Stackable Kitchen Organizer x3,1,16.14,16.14,digital_wallet,1,delivered,2025-11-09,4.0,,,
LT-104674,2025-11-05,Mexico,urban,Fashion,Strida Urban Sneakers,1,46.46,46.46,credit_card,3,delivered,2025-11-07,2.0,,,
LT-102572,2025-11-05,Peru,capital,Accessories,Foldable Phone Stand,1,9.96,9.96,credit_card,6,delivered,2025-11-08,3.0,,,
LT-100862,2025-11-05,Argentina,urban,Fashion,TrailFit Waterproof Jacket,2,64.22,128.44,credit_card,12,delivered,2025-11-09,4.0,,,
LT-103306,2025-11-05,Chile,capital,Electronics,Vertex Ergonomic Mouse,1,21.92,21.92,credit_card,6,delivered,2025-11-11,6.0,,,
LT-101763,2025-11-05,Mexico,urban,Sports,Resistance Bands Set x5,1,14.51,14.51,bank_transfer,1,delivered,2025-11-09,4.0,,,
LT-104382,2025-11-06,Mexico,capital,Beauty,AirStyle Ionic Hair Dryer,1,45.06,45.06,digital_wallet,1,delivered,2025-11-12,6.0,,,
LT-100015,2025-11-06,Peru,urban,Accessories,Foldable Phone Stand,1,9.67,9.67,credit_card,1,cancelled,,,,,
LT-101683,2025-11-06,Chile,extended_zone,Electronics,360 WiFi Security Camera,1,45.7,45.7,credit_card,12,delivered,2025-11-11,5.0,,,
LT-102446,2025-11-06,Mexico,urban,Fashion,Strida Urban Sneakers,1,52.14,52.14,credit_card,6,delivered,2025-11-08,2.0,,,
LT-102221,2025-11-06,Canada,urban,Electronics,Boom Mini Bluetooth Speaker,2,28.88,57.76,digital_wallet,1,delivered,2025-11-09,3.0,,,
LT-100065,2025-11-06,Canada,capital,Sports,Pro Non-slip Yoga Mat,1,18.83,18.83,debit_card,1,cancelled,,,,,
LT-100105,2025-11-06,Canada,urban,Home,Stackable Kitchen Organizer x3,1,15.73,15.73,bank_transfer,1,delivered,2025-11-10,4.0,,,
LT-104677,2025-11-06,Colombia,urban,Fashion,Strida Urban Sneakers,2,47.71,95.42,digital_wallet,1,delivered,2025-11-09,3.0,,,
LT-104279,2025-11-06,Chile,urban,Home,Premium Queen Bedsheet Set,1,41.56,41.56,debit_card,1,delivered,2025-11-08,2.0,,,
LT-100501,2025-11-06,Argentina,urban,Home,Stackable Kitchen Organizer x3,1,15.47,15.47,digital_wallet,1,delivered,2025-11-10,4.0,,,
LT-101319,2025-11-06,Canada,urban,Home,Stackable Kitchen Organizer x3,1,16.18,16.18,bank_transfer,1,delivered,2025-11-10,4.0,,,
LT-100977,2025-11-06,United States,capital,Electronics,Kova K61 Mechanical Keyboard,1,50.51,50.51,digital_wallet,1,delivered,2025-11-11,5.0,,,
LT-100718,2025-11-06,Chile,capital,Electronics,Boom Mini Bluetooth Speaker,3,27.59,82.77,digital_wallet,1,delivered,2025-11-10,4.0,,,
LT-102514,2025-11-06,Mexico,capital,Fashion,Strida Urban Sneakers,1,49.84,49.84,cash_on_delivery,1,delivered,2025-11-09,3.0,,,
LT-101375,2025-11-06,United States,extended_zone,Electronics,Vertex Ergonomic Mouse,1,20.42,20.42,bank_transfer,1,delivered,2025-11-15,9.0,,,
LT-100857,2025-11-06,Peru,urban,Electronics,360 WiFi Security Camera,1,46.43,46.43,credit_card,1,delivered,2025-11-09,3.0,,,
LT-101051,2025-11-06,United States,capital,Electronics,Boom Mini Bluetooth Speaker,1,27.96,27.96,credit_card,3,delivered,2025-11-11,5.0,,,
LT-100979,2025-11-06,United States,urban,Electronics,65W Fast Charger,2,24.24,48.48,credit_card,1,delivered,2025-11-10,4.0,,,
LT-103111,2025-11-06,Canada,capital,Electronics,Vertex Ergonomic Mouse,1,21.96,21.96,debit_card,1,delivered,2025-11-09,3.0,,,
LT-101243,2025-11-06,Argentina,urban,Accessories,14'' Hard Laptop Case,1,16.58,16.58,debit_card,1,delivered,2025-11-08,2.0,,,
LT-103658,2025-11-06,Mexico,capital,Beauty,CeramicPro Hair Straightener,1,40.32,40.32,digital_wallet,1,cancelled,,,,,
LT-102996,2025-11-06,Mexico,urban,Beauty,AirStyle Ionic Hair Dryer,1,45.8,45.8,debit_card,1,delivered,2025-11-10,4.0,,,
LT-100999,2025-11-06,United States,urban,Fashion,TrailFit Waterproof Jacket,1,61.03,61.03,credit_card,1,delivered,2025-11-10,4.0,,,
LT-103229,2025-11-07,Colombia,extended_zone,Home,CleanBot Lite Robot Vacuum,1,123.51,123.51,debit_card,1,delivered,2025-11-19,12.0,,,
LT-103420,2025-11-07,Argentina,urban,Home,CompactChef 4L Air Fryer,1,76.9,76.9,credit_card,1,delivered,2025-11-09,2.0,,,
LT-103994,2025-11-07,Argentina,capital,Sports,Resistance Bands Set x5,2,13.83,27.66,debit_card,1,delivered,2025-11-12,5.0,,,
LT-101854,2025-11-07,Chile,capital,Home,CleanBot Lite Robot Vacuum,1,135.86,135.86,debit_card,1,delivered,2025-11-11,4.0,,,
LT-104752,2025-11-07,United States,urban,Electronics,Nova Wireless Earbuds,1,39.86,39.86,digital_wallet,1,delivered,2025-11-10,3.0,,,
LT-104007,2025-11-07,Colombia,urban,Electronics,65W Fast Charger,1,24.88,24.88,credit_card,3,delivered,2025-11-10,3.0,,,
LT-102747,2025-11-07,United States,capital,Electronics,Boom Mini Bluetooth Speaker,2,28.49,56.98,credit_card,6,delivered,2025-11-12,5.0,,,
LT-102695,2025-11-07,Peru,urban,Fashion,UrbanPack 25L Anti-theft Backpack,1,39.25,39.25,bank_transfer,1,delivered,2025-11-09,2.0,,,
LT-102254,2025-11-07,Argentina,capital,Fashion,TrailFit Waterproof Jacket,1,69.04,69.04,credit_card,6,delivered,2025-11-11,4.0,,,
LT-104047,2025-11-07,Argentina,extended_zone,Electronics,Nova Wireless Earbuds,1,39.56,39.56,credit_card,1,cancelled,,,,,
LT-101895,2025-11-07,Chile,capital,Electronics,65W Fast Charger,2,24.0,48.0,cash_on_delivery,1,delivered,2025-11-13,6.0,,,
LT-102294,2025-11-07,Argentina,capital,Home,Flex LED Desk Lamp,1,18.7,18.7,credit_card,6,delivered,2025-11-13,6.0,,,
LT-102021,2025-11-07,United States,extended_zone,Electronics,Boom Mini Bluetooth Speaker,1,30.32,30.32,credit_card,3,delivered,2025-11-15,8.0,2025-11-30,not_as_described,refunded
LT-103876,2025-11-07,Argentina,extended_zone,Fashion,Strida Urban Sneakers,1,51.08,51.08,credit_card,1,delivered,2025-11-15,8.0,,,
LT-103094,2025-11-07,United States,urban,Beauty,Complete Skincare Routine Kit,1,35.1,35.1,digital_wallet,1,delivered,2025-11-10,3.0,,,
LT-103661,2025-11-07,Peru,extended_zone,Electronics,Vertex Ergonomic Mouse,1,22.27,22.27,digital_wallet,1,delivered,2025-11-19,12.0,,,
LT-100705,2025-11-07,Argentina,urban,Home,Stackable Kitchen Organizer x3,1,17.01,17.01,digital_wallet,1,delivered,2025-11-10,3.0,,,
LT-103618,2025-11-08,Chile,urban,Electronics,Boom Mini Bluetooth Speaker,1,28.57,28.57,credit_card,1,delivered,2025-11-12,4.0,,,
LT-103824,2025-11-08,Colombia,urban,Electronics,Nova Wireless Earbuds,1,41.05,41.05,digital_wallet,1,delivered,2025-11-10,2.0,,,
LT-102700,2025-11-08,United States,extended_zone,Electronics,Nova Wireless Earbuds,1,39.43,39.43,credit_card,1,delivered,2025-11-17,9.0,,,
LT-100622,2025-11-08,United States,urban,Home,Premium Queen Bedsheet Set,1,42.44,42.44,digital_wallet,1,delivered,2025-11-12,4.0,,,
LT-100345,2025-11-08,United States,extended_zone,Electronics,Pulse S2 Smartwatch,1,83.53,83.53,digital_wallet,1,delivered,2025-11-17,9.0,,,
LT-104020,2025-11-08,Mexico,urban,Electronics,Kova K61 Mechanical Keyboard,1,51.54,51.54,debit_card,1,delivered,2025-11-12,4.0,2025-11-15,changed_mind,refunded
LT-102463,2025-11-08,Canada,capital,Electronics,Vertex Ergonomic Mouse,1,20.31,20.31,credit_card,1,delivered,2025-11-14,6.0,,,
LT-104135,2025-11-08,Colombia,capital,Electronics,360 WiFi Security Camera,1,45.91,45.91,digital_wallet,1,delivered,2025-11-13,5.0,2025-11-28,defective_product,refunded
LT-103188,2025-11-08,Peru,urban,Home,Premium Queen Bedsheet Set,1,43.31,43.31,debit_card,1,delivered,2025-11-11,3.0,,,
LT-102938,2025-11-08,Peru,extended_zone,Electronics,360 WiFi Security Camera,2,49.23,98.46,digital_wallet,1,delivered,2025-11-13,5.0,,,
LT-102822,2025-11-08,Mexico,urban,Electronics,Kova K61 Mechanical Keyboard,1,53.47,53.47,bank_transfer,1,delivered,2025-11-12,4.0,,,
LT-103273,2025-11-08,Chile,capital,Electronics,65W Fast Charger,1,25.9,25.9,cash_on_delivery,1,delivered,2025-11-13,5.0,,,
LT-103262,2025-11-08,Canada,extended_zone,Beauty,CeramicPro Hair Straightener,1,39.43,39.43,digital_wallet,1,delivered,2025-11-18,10.0,,,
LT-103167,2025-11-08,Mexico,urban,Electronics,Pulse S2 Smartwatch,1,88.21,88.21,debit_card,1,delivered,2025-11-11,3.0,,,
LT-103215,2025-11-08,Mexico,urban,Sports,Pro Non-slip Yoga Mat,1,20.34,20.34,credit_card,6,delivered,2025-11-10,2.0,,,
LT-103973,2025-11-08,Argentina,capital,Home,Premium Queen Bedsheet Set,1,39.86,39.86,debit_card,1,delivered,2025-11-13,5.0,,,
LT-102052,2025-11-08,Colombia,capital,Fashion,UrbanPack 25L Anti-theft Backpack,1,35.95,35.95,credit_card,1,cancelled,,,,,
LT-101253,2025-11-09,Colombia,urban,Electronics,Boom Mini Bluetooth Speaker,3,30.76,92.28,cash_on_delivery,1,cancelled,,,,,
LT-103149,2025-11-09,Canada,capital,Fashion,Andino Slim Fit Jeans,1,32.66,32.66,digital_wallet,1,delivered,2025-11-13,4.0,,,
LT-102633,2025-11-09,Argentina,capital,Home,Flex LED Desk Lamp,1,19.19,19.19,credit_card,3,delivered,2025-11-13,4.0,,,
LT-102212,2025-11-09,Peru,capital,Home,Premium Queen Bedsheet Set,1,43.25,43.25,credit_card,3,delivered,2025-11-14,5.0,,,
LT-104427,2025-11-09,Mexico,capital,Fashion,TrailFit Waterproof Jacket,1,67.98,67.98,debit_card,1,delivered,2025-11-12,3.0,,,
LT-100986,2025-11-09,United States,urban,Electronics,360 WiFi Security Camera,1,50.51,50.51,debit_card,1,delivered,2025-11-12,3.0,,,
LT-104766,2025-11-09,Mexico,capital,Fashion,TrailFit Waterproof Jacket,1,63.79,63.79,credit_card,3,delivered,2025-11-14,5.0,,,
LT-100350,2025-11-09,United States,extended_zone,Accessories,14'' Hard Laptop Case,1,17.07,17.07,credit_card,3,delivered,2025-11-19,10.0,,,
LT-102216,2025-11-09,United States,urban,Sports,Adjustable Dumbbells 2x10kg,2,56.15,112.3,credit_card,12,delivered,2025-11-11,2.0,,,
LT-100559,2025-11-09,United States,capital,Electronics,Boom Mini Bluetooth Speaker,1,29.11,29.11,bank_transfer,1,delivered,2025-11-13,4.0,,,
LT-100278,2025-11-09,Chile,extended_zone,Fashion,Pima Cotton Basic Tee (2-pack),2,20.63,41.26,credit_card,1,delivered,2025-11-19,10.0,,,
LT-103554,2025-11-09,Chile,capital,Electronics,65W Fast Charger,1,25.82,25.82,credit_card,1,delivered,2025-11-14,5.0,2025-11-19,not_as_described,refunded
LT-101017,2025-11-09,Peru,capital,Home,Premium Queen Bedsheet Set,2,43.38,86.76,digital_wallet,1,delivered,2025-11-14,5.0,,,
LT-102210,2025-11-09,United States,capital,Fashion,Strida Urban Sneakers,1,48.31,48.31,credit_card,1,delivered,2025-11-14,5.0,,,
LT-102520,2025-11-09,Mexico,extended_zone,Accessories,14'' Hard Laptop Case,1,17.98,17.98,credit_card,12,delivered,2025-11-15,6.0,,,
LT-104008,2025-11-09,Canada,extended_zone,Home,Premium Queen Bedsheet Set,1,40.06,40.06,credit_card,1,delivered,2025-11-14,5.0,,,
LT-104583,2025-11-10,Canada,capital,Electronics,360 WiFi Security Camera,1,45.89,45.89,digital_wallet,1,delivered,2025-11-16,6.0,,,
LT-103727,2025-11-10,Colombia,urban,Electronics,Nova Wireless Earbuds,1,38.56,38.56,credit_card,3,delivered,2025-11-14,4.0,,,
LT-100540,2025-11-10,Peru,urban,Electronics,Boom Mini Bluetooth Speaker,1,29.49,29.49,cash_on_delivery,1,delivered,2025-11-14,4.0,,,
LT-104477,2025-11-10,Mexico,urban,Electronics,Kova K61 Mechanical Keyboard,1,52.89,52.89,digital_wallet,1,cancelled,,,,,
LT-103546,2025-11-10,United States,extended_zone,Accessories,14'' Hard Laptop Case,1,17.09,17.09,credit_card,3,delivered,2025-11-17,7.0,,,
LT-100372,2025-11-10,Chile,urban,Electronics,Vertex Ergonomic Mouse,1,20.29,20.29,debit_card,1,delivered,2025-11-12,2.0,,,
LT-101627,2025-11-10,United States,urban,Beauty,Complete Skincare Routine Kit,2,33.59,67.18,bank_transfer,1,delivered,2025-11-14,4.0,,,
LT-100997,2025-11-10,Chile,urban,Sports,Pro Non-slip Yoga Mat,1,20.54,20.54,debit_card,1,delivered,2025-11-13,3.0,,,
LT-102778,2025-11-10,Argentina,capital,Home,Premium Queen Bedsheet Set,1,40.93,40.93,credit_card,3,delivered,2025-11-13,3.0,,,
LT-102450,2025-11-10,Mexico,capital,Electronics,Pulse S2 Smartwatch,2,92.01,184.02,digital_wallet,1,delivered,2025-11-15,5.0,,,
LT-100234,2025-11-10,Argentina,extended_zone,Electronics,65W Fast Charger,1,23.83,23.83,cash_on_delivery,1,delivered,2025-11-20,10.0,,,
LT-104405,2025-11-10,Peru,urban,Fashion,Strida Urban Sneakers,1,47.08,47.08,credit_card,3,delivered,2025-11-14,4.0,,,
LT-103588,2025-11-10,United States,capital,Electronics,Boom Mini Bluetooth Speaker,1,30.06,30.06,debit_card,1,delivered,2025-11-14,4.0,,,
LT-103887,2025-11-11,Mexico,extended_zone,Fashion,Andino Slim Fit Jeans,1,32.76,32.76,debit_card,1,delivered,2025-11-20,9.0,,,
LT-102191,2025-11-11,Peru,urban,Electronics,Nova Wireless Earbuds,1,40.12,40.12,credit_card,3,delivered,2025-11-15,4.0,,,
LT-101470,2025-11-11,Peru,urban,Accessories,Foldable Phone Stand,1,10.33,10.33,digital_wallet,1,delivered,2025-11-13,2.0,,,
LT-104516,2025-11-11,Argentina,capital,Electronics,Boom Mini Bluetooth Speaker,1,31.52,31.52,bank_transfer,1,delivered,2025-11-14,3.0,,,
LT-101344,2025-11-11,Argentina,extended_zone,Electronics,Nova Wireless Earbuds,2,40.17,80.34,digital_wallet,1,delivered,2025-11-20,9.0,,,
LT-101898,2025-11-11,Chile,urban,Electronics,Boom Mini Bluetooth Speaker,1,31.19,31.19,bank_transfer,1,delivered,2025-11-14,3.0,,,
LT-103112,2025-11-11,Canada,capital,Fashion,TrailFit Waterproof Jacket,1,61.0,61.0,bank_transfer,1,delivered,2025-11-16,5.0,,,
LT-103644,2025-11-11,Colombia,extended_zone,Sports,Adjustable Dumbbells 2x10kg,1,55.49,55.49,credit_card,3,cancelled,,,,,
LT-100757,2025-11-11,Colombia,urban,Electronics,Boom Mini Bluetooth Speaker,1,30.32,30.32,debit_card,1,delivered,2025-11-15,4.0,,,
LT-101942,2025-11-11,Canada,urban,Fashion,TrailFit Waterproof Jacket,1,65.31,65.31,debit_card,1,delivered,2025-11-14,3.0,,,
LT-103524,2025-11-11,Argentina,capital,Sports,Resistance Bands Set x5,3,13.82,41.46,bank_transfer,1,delivered,2025-11-16,5.0,,,
LT-102876,2025-11-11,Chile,capital,Electronics,65W Fast Charger,1,25.23,25.23,credit_card,1,delivered,2025-11-15,4.0,,,
LT-104884,2025-11-11,Chile,extended_zone,Beauty,Complete Skincare Routine Kit,1,34.12,34.12,bank_transfer,1,delivered,2025-11-21,10.0,,,
LT-103337,2025-11-11,Colombia,extended_zone,Electronics,Kova K61 Mechanical Keyboard,1,52.82,52.82,credit_card,6,delivered,2025-11-18,7.0,,,
LT-104956,2025-11-11,United States,urban,Home,Stackable Kitchen Organizer x3,2,16.45,32.9,digital_wallet,1,delivered,2025-11-13,2.0,,,
LT-101067,2025-11-11,Peru,urban,Fashion,Pima Cotton Basic Tee (2-pack),1,21.77,21.77,credit_card,1,delivered,2025-11-13,2.0,,,
LT-104981,2025-11-11,Colombia,urban,Fashion,TrailFit Waterproof Jacket,1,61.96,61.96,digital_wallet,1,delivered,2025-11-13,2.0,,,
LT-100551,2025-11-11,Canada,urban,Accessories,Interchangeable Watch Strap,3,8.47,25.41,cash_on_delivery,1,delivered,2025-11-13,2.0,,,
LT-102099,2025-11-11,Mexico,urban,Electronics,Vertex Ergonomic Mouse,1,21.28,21.28,cash_on_delivery,1,delivered,2025-11-13,2.0,,,
LT-104637,2025-11-11,United States,urban,Electronics,Pulse S2 Smartwatch,1,94.18,94.18,credit_card,12,delivered,2025-11-13,2.0,,,
LT-102561,2025-11-11,United States,urban,Home,CleanBot Lite Robot Vacuum,1,137.81,137.81,credit_card,6,delivered,2025-11-15,4.0,,,
LT-101554,2025-11-11,Mexico,capital,Electronics,Boom Mini Bluetooth Speaker,1,29.25,29.25,digital_wallet,1,delivered,2025-11-17,6.0,2025-11-25,arrived_damaged,refunded
LT-104139,2025-11-11,Argentina,capital,Beauty,AirStyle Ionic Hair Dryer,1,41.66,41.66,digital_wallet,1,delivered,2025-11-17,6.0,,,
LT-104892,2025-11-12,Colombia,urban,Electronics,Vertex Ergonomic Mouse,1,21.39,21.39,digital_wallet,1,delivered,2025-11-15,3.0,2025-11-23,defective_product,refunded
LT-104411,2025-11-12,Argentina,capital,Fashion,UrbanPack 25L Anti-theft Backpack,1,35.66,35.66,debit_card,1,delivered,2025-11-18,6.0,,,
LT-103332,2025-11-12,Mexico,urban,Electronics,360 WiFi Security Camera,1,50.74,50.74,credit_card,6,delivered,2025-11-15,3.0,,,
LT-104055,2025-11-12,Peru,urban,Electronics,360 WiFi Security Camera,2,46.55,93.1,debit_card,1,cancelled,,,,,
LT-101560,2025-11-12,United States,urban,Home,Premium Queen Bedsheet Set,1,39.67,39.67,credit_card,1,delivered,2025-11-14,2.0,,,
LT-102494,2025-11-12,Mexico,capital,Electronics,Vertex Ergonomic Mouse,1,19.89,19.89,credit_card,6,delivered,2025-11-15,3.0,,,
LT-104090,2025-11-12,Mexico,capital,Electronics,Vertex Ergonomic Mouse,1,19.88,19.88,digital_wallet,1,delivered,2025-11-17,5.0,,,
LT-103395,2025-11-12,Peru,extended_zone,Electronics,360 WiFi Security Camera,1,48.15,48.15,credit_card,6,delivered,2025-11-19,7.0,,,
LT-100564,2025-11-12,Colombia,urban,Electronics,Kova K61 Mechanical Keyboard,1,56.86,56.86,credit_card,3,delivered,2025-11-16,4.0,,,
LT-103970,2025-11-12,Colombia,capital,Home,Flex LED Desk Lamp,3,18.98,56.94,digital_wallet,1,cancelled,,,,,
LT-102509,2025-11-12,United States,extended_zone,Fashion,Strida Urban Sneakers,1,49.81,49.81,credit_card,1,delivered,2025-11-21,9.0,,,
LT-104542,2025-11-12,United States,urban,Fashion,UrbanPack 25L Anti-theft Backpack,3,36.77,110.31,debit_card,1,cancelled,,,,,
LT-100084,2025-11-12,Mexico,urban,Fashion,TrailFit Waterproof Jacket,1,66.85,66.85,credit_card,1,delivered,2025-11-16,4.0,,,
LT-101964,2025-11-12,Peru,urban,Sports,Resistance Bands Set x5,2,12.96,25.92,credit_card,3,delivered,2025-11-15,3.0,,,
LT-102380,2025-11-12,Mexico,urban,Electronics,Vertex Ergonomic Mouse,1,21.75,21.75,cash_on_delivery,1,delivered,2025-11-16,4.0,,,
LT-101107,2025-11-12,Argentina,capital,Home,CleanBot Lite Robot Vacuum,1,123.56,123.56,digital_wallet,1,delivered,2025-11-16,4.0,2025-11-22,defective_product,refunded
LT-103642,2025-11-12,Peru,urban,Electronics,Pulse S2 Smartwatch,2,85.05,170.1,debit_card,1,delivered,2025-11-14,2.0,,,
LT-103495,2025-11-12,Peru,urban,Fashion,Pima Cotton Basic Tee (2-pack),1,21.82,21.82,digital_wallet,1,delivered,2025-11-15,3.0,,,
LT-101252,2025-11-12,United States,capital,Home,Stackable Kitchen Organizer x3,1,15.92,15.92,debit_card,1,delivered,2025-11-15,3.0,,,
LT-100493,2025-11-12,United States,capital,Electronics,Kova K61 Mechanical Keyboard,1,50.61,50.61,bank_transfer,1,delivered,2025-11-15,3.0,,,
LT-103668,2025-11-12,Peru,extended_zone,Electronics,Nova Wireless Earbuds,1,39.31,39.31,credit_card,1,delivered,2025-11-20,8.0,,,
LT-103763,2025-11-12,Argentina,urban,Electronics,Vertex Ergonomic Mouse,1,20.03,20.03,debit_card,1,delivered,2025-11-16,4.0,,,
LT-102286,2025-11-12,Mexico,capital,Accessories,14'' Hard Laptop Case,1,17.29,17.29,digital_wallet,1,delivered,2025-11-17,5.0,,,
LT-104702,2025-11-13,Mexico,urban,Home,Premium Queen Bedsheet Set,1,39.67,39.67,digital_wallet,1,delivered,2025-11-16,3.0,,,
LT-103393,2025-11-13,Mexico,urban,Fashion,Strida Urban Sneakers,1,48.6,48.6,credit_card,1,delivered,2025-11-15,2.0,,,
LT-103191,2025-11-13,Chile,capital,Home,Stackable Kitchen Organizer x3,1,16.46,16.46,credit_card,1,delivered,2025-11-17,4.0,,,
LT-104701,2025-11-13,Mexico,urban,Home,Stackable Kitchen Organizer x3,2,16.25,32.5,cash_on_delivery,1,delivered,2025-11-17,4.0,,,
LT-104599,2025-11-13,United States,urban,Fashion,TrailFit Waterproof Jacket,1,68.19,68.19,credit_card,6,delivered,2025-11-16,3.0,,,
LT-102067,2025-11-13,Peru,capital,Home,CleanBot Lite Robot Vacuum,1,132.35,132.35,bank_transfer,1,delivered,2025-11-17,4.0,,,
LT-100921,2025-11-13,Peru,capital,Fashion,Pima Cotton Basic Tee (2-pack),1,21.69,21.69,credit_card,6,delivered,2025-11-16,3.0,,,
LT-102670,2025-11-13,United States,urban,Fashion,Strida Urban Sneakers,1,49.29,49.29,debit_card,1,delivered,2025-11-17,4.0,,,
LT-104608,2025-11-13,Peru,urban,Home,CleanBot Lite Robot Vacuum,1,131.61,131.61,cash_on_delivery,1,delivered,2025-11-17,4.0,,,
LT-104275,2025-11-13,Colombia,capital,Fashion,Andino Slim Fit Jeans,1,30.65,30.65,credit_card,1,delivered,2025-11-16,3.0,,,
LT-102303,2025-11-13,Canada,urban,Electronics,65W Fast Charger,1,23.35,23.35,cash_on_delivery,1,delivered,2025-11-16,3.0,,,
LT-101214,2025-11-13,Mexico,capital,Electronics,Boom Mini Bluetooth Speaker,1,31.13,31.13,debit_card,1,delivered,2025-11-18,5.0,,,
LT-102651,2025-11-13,Colombia,urban,Fashion,TrailFit Waterproof Jacket,1,63.54,63.54,digital_wallet,1,delivered,2025-11-16,3.0,2025-11-24,changed_mind,rejected
LT-101265,2025-11-13,Argentina,urban,Fashion,Andino Slim Fit Jeans,1,33.76,33.76,cash_on_delivery,1,delivered,2025-11-16,3.0,,,
LT-102004,2025-11-13,United States,capital,Accessories,14'' Hard Laptop Case,1,17.25,17.25,debit_card,1,delivered,2025-11-16,3.0,,,
LT-102346,2025-11-13,Argentina,extended_zone,Electronics,65W Fast Charger,1,26.52,26.52,credit_card,6,delivered,2025-11-18,5.0,,,
LT-103093,2025-11-13,Colombia,capital,Home,CompactChef 4L Air Fryer,1,73.93,73.93,digital_wallet,1,delivered,2025-11-18,5.0,2025-11-22,changed_mind,refunded
LT-102703,2025-11-14,Peru,capital,Fashion,Pima Cotton Basic Tee (2-pack),2,22.57,45.14,bank_transfer,1,delivered,2025-11-18,4.0,,,
LT-101247,2025-11-14,Colombia,urban,Electronics,Boom Mini Bluetooth Speaker,1,31.37,31.37,debit_card,1,delivered,2025-11-17,3.0,,,
LT-104010,2025-11-14,Mexico,capital,Fashion,Pima Cotton Basic Tee (2-pack),1,21.78,21.78,credit_card,6,delivered,2025-11-17,3.0,2025-11-20,not_as_described,refunded
LT-100155,2025-11-14,United States,urban,Sports,SteelHydro 1L Thermal Bottle,1,16.97,16.97,bank_transfer,1,delivered,2025-11-17,3.0,,,
LT-104030,2025-11-14,Peru,extended_zone,Fashion,UrbanPack 25L Anti-theft Backpack,1,36.74,36.74,digital_wallet,1,delivered,2025-11-24,10.0,,,
LT-104545,2025-11-14,Mexico,capital,Electronics,Nova Wireless Earbuds,1,39.03,39.03,digital_wallet,1,delivered,2025-11-20,6.0,2025-11-21,wrong_size_or_model,refunded
LT-101945,2025-11-14,Argentina,capital,Electronics,Pulse S2 Smartwatch,1,88.87,88.87,credit_card,1,cancelled,,,,,
LT-100452,2025-11-14,Mexico,extended_zone,Electronics,360 WiFi Security Camera,1,45.03,45.03,cash_on_delivery,1,delivered,2025-11-21,7.0,,,
LT-101185,2025-11-14,United States,extended_zone,Fashion,UrbanPack 25L Anti-theft Backpack,1,36.64,36.64,debit_card,1,delivered,2025-11-23,9.0,,,
LT-101698,2025-11-14,Colombia,urban,Accessories,Vista Polarized Sunglasses,1,24.93,24.93,credit_card,3,delivered,2025-11-18,4.0,,,
LT-103590,2025-11-14,United States,capital,Home,CompactChef 4L Air Fryer,2,74.0,148.0,credit_card,3,delivered,2025-11-17,3.0,,,
LT-104891,2025-11-14,Argentina,urban,Electronics,Boom Mini Bluetooth Speaker,1,31.54,31.54,credit_card,1,delivered,2025-11-17,3.0,,,
LT-102558,2025-11-14,Mexico,urban,Fashion,TrailFit Waterproof Jacket,1,62.52,62.52,cash_on_delivery,1,delivered,2025-11-17,3.0,,,
LT-104095,2025-11-14,United States,extended_zone,Fashion,TrailFit Waterproof Jacket,1,62.8,62.8,cash_on_delivery,1,delivered,2025-11-19,5.0,,,
LT-102769,2025-11-14,Colombia,urban,Electronics,360 WiFi Security Camera,1,47.43,47.43,cash_on_delivery,1,cancelled,,,,,
LT-104267,2025-11-14,Argentina,extended_zone,Fashion,Andino Slim Fit Jeans,1,30.29,30.29,credit_card,1,delivered,2025-11-21,7.0,,,
LT-103333,2025-11-14,United States,capital,Fashion,Pima Cotton Basic Tee (2-pack),2,21.5,43.0,digital_wallet,1,delivered,2025-11-20,6.0,,,
LT-103325,2025-11-14,United States,extended_zone,Fashion,UrbanPack 25L Anti-theft Backpack,1,36.17,36.17,digital_wallet,1,delivered,2025-11-23,9.0,2025-12-03,wrong_size_or_model,rejected
LT-101849,2025-11-14,Peru,capital,Electronics,Boom Mini Bluetooth Speaker,1,27.66,27.66,cash_on_delivery,1,delivered,2025-11-17,3.0,,,
LT-103291,2025-11-14,Argentina,capital,Electronics,Vertex Ergonomic Mouse,1,20.44,20.44,bank_transfer,1,delivered,2025-11-19,5.0,,,
LT-104639,2025-11-15,United States,extended_zone,Accessories,Vista Polarized Sunglasses,1,25.37,25.37,cash_on_delivery,1,delivered,2025-11-25,10.0,,,
LT-102581,2025-11-15,Canada,urban,Electronics,Vertex Ergonomic Mouse,2,20.01,40.02,credit_card,12,delivered,2025-11-19,4.0,2025-11-24,defective_product,rejected
LT-101596,2025-11-15,United States,extended_zone,Sports,Resistance Bands Set x5,1,13.52,13.52,credit_card,6,delivered,2025-11-23,8.0,,,
LT-102825,2025-11-15,Colombia,urban,Fashion,Andino Slim Fit Jeans,1,32.47,32.47,credit_card,6,cancelled,,,,,
LT-100818,2025-11-15,Mexico,urban,Fashion,Strida Urban Sneakers,2,47.14,94.28,digital_wallet,1,delivered,2025-11-19,4.0,,,
LT-102176,2025-11-15,Peru,extended_zone,Electronics,Vertex Ergonomic Mouse,1,21.75,21.75,debit_card,1,delivered,2025-11-23,8.0,,,
LT-102663,2025-11-15,Mexico,urban,Electronics,Boom Mini Bluetooth Speaker,1,29.69,29.69,digital_wallet,1,delivered,2025-11-17,2.0,,,
LT-100098,2025-11-15,Mexico,urban,Beauty,CeramicPro Hair Straightener,1,40.09,40.09,debit_card,1,delivered,2025-11-18,3.0,,,
LT-103544,2025-11-15,Mexico,urban,Sports,Resistance Bands Set x5,1,14.14,14.14,bank_transfer,1,delivered,2025-11-18,3.0,,,
LT-104042,2025-11-15,United States,urban,Sports,Pro Non-slip Yoga Mat,1,19.29,19.29,debit_card,1,delivered,2025-11-17,2.0,2025-11-27,defective_product,refunded
LT-100958,2025-11-15,Colombia,urban,Beauty,CeramicPro Hair Straightener,1,39.74,39.74,bank_transfer,1,delivered,2025-11-19,4.0,2025-11-22,defective_product,refunded
LT-104897,2025-11-15,Mexico,urban,Electronics,Nova Wireless Earbuds,2,38.77,77.54,bank_transfer,1,delivered,2025-11-17,2.0,,,
LT-101158,2025-11-15,Colombia,extended_zone,Fashion,Pima Cotton Basic Tee (2-pack),1,20.93,20.93,credit_card,3,delivered,2025-11-23,8.0,,,
LT-102849,2025-11-15,Argentina,extended_zone,Electronics,65W Fast Charger,1,25.89,25.89,digital_wallet,1,delivered,2025-11-26,11.0,,,
LT-102900,2025-11-15,Chile,urban,Electronics,360 WiFi Security Camera,1,50.78,50.78,digital_wallet,1,delivered,2025-11-19,4.0,,,
LT-102116,2025-11-16,Peru,urban,Sports,Resistance Bands Set x5,1,13.57,13.57,credit_card,1,delivered,2025-11-20,4.0,2025-11-23,not_as_described,refunded
LT-101565,2025-11-16,Mexico,capital,Electronics,65W Fast Charger,1,24.84,24.84,digital_wallet,1,delivered,2025-11-21,5.0,,,
LT-102517,2025-11-16,Canada,extended_zone,Home,CompactChef 4L Air Fryer,2,77.25,154.5,digital_wallet,1,delivered,2025-11-27,11.0,,,
LT-103001,2025-11-16,Colombia,urban,Home,Premium Queen Bedsheet Set,1,41.73,41.73,cash_on_delivery,1,delivered,2025-11-18,2.0,,,
LT-101009,2025-11-16,Canada,urban,Beauty,CeramicPro Hair Straightener,2,36.51,73.02,bank_transfer,1,delivered,2025-11-19,3.0,,,
LT-104418,2025-11-16,United States,urban,Electronics,Boom Mini Bluetooth Speaker,2,29.0,58.0,cash_on_delivery,1,delivered,2025-11-18,2.0,,,
LT-101601,2025-11-16,Mexico,urban,Fashion,Strida Urban Sneakers,1,50.62,50.62,digital_wallet,1,delivered,2025-11-20,4.0,,,
LT-101216,2025-11-16,Chile,capital,Home,Stackable Kitchen Organizer x3,1,15.03,15.03,debit_card,1,delivered,2025-11-19,3.0,,,
LT-100848,2025-11-16,Peru,extended_zone,Fashion,UrbanPack 25L Anti-theft Backpack,1,40.26,40.26,digital_wallet,1,delivered,2025-11-28,12.0,,,
LT-101553,2025-11-16,United States,extended_zone,Electronics,Vertex Ergonomic Mouse,1,21.14,21.14,credit_card,12,delivered,2025-11-24,8.0,,,
LT-101732,2025-11-16,Mexico,capital,Accessories,Interchangeable Watch Strap,1,8.27,8.27,debit_card,1,delivered,2025-11-20,4.0,,,
LT-102364,2025-11-16,Peru,capital,Electronics,Nova Wireless Earbuds,1,41.59,41.59,bank_transfer,1,delivered,2025-11-20,4.0,,,
LT-103931,2025-11-16,United States,capital,Electronics,Nova Wireless Earbuds,1,40.99,40.99,credit_card,1,delivered,2025-11-21,5.0,,,
LT-103250,2025-11-16,Peru,extended_zone,Fashion,Andino Slim Fit Jeans,1,32.65,32.65,credit_card,1,delivered,2025-11-27,11.0,,,
LT-101142,2025-11-16,Mexico,urban,Electronics,Nova Wireless Earbuds,2,41.89,83.78,cash_on_delivery,1,delivered,2025-11-20,4.0,,,
LT-104939,2025-11-16,Mexico,urban,Electronics,Pulse S2 Smartwatch,1,91.84,91.84,credit_card,3,delivered,2025-11-20,4.0,,,
LT-104392,2025-11-16,Peru,urban,Fashion,Andino Slim Fit Jeans,1,31.83,31.83,credit_card,1,delivered,2025-11-20,4.0,,,
LT-102838,2025-11-16,Peru,extended_zone,Fashion,Pima Cotton Basic Tee (2-pack),2,21.56,43.12,credit_card,6,delivered,2025-11-21,5.0,,,
LT-101266,2025-11-16,United States,urban,Home,Flex LED Desk Lamp,1,19.36,19.36,credit_card,1,delivered,2025-11-19,3.0,,,
LT-103439,2025-11-16,Mexico,urban,Beauty,CeramicPro Hair Straightener,1,40.61,40.61,debit_card,1,delivered,2025-11-20,4.0,,,
LT-102716,2025-11-16,Canada,urban,Electronics,Vertex Ergonomic Mouse,2,21.17,42.34,digital_wallet,1,delivered,2025-11-20,4.0,,,
LT-103626,2025-11-16,United States,capital,Electronics,65W Fast Charger,1,23.63,23.63,debit_card,1,delivered,2025-11-19,3.0,,,
LT-103012,2025-11-16,Peru,urban,Beauty,Complete Skincare Routine Kit,1,36.24,36.24,credit_card,3,delivered,2025-11-18,2.0,,,
LT-104329,2025-11-17,Colombia,urban,Home,Flex LED Desk Lamp,1,17.93,17.93,credit_card,6,delivered,2025-11-19,2.0,,,
LT-101188,2025-11-17,Colombia,urban,Electronics,65W Fast Charger,1,24.26,24.26,debit_card,1,delivered,2025-11-19,2.0,,,
LT-104704,2025-11-17,United States,extended_zone,Electronics,Boom Mini Bluetooth Speaker,2,28.42,56.84,bank_transfer,1,delivered,2025-11-23,6.0,,,
LT-103541,2025-11-17,United States,extended_zone,Electronics,360 WiFi Security Camera,1,47.17,47.17,digital_wallet,1,delivered,2025-11-22,5.0,,,
LT-101325,2025-11-17,Argentina,urban,Home,Stackable Kitchen Organizer x3,1,15.27,15.27,digital_wallet,1,delivered,2025-11-20,3.0,,,
LT-101686,2025-11-17,Mexico,capital,Electronics,Nova Wireless Earbuds,1,41.97,41.97,debit_card,1,delivered,2025-11-21,4.0,,,
LT-103321,2025-11-17,Peru,extended_zone,Home,Premium Queen Bedsheet Set,2,39.12,78.24,credit_card,6,delivered,2025-11-28,11.0,2025-12-08,defective_product,rejected
LT-104855,2025-11-17,Mexico,extended_zone,Electronics,Vertex Ergonomic Mouse,2,20.07,40.14,digital_wallet,1,delivered,2025-11-28,11.0,,,
LT-103312,2025-11-17,Chile,capital,Fashion,Pima Cotton Basic Tee (2-pack),1,20.51,20.51,debit_card,1,delivered,2025-11-21,4.0,,,
LT-101857,2025-11-17,Argentina,urban,Home,Premium Queen Bedsheet Set,1,42.05,42.05,bank_transfer,1,delivered,2025-11-19,2.0,,,
LT-100191,2025-11-17,Peru,capital,Home,CompactChef 4L Air Fryer,1,78.32,78.32,credit_card,6,delivered,2025-11-23,6.0,,,
LT-101661,2025-11-17,Peru,urban,Fashion,TrailFit Waterproof Jacket,2,64.06,128.12,debit_card,1,delivered,2025-11-19,2.0,,,
LT-101296,2025-11-18,Canada,extended_zone,Sports,Resistance Bands Set x5,1,13.95,13.95,credit_card,1,delivered,2025-11-29,11.0,,,
LT-101117,2025-11-18,Colombia,urban,Electronics,360 WiFi Security Camera,2,45.24,90.48,debit_card,1,delivered,2025-11-20,2.0,,,
LT-102059,2025-11-18,Colombia,urban,Home,Premium Queen Bedsheet Set,1,43.07,43.07,credit_card,1,delivered,2025-11-20,2.0,,,
LT-100702,2025-11-18,United States,urban,Electronics,65W Fast Charger,1,23.67,23.67,credit_card,1,delivered,2025-11-20,2.0,,,
LT-102810,2025-11-18,Chile,extended_zone,Electronics,Vertex Ergonomic Mouse,2,21.33,42.66,debit_card,1,delivered,2025-11-29,11.0,,,
LT-100657,2025-11-18,Colombia,urban,Beauty,CeramicPro Hair Straightener,1,40.98,40.98,credit_card,1,delivered,2025-11-21,3.0,,,
LT-101311,2025-11-18,Chile,urban,Fashion,TrailFit Waterproof Jacket,1,63.78,63.78,debit_card,1,delivered,2025-11-20,2.0,,,
LT-103869,2025-11-18,Mexico,capital,Fashion,UrbanPack 25L Anti-theft Backpack,1,36.11,36.11,credit_card,3,delivered,2025-11-23,5.0,,,
LT-103211,2025-11-18,Colombia,urban,Electronics,360 WiFi Security Camera,1,48.92,48.92,credit_card,3,delivered,2025-11-20,2.0,,,
LT-104806,2025-11-18,Chile,extended_zone,Electronics,Pulse S2 Smartwatch,1,83.08,83.08,debit_card,1,cancelled,,,,,
LT-101674,2025-11-18,Peru,capital,Home,CompactChef 4L Air Fryer,2,70.94,141.88,credit_card,1,delivered,2025-11-21,3.0,,,
LT-103908,2025-11-18,Colombia,urban,Electronics,Vertex Ergonomic Mouse,1,20.61,20.61,debit_card,1,delivered,2025-11-21,3.0,,,
LT-103640,2025-11-18,Argentina,extended_zone,Fashion,UrbanPack 25L Anti-theft Backpack,1,37.01,37.01,digital_wallet,1,delivered,2025-11-24,6.0,,,
LT-103648,2025-11-18,Peru,extended_zone,Electronics,360 WiFi Security Camera,1,44.18,44.18,credit_card,3,delivered,2025-11-25,7.0,2025-11-28,arrived_damaged,refunded
LT-100488,2025-11-18,Peru,urban,Fashion,Pima Cotton Basic Tee (2-pack),1,22.39,22.39,bank_transfer,1,delivered,2025-11-21,3.0,,,
LT-100631,2025-11-18,Mexico,urban,Electronics,Vertex Ergonomic Mouse,1,20.72,20.72,debit_card,1,delivered,2025-11-20,2.0,,,
LT-102599,2025-11-18,Argentina,capital,Beauty,CeramicPro Hair Straightener,1,39.6,39.6,debit_card,1,delivered,2025-11-21,3.0,,,
LT-100497,2025-11-18,Peru,urban,Home,CleanBot Lite Robot Vacuum,1,137.07,137.07,cash_on_delivery,1,delivered,2025-11-22,4.0,,,
LT-104604,2025-11-18,Mexico,capital,Electronics,Vertex Ergonomic Mouse,2,22.41,44.82,debit_card,1,delivered,2025-11-23,5.0,,,
LT-100259,2025-11-18,Mexico,urban,Sports,SteelHydro 1L Thermal Bottle,1,16.74,16.74,credit_card,3,delivered,2025-11-21,3.0,,,
LT-101818,2025-11-18,United States,capital,Electronics,360 WiFi Security Camera,1,45.17,45.17,digital_wallet,1,delivered,2025-11-22,4.0,,,
LT-101542,2025-11-18,Canada,capital,Electronics,65W Fast Charger,1,24.36,24.36,debit_card,1,delivered,2025-11-23,5.0,,,
LT-101688,2025-11-18,Argentina,urban,Accessories,Interchangeable Watch Strap,2,8.0,16.0,bank_transfer,1,delivered,2025-11-20,2.0,2025-11-26,not_as_described,refunded
LT-100555,2025-11-19,United States,urban,Home,Stackable Kitchen Organizer x3,1,15.81,15.81,digital_wallet,1,delivered,2025-11-23,4.0,,,
LT-102097,2025-11-19,Mexico,urban,Fashion,TrailFit Waterproof Jacket,1,66.9,66.9,credit_card,3,delivered,2025-11-21,2.0,,,
LT-104965,2025-11-19,Mexico,urban,Sports,Pro Non-slip Yoga Mat,1,18.74,18.74,digital_wallet,1,delivered,2025-11-23,4.0,,,
LT-100518,2025-11-19,Argentina,urban,Fashion,UrbanPack 25L Anti-theft Backpack,1,36.04,36.04,credit_card,1,delivered,2025-11-21,2.0,,,
LT-104413,2025-11-19,Chile,urban,Home,CompactChef 4L Air Fryer,1,77.74,77.74,debit_card,1,delivered,2025-11-22,3.0,,,
LT-102277,2025-11-19,Colombia,extended_zone,Sports,Resistance Bands Set x5,1,14.01,14.01,digital_wallet,1,delivered,2025-11-25,6.0,,,
LT-102441,2025-11-19,United States,urban,Home,Flex LED Desk Lamp,3,19.44,58.32,credit_card,12,delivered,2025-11-21,2.0,,,
LT-101233,2025-11-19,Peru,urban,Electronics,Pulse S2 Smartwatch,1,85.47,85.47,credit_card,1,delivered,2025-11-23,4.0,,,
LT-104353,2025-11-19,Peru,urban,Sports,Pro Non-slip Yoga Mat,1,21.02,21.02,credit_card,1,delivered,2025-11-23,4.0,,,
LT-100287,2025-11-19,Mexico,capital,Electronics,Vertex Ergonomic Mouse,1,21.88,21.88,debit_card,1,delivered,2025-11-24,5.0,,,
LT-104851,2025-11-19,Mexico,capital,Electronics,65W Fast Charger,1,25.06,25.06,digital_wallet,1,delivered,2025-11-23,4.0,2025-11-27,defective_product,refunded
LT-104571,2025-11-19,Peru,urban,Home,Stackable Kitchen Organizer x3,3,16.68,50.04,credit_card,12,delivered,2025-11-23,4.0,,,
LT-100140,2025-11-19,Peru,urban,Fashion,Strida Urban Sneakers,1,48.44,48.44,debit_card,1,delivered,2025-11-21,2.0,,,
LT-100651,2025-11-20,Argentina,extended_zone,Electronics,360 WiFi Security Camera,3,48.22,144.66,bank_transfer,1,delivered,2025-11-29,9.0,,,
LT-102284,2025-11-20,Canada,extended_zone,Fashion,Strida Urban Sneakers,2,48.38,96.76,digital_wallet,1,delivered,2025-12-02,12.0,,,
LT-101397,2025-11-20,Colombia,capital,Home,CompactChef 4L Air Fryer,1,75.14,75.14,credit_card,6,delivered,2025-11-24,4.0,,,
LT-103210,2025-11-20,Mexico,capital,Fashion,UrbanPack 25L Anti-theft Backpack,1,38.93,38.93,digital_wallet,1,delivered,2025-11-24,4.0,,,
LT-104410,2025-11-20,Canada,capital,Electronics,Vertex Ergonomic Mouse,2,19.76,39.52,credit_card,12,delivered,2025-11-25,5.0,2025-11-27,wrong_size_or_model,refunded
LT-100665,2025-11-20,Colombia,capital,Beauty,Complete Skincare Routine Kit,1,33.64,33.64,debit_card,1,delivered,2025-11-24,4.0,,,
LT-102058,2025-11-20,United States,urban,Electronics,Vertex Ergonomic Mouse,1,22.42,22.42,credit_card,12,delivered,2025-11-24,4.0,,,
LT-100946,2025-11-20,Colombia,urban,Electronics,Kova K61 Mechanical Keyboard,1,54.25,54.25,digital_wallet,1,delivered,2025-11-24,4.0,,,
LT-102694,2025-11-20,Canada,urban,Fashion,TrailFit Waterproof Jacket,1,60.54,60.54,debit_card,1,delivered,2025-11-23,3.0,,,
LT-100435,2025-11-20,Colombia,urban,Fashion,UrbanPack 25L Anti-theft Backpack,1,37.0,37.0,bank_transfer,1,delivered,2025-11-24,4.0,,,
LT-100641,2025-11-20,Mexico,capital,Electronics,360 WiFi Security Camera,1,46.62,46.62,digital_wallet,1,delivered,2025-11-26,6.0,,,
LT-104954,2025-11-20,Chile,urban,Electronics,Pulse S2 Smartwatch,1,89.63,89.63,digital_wallet,1,delivered,2025-11-24,4.0,,,
LT-102761,2025-11-20,Mexico,extended_zone,Electronics,Boom Mini Bluetooth Speaker,1,28.74,28.74,debit_card,1,delivered,2025-11-29,9.0,,,
LT-104183,2025-11-20,United States,extended_zone,Electronics,Nova Wireless Earbuds,1,39.86,39.86,bank_transfer,1,delivered,2025-11-28,8.0,,,
LT-102098,2025-11-20,Chile,capital,Electronics,65W Fast Charger,1,25.44,25.44,digital_wallet,1,delivered,2025-11-26,6.0,,,
LT-102927,2025-11-20,Colombia,capital,Fashion,Pima Cotton Basic Tee (2-pack),2,21.07,42.14,digital_wallet,1,delivered,2025-11-25,5.0,,,
LT-100486,2025-11-20,Canada,urban,Electronics,Nova Wireless Earbuds,1,40.16,40.16,credit_card,6,delivered,2025-11-24,4.0,,,
LT-101630,2025-11-20,Argentina,capital,Electronics,65W Fast Charger,1,24.44,24.44,credit_card,3,delivered,2025-11-23,3.0,,,
LT-103547,2025-11-20,Colombia,urban,Electronics,Vertex Ergonomic Mouse,1,21.17,21.17,credit_card,6,delivered,2025-11-24,4.0,,,
LT-104291,2025-11-20,United States,capital,Home,CompactChef 4L Air Fryer,1,72.52,72.52,cash_on_delivery,1,delivered,2025-11-24,4.0,,,
LT-100465,2025-11-20,Canada,urban,Sports,Resistance Bands Set x5,1,14.08,14.08,credit_card,6,cancelled,,,,,
LT-103619,2025-11-20,Mexico,urban,Electronics,Nova Wireless Earbuds,1,41.94,41.94,credit_card,1,delivered,2025-11-24,4.0,2025-11-26,not_as_described,rejected
LT-102457,2025-11-20,Mexico,capital,Accessories,14'' Hard Laptop Case,2,18.69,37.38,debit_card,1,delivered,2025-11-23,3.0,,,
LT-103127,2025-11-21,Argentina,capital,Electronics,Kova K61 Mechanical Keyboard,1,53.03,53.03,debit_card,1,delivered,2025-11-26,5.0,2025-12-06,defective_product,refunded
LT-101371,2025-11-21,Peru,urban,Electronics,Boom Mini Bluetooth Speaker,1,31.43,31.43,debit_card,1,delivered,2025-11-25,4.0,2025-12-10,changed_mind,refunded
LT-103124,2025-11-21,Peru,urban,Sports,Pro Non-slip Yoga Mat,2,18.72,37.44,cash_on_delivery,1,delivered,2025-11-23,2.0,,,
LT-102265,2025-11-21,Peru,extended_zone,Electronics,Nova Wireless Earbuds,2,40.11,80.22,credit_card,6,delivered,2025-11-30,9.0,2025-12-04,not_as_described,rejected
LT-101282,2025-11-21,Mexico,urban,Sports,Pro Non-slip Yoga Mat,1,18.6,18.6,digital_wallet,1,delivered,2025-11-24,3.0,,,
LT-104970,2025-11-21,Argentina,capital,Electronics,65W Fast Charger,1,25.8,25.8,digital_wallet,1,delivered,2025-11-26,5.0,,,
LT-102379,2025-11-21,Colombia,capital,Fashion,Pima Cotton Basic Tee (2-pack),1,21.28,21.28,credit_card,6,delivered,2025-11-24,3.0,,,
LT-103678,2025-11-21,Mexico,urban,Home,Premium Queen Bedsheet Set,3,41.82,125.46,credit_card,1,delivered,2025-11-24,3.0,,,
LT-101585,2025-11-21,Mexico,urban,Home,CompactChef 4L Air Fryer,1,78.09,78.09,debit_card,1,delivered,2025-11-25,4.0,,,
LT-100442,2025-11-21,Mexico,urban,Fashion,Strida Urban Sneakers,1,53.2,53.2,bank_transfer,1,delivered,2025-11-23,2.0,,,
LT-101041,2025-11-21,Argentina,urban,Fashion,Pima Cotton Basic Tee (2-pack),2,22.35,44.7,debit_card,1,delivered,2025-11-23,2.0,,,
LT-101498,2025-11-21,Argentina,urban,Fashion,Pima Cotton Basic Tee (2-pack),1,22.89,22.89,credit_card,6,delivered,2025-11-25,4.0,,,
LT-101474,2025-11-21,Colombia,urban,Home,CleanBot Lite Robot Vacuum,1,128.43,128.43,cash_on_delivery,1,delivered,2025-11-23,2.0,,,
LT-100137,2025-11-21,Canada,extended_zone,Home,CompactChef 4L Air Fryer,1,78.5,78.5,credit_card,12,delivered,2025-11-27,6.0,,,
LT-100636,2025-11-21,Peru,urban,Electronics,360 WiFi Security Camera,1,48.2,48.2,credit_card,3,delivered,2025-11-23,2.0,,,
LT-104796,2025-11-21,Mexico,extended_zone,Electronics,360 WiFi Security Camera,1,49.55,49.55,digital_wallet,1,delivered,2025-11-27,6.0,,,
LT-102224,2025-11-21,Peru,capital,Electronics,Vertex Ergonomic Mouse,1,19.63,19.63,credit_card,6,delivered,2025-11-27,6.0,,,
LT-102419,2025-11-21,Mexico,capital,Electronics,65W Fast Charger,1,23.97,23.97,credit_card,3,delivered,2025-11-27,6.0,,,
LT-101163,2025-11-22,Colombia,capital,Electronics,Vertex Ergonomic Mouse,1,20.93,20.93,credit_card,3,delivered,2025-11-27,5.0,,,
LT-100066,2025-11-22,Canada,urban,Fashion,Strida Urban Sneakers,1,49.02,49.02,bank_transfer,1,delivered,2025-11-25,3.0,2025-12-04,changed_mind,rejected
LT-100773,2025-11-22,Mexico,extended_zone,Electronics,360 WiFi Security Camera,2,44.41,88.82,credit_card,3,delivered,2025-12-04,12.0,,,
LT-101598,2025-11-22,United States,urban,Electronics,Kova K61 Mechanical Keyboard,1,50.73,50.73,credit_card,3,delivered,2025-11-26,4.0,,,
LT-104570,2025-11-22,Mexico,extended_zone,Sports,Resistance Bands Set x5,2,13.5,27.0,cash_on_delivery,1,delivered,2025-11-30,8.0,,,
LT-100285,2025-11-22,United States,capital,Electronics,65W Fast Charger,1,23.81,23.81,debit_card,1,cancelled,,,,,
LT-103624,2025-11-22,Mexico,urban,Electronics,65W Fast Charger,1,26.14,26.14,bank_transfer,1,delivered,2025-11-25,3.0,,,
LT-102096,2025-11-22,Colombia,urban,Fashion,Pima Cotton Basic Tee (2-pack),3,21.92,65.76,credit_card,1,delivered,2025-11-25,3.0,,,
LT-104586,2025-11-22,Colombia,capital,Fashion,Strida Urban Sneakers,1,50.52,50.52,digital_wallet,1,delivered,2025-11-28,6.0,,,
LT-103837,2025-11-22,Argentina,urban,Beauty,Complete Skincare Routine Kit,1,34.04,34.04,bank_transfer,1,delivered,2025-11-25,3.0,,,
LT-102209,2025-11-22,Mexico,urban,Electronics,Boom Mini Bluetooth Speaker,1,30.8,30.8,cash_on_delivery,1,delivered,2025-11-24,2.0,,,
LT-102755,2025-11-22,Mexico,urban,Accessories,14'' Hard Laptop Case,2,18.07,36.14,credit_card,3,delivered,2025-11-24,2.0,,,
LT-102705,2025-11-22,United States,capital,Electronics,Kova K61 Mechanical Keyboard,1,50.98,50.98,digital_wallet,1,delivered,2025-11-25,3.0,,,
LT-104657,2025-11-22,Argentina,extended_zone,Electronics,360 WiFi Security Camera,1,45.72,45.72,credit_card,1,delivered,2025-11-27,5.0,,,
LT-103336,2025-11-22,Colombia,urban,Home,Flex LED Desk Lamp,1,17.36,17.36,credit_card,3,delivered,2025-11-24,2.0,,,
LT-104434,2025-11-22,United States,urban,Fashion,Andino Slim Fit Jeans,1,32.1,32.1,credit_card,6,delivered,2025-11-24,2.0,,,
LT-104666,2025-11-22,Argentina,urban,Electronics,65W Fast Charger,1,23.31,23.31,credit_card,6,delivered,2025-11-24,2.0,,,
LT-103825,2025-11-22,Chile,extended_zone,Electronics,Boom Mini Bluetooth Speaker,2,29.8,59.6,digital_wallet,1,delivered,2025-11-30,8.0,,,
LT-101038,2025-11-22,Argentina,urban,Beauty,AirStyle Ionic Hair Dryer,1,44.47,44.47,digital_wallet,1,delivered,2025-11-25,3.0,,,
LT-100288,2025-11-22,United States,urban,Home,Flex LED Desk Lamp,3,19.2,57.6,digital_wallet,1,delivered,2025-11-26,4.0,,,
LT-104938,2025-11-22,Peru,urban,Electronics,Vertex Ergonomic Mouse,1,20.87,20.87,bank_transfer,1,delivered,2025-11-25,3.0,,,
LT-104668,2025-11-22,Peru,capital,Electronics,Boom Mini Bluetooth Speaker,1,30.12,30.12,digital_wallet,1,delivered,2025-11-26,4.0,,,
LT-102134,2025-11-22,Mexico,capital,Electronics,Kova K61 Mechanical Keyboard,2,55.36,110.72,debit_card,1,delivered,2025-11-28,6.0,,,
LT-101701,2025-11-22,Chile,capital,Electronics,360 WiFi Security Camera,1,46.88,46.88,credit_card,1,delivered,2025-11-28,6.0,,,
LT-104379,2025-11-22,Canada,urban,Sports,Pro Non-slip Yoga Mat,2,19.1,38.2,debit_card,1,delivered,2025-11-26,4.0,,,
LT-100849,2025-11-23,Colombia,urban,Sports,SteelHydro 1L Thermal Bottle,1,16.71,16.71,debit_card,1,delivered,2025-11-25,2.0,,,
LT-100504,2025-11-23,Peru,urban,Home,Stackable Kitchen Organizer x3,1,15.91,15.91,credit_card,1,delivered,2025-11-25,2.0,,,
LT-101333,2025-11-23,United States,urban,Electronics,360 WiFi Security Camera,2,50.66,101.32,credit_card,1,delivered,2025-11-25,2.0,,,
LT-104115,2025-11-23,Mexico,urban,Home,Stackable Kitchen Organizer x3,1,16.73,16.73,debit_card,1,delivered,2025-11-26,3.0,,,
LT-103408,2025-11-23,Colombia,urban,Fashion,Pima Cotton Basic Tee (2-pack),2,23.45,46.9,credit_card,1,delivered,2025-11-27,4.0,,,
LT-102146,2025-11-23,Chile,urban,Electronics,360 WiFi Security Camera,3,48.77,146.31,digital_wallet,1,delivered,2025-11-25,2.0,,,
LT-102735,2025-11-23,Colombia,extended_zone,Electronics,65W Fast Charger,1,23.33,23.33,bank_transfer,1,delivered,2025-12-01,8.0,,,
LT-100605,2025-11-23,Colombia,capital,Sports,Pro Non-slip Yoga Mat,1,20.85,20.85,credit_card,1,delivered,2025-11-26,3.0,,,
LT-103082,2025-11-23,United States,capital,Electronics,65W Fast Charger,1,26.37,26.37,digital_wallet,1,delivered,2025-11-28,5.0,,,
LT-101112,2025-11-23,Chile,urban,Electronics,Vertex Ergonomic Mouse,1,21.57,21.57,credit_card,1,delivered,2025-11-25,2.0,,,
LT-102855,2025-11-23,Chile,urban,Sports,Pro Non-slip Yoga Mat,2,20.58,41.16,bank_transfer,1,delivered,2025-11-25,2.0,,,
LT-102964,2025-11-23,Argentina,extended_zone,Beauty,CeramicPro Hair Straightener,2,38.59,77.18,credit_card,1,cancelled,,,,,
LT-104758,2025-11-23,Colombia,urban,Home,Flex LED Desk Lamp,1,18.27,18.27,digital_wallet,1,delivered,2025-11-26,3.0,,,
LT-100647,2025-11-23,Mexico,extended_zone,Beauty,AirStyle Ionic Hair Dryer,1,43.42,43.42,credit_card,6,delivered,2025-12-02,9.0,,,
LT-101524,2025-11-23,Mexico,urban,Beauty,Complete Skincare Routine Kit,3,35.88,107.64,digital_wallet,1,cancelled,,,,,
LT-103078,2025-11-23,United States,capital,Electronics,360 WiFi Security Camera,1,46.43,46.43,debit_card,1,delivered,2025-11-26,3.0,,,
LT-100904,2025-11-23,Peru,extended_zone,Sports,Resistance Bands Set x5,1,13.17,13.17,debit_card,1,delivered,2025-11-30,7.0,,,
LT-104503,2025-11-23,United States,capital,Fashion,Strida Urban Sneakers,1,49.75,49.75,credit_card,6,delivered,2025-11-26,3.0,,,
LT-100340,2025-11-23,Canada,capital,Home,Stackable Kitchen Organizer x3,1,14.98,14.98,digital_wallet,1,delivered,2025-11-29,6.0,2025-12-05,defective_product,refunded
LT-103835,2025-11-24,Peru,urban,Electronics,Vertex Ergonomic Mouse,1,21.18,21.18,digital_wallet,1,delivered,2025-11-27,3.0,,,
LT-103720,2025-11-24,Peru,urban,Electronics,65W Fast Charger,1,25.88,25.88,credit_card,3,delivered,2025-11-27,3.0,2025-12-12,defective_product,refunded
LT-103868,2025-11-24,Peru,capital,Sports,SteelHydro 1L Thermal Bottle,1,16.98,16.98,credit_card,6,delivered,2025-11-30,6.0,,,
LT-103563,2025-11-24,Chile,extended_zone,Electronics,65W Fast Charger,3,23.34,70.02,cash_on_delivery,1,delivered,2025-11-29,5.0,,,
LT-103885,2025-11-24,Mexico,extended_zone,Home,Flex LED Desk Lamp,2,19.16,38.32,debit_card,1,delivered,2025-12-06,12.0,,,
LT-102026,2025-11-24,Argentina,extended_zone,Electronics,Boom Mini Bluetooth Speaker,1,31.26,31.26,credit_card,1,delivered,2025-12-05,11.0,,,
LT-103787,2025-11-24,Colombia,capital,Electronics,65W Fast Charger,3,26.26,78.78,digital_wallet,1,delivered,2025-11-30,6.0,,,
LT-103440,2025-11-24,United States,urban,Home,Stackable Kitchen Organizer x3,1,16.53,16.53,credit_card,12,delivered,2025-11-28,4.0,,,
LT-103932,2025-11-24,United States,capital,Home,CleanBot Lite Robot Vacuum,1,124.48,124.48,credit_card,3,cancelled,,,,,
LT-104743,2025-11-24,Peru,urban,Electronics,Boom Mini Bluetooth Speaker,1,31.42,31.42,credit_card,6,delivered,2025-11-26,2.0,,,
LT-104402,2025-11-24,Mexico,capital,Fashion,Pima Cotton Basic Tee (2-pack),2,21.29,42.58,debit_card,1,delivered,2025-11-30,6.0,,,
LT-102050,2025-11-24,Mexico,urban,Electronics,Boom Mini Bluetooth Speaker,1,29.65,29.65,credit_card,12,delivered,2025-11-28,4.0,,,
LT-104999,2025-11-24,Colombia,extended_zone,Electronics,Nova Wireless Earbuds,2,41.92,83.84,debit_card,1,delivered,2025-12-04,10.0,,,
LT-101842,2025-11-24,Peru,urban,Beauty,AirStyle Ionic Hair Dryer,1,43.08,43.08,digital_wallet,1,delivered,2025-11-27,3.0,,,
LT-101258,2025-11-24,Mexico,capital,Fashion,Strida Urban Sneakers,1,49.78,49.78,digital_wallet,1,delivered,2025-11-29,5.0,,,
LT-101396,2025-11-24,Colombia,urban,Home,CompactChef 4L Air Fryer,1,77.84,77.84,credit_card,12,delivered,2025-11-26,2.0,,,
LT-100192,2025-11-24,Chile,urban,Electronics,65W Fast Charger,1,26.57,26.57,digital_wallet,1,delivered,2025-11-27,3.0,,,
LT-100767,2025-11-24,Argentina,capital,Electronics,360 WiFi Security Camera,1,45.08,45.08,cash_on_delivery,1,delivered,2025-11-30,6.0,,,
LT-101259,2025-11-24,United States,extended_zone,Fashion,TrailFit Waterproof Jacket,1,66.2,66.2,credit_card,1,delivered,2025-12-05,11.0,2025-12-07,wrong_size_or_model,refunded
LT-101558,2025-11-24,Peru,urban,Electronics,Kova K61 Mechanical Keyboard,1,51.53,51.53,debit_card,1,delivered,2025-11-27,3.0,,,
LT-101750,2025-11-24,United States,extended_zone,Electronics,Vertex Ergonomic Mouse,1,21.0,21.0,debit_card,1,delivered,2025-12-06,12.0,,,
LT-101780,2025-11-24,United States,extended_zone,Electronics,Vertex Ergonomic Mouse,1,20.08,20.08,digital_wallet,1,delivered,2025-12-06,12.0,,,
LT-100709,2025-11-24,Canada,capital,Home,Premium Queen Bedsheet Set,1,43.97,43.97,digital_wallet,1,delivered,2025-11-27,3.0,,,
LT-101520,2025-11-24,Argentina,urban,Accessories,Interchangeable Watch Strap,1,8.19,8.19,credit_card,1,cancelled,,,,,
LT-100890,2025-11-24,Peru,urban,Electronics,Vertex Ergonomic Mouse,1,20.96,20.96,digital_wallet,1,delivered,2025-11-27,3.0,,,
LT-100018,2025-11-24,United States,urban,Home,Flex LED Desk Lamp,2,17.76,35.52,credit_card,1,delivered,2025-11-27,3.0,,,
LT-103894,2025-11-25,Chile,capital,Fashion,Strida Urban Sneakers,1,48.46,48.46,credit_card,1,delivered,2025-11-28,3.0,,,
LT-100728,2025-11-25,Argentina,urban,Fashion,Pima Cotton Basic Tee (2-pack),1,20.64,20.64,debit_card,1,delivered,2025-11-29,4.0,,,
LT-102309,2025-11-25,United States,extended_zone,Home,CompactChef 4L Air Fryer,1,71.2,71.2,debit_card,1,delivered,2025-12-05,10.0,,,
LT-101608,2025-11-25,Colombia,urban,Home,CleanBot Lite Robot Vacuum,1,131.64,131.64,bank_transfer,1,delivered,2025-11-28,3.0,,,
LT-104075,2025-11-25,Mexico,urban,Accessories,Vista Polarized Sunglasses,1,26.47,26.47,credit_card,12,delivered,2025-11-28,3.0,,,
LT-102537,2025-11-25,Mexico,capital,Beauty,Complete Skincare Routine Kit,1,36.29,36.29,digital_wallet,1,delivered,2025-11-29,4.0,,,
LT-100053,2025-11-25,Peru,extended_zone,Sports,SteelHydro 1L Thermal Bottle,1,16.17,16.17,cash_on_delivery,1,delivered,2025-11-30,5.0,,,
LT-103760,2025-11-25,Chile,extended_zone,Home,CompactChef 4L Air Fryer,1,72.31,72.31,credit_card,6,delivered,2025-12-01,6.0,,,
LT-101234,2025-11-25,Chile,capital,Electronics,Kova K61 Mechanical Keyboard,1,55.14,55.14,digital_wallet,1,delivered,2025-12-01,6.0,,,
LT-100158,2025-11-25,Chile,capital,Home,CleanBot Lite Robot Vacuum,1,125.53,125.53,credit_card,1,delivered,2025-12-01,6.0,,,
LT-101856,2025-11-25,United States,capital,Home,CleanBot Lite Robot Vacuum,1,129.46,129.46,credit_card,1,delivered,2025-11-30,5.0,,,
LT-101525,2025-11-25,Canada,urban,Fashion,Pima Cotton Basic Tee (2-pack),2,21.99,43.98,digital_wallet,1,delivered,2025-11-29,4.0,,,
LT-104222,2025-11-25,Argentina,extended_zone,Sports,Resistance Bands Set x5,1,14.02,14.02,cash_on_delivery,1,delivered,2025-12-06,11.0,,,
LT-104253,2025-11-25,Chile,urban,Home,Premium Queen Bedsheet Set,2,39.81,79.62,debit_card,1,delivered,2025-11-27,2.0,,,
LT-104467,2025-11-25,United States,extended_zone,Sports,Adjustable Dumbbells 2x10kg,1,59.9,59.9,debit_card,1,delivered,2025-12-04,9.0,,,
LT-101008,2025-11-25,Mexico,urban,Electronics,Pulse S2 Smartwatch,1,92.28,92.28,credit_card,6,delivered,2025-11-27,2.0,,,
LT-100039,2025-11-25,Mexico,urban,Fashion,Strida Urban Sneakers,1,47.73,47.73,debit_card,1,delivered,2025-11-28,3.0,,,
LT-103774,2025-11-25,Colombia,urban,Accessories,14'' Hard Laptop Case,1,17.21,17.21,debit_card,1,delivered,2025-11-27,2.0,,,
LT-103131,2025-11-25,Mexico,capital,Home,CompactChef 4L Air Fryer,1,73.11,73.11,digital_wallet,1,delivered,2025-11-28,3.0,,,
LT-101341,2025-11-26,Mexico,capital,Fashion,Strida Urban Sneakers,2,50.41,100.82,credit_card,1,delivered,2025-11-29,3.0,,,
LT-101726,2025-11-26,Colombia,capital,Sports,Pro Non-slip Yoga Mat,2,19.98,39.96,credit_card,1,delivered,2025-12-02,6.0,,,
LT-100286,2025-11-26,Colombia,extended_zone,Home,Flex LED Desk Lamp,1,18.99,18.99,bank_transfer,1,delivered,2025-12-03,7.0,,,
LT-104860,2025-11-26,Colombia,extended_zone,Fashion,Andino Slim Fit Jeans,1,34.32,34.32,credit_card,12,delivered,2025-12-03,7.0,,,
LT-100542,2025-11-26,Canada,capital,Electronics,360 WiFi Security Camera,1,49.2,49.2,digital_wallet,1,cancelled,,,,,
LT-103409,2025-11-26,Colombia,capital,Fashion,Strida Urban Sneakers,1,51.84,51.84,cash_on_delivery,1,delivered,2025-12-01,5.0,,,
LT-103842,2025-11-26,Colombia,capital,Electronics,Boom Mini Bluetooth Speaker,1,29.43,29.43,debit_card,1,delivered,2025-11-29,3.0,,,
LT-102214,2025-11-26,Peru,extended_zone,Home,Stackable Kitchen Organizer x3,1,15.21,15.21,credit_card,6,delivered,2025-12-05,9.0,,,
LT-103057,2025-11-26,Mexico,extended_zone,Fashion,TrailFit Waterproof Jacket,1,64.6,64.6,credit_card,3,delivered,2025-12-08,12.0,,,
LT-100220,2025-11-26,Mexico,urban,Electronics,Vertex Ergonomic Mouse,1,22.06,22.06,debit_card,1,delivered,2025-11-29,3.0,,,
LT-101359,2025-11-26,Mexico,urban,Home,Stackable Kitchen Organizer x3,2,15.13,30.26,credit_card,1,delivered,2025-11-29,3.0,,,
LT-102821,2025-11-26,Colombia,extended_zone,Sports,Pro Non-slip Yoga Mat,1,20.01,20.01,credit_card,1,delivered,2025-12-03,7.0,,,
LT-103956,2025-11-26,Argentina,urban,Electronics,Kova K61 Mechanical Keyboard,3,57.13,171.39,debit_card,1,delivered,2025-11-30,4.0,2025-12-04,not_as_described,refunded
LT-100589,2025-11-26,Chile,urban,Electronics,Vertex Ergonomic Mouse,2,22.3,44.6,credit_card,1,delivered,2025-11-30,4.0,,,
LT-101431,2025-11-27,United States,urban,Fashion,Strida Urban Sneakers,1,51.91,51.91,credit_card,3,delivered,2025-11-30,3.0,,,
LT-103936,2025-11-27,Peru,capital,Sports,Resistance Bands Set x5,1,14.38,14.38,credit_card,1,delivered,2025-12-01,4.0,,,
LT-102634,2025-11-27,Mexico,extended_zone,Electronics,360 WiFi Security Camera,1,44.52,44.52,debit_card,1,delivered,2025-12-05,8.0,,,
LT-103622,2025-11-27,Colombia,urban,Electronics,Boom Mini Bluetooth Speaker,1,30.86,30.86,debit_card,1,delivered,2025-12-01,4.0,,,
LT-100673,2025-11-27,Mexico,capital,Accessories,Interchangeable Watch Strap,1,9.04,9.04,credit_card,1,delivered,2025-12-03,6.0,,,
LT-101517,2025-11-27,Canada,urban,Electronics,Nova Wireless Earbuds,1,40.23,40.23,bank_transfer,1,delivered,2025-12-01,4.0,,,
LT-100629,2025-11-27,Canada,capital,Electronics,65W Fast Charger,1,26.5,26.5,digital_wallet,1,delivered,2025-12-03,6.0,,,
LT-100470,2025-11-27,Colombia,urban,Electronics,65W Fast Charger,2,25.98,51.96,bank_transfer,1,delivered,2025-11-29,2.0,,,
LT-101502,2025-11-27,Colombia,capital,Electronics,Vertex Ergonomic Mouse,1,22.27,22.27,digital_wallet,1,delivered,2025-11-30,3.0,,,
LT-103307,2025-11-27,Chile,capital,Electronics,Pulse S2 Smartwatch,1,92.49,92.49,digital_wallet,1,delivered,2025-12-02,5.0,,,
LT-101149,2025-11-27,Mexico,urban,Fashion,TrailFit Waterproof Jacket,1,62.48,62.48,credit_card,3,delivered,2025-12-01,4.0,,,
LT-100764,2025-11-27,Peru,capital,Home,CompactChef 4L Air Fryer,1,73.5,73.5,bank_transfer,1,delivered,2025-12-01,4.0,,,
LT-102220,2025-11-27,Canada,capital,Sports,SteelHydro 1L Thermal Bottle,3,15.42,46.26,credit_card,3,delivered,2025-12-02,5.0,,,
LT-104003,2025-11-27,Mexico,urban,Electronics,Nova Wireless Earbuds,1,38.35,38.35,credit_card,3,delivered,2025-12-01,4.0,,,
LT-100455,2025-11-27,Argentina,capital,Accessories,Foldable Phone Stand,1,10.17,10.17,digital_wallet,1,delivered,2025-12-03,6.0,,,
LT-100294,2025-11-27,Argentina,urban,Electronics,Vertex Ergonomic Mouse,1,22.05,22.05,debit_card,1,delivered,2025-12-01,4.0,,,
LT-103886,2025-11-27,United States,urban,Beauty,CeramicPro Hair Straightener,1,40.92,40.92,bank_transfer,1,delivered,2025-11-29,2.0,,,
LT-101395,2025-11-27,Mexico,urban,Electronics,Vertex Ergonomic Mouse,3,20.68,62.04,credit_card,3,delivered,2025-11-30,3.0,,,
LT-100478,2025-11-27,Peru,extended_zone,Home,Flex LED Desk Lamp,1,19.13,19.13,bank_transfer,1,delivered,2025-12-09,12.0,,,
LT-104577,2025-11-27,Peru,urban,Fashion,Strida Urban Sneakers,1,51.01,51.01,bank_transfer,1,delivered,2025-11-29,2.0,,,
LT-100960,2025-11-27,Peru,capital,Sports,Adjustable Dumbbells 2x10kg,1,59.93,59.93,debit_card,1,delivered,2025-12-01,4.0,,,
LT-104688,2025-11-27,Chile,capital,Electronics,360 WiFi Security Camera,1,48.03,48.03,digital_wallet,1,delivered,2025-12-02,5.0,,,
LT-101991,2025-11-27,Canada,extended_zone,Electronics,Boom Mini Bluetooth Speaker,1,30.49,30.49,debit_card,1,delivered,2025-12-02,5.0,,,
LT-100671,2025-11-28,United States,urban,Electronics,65W Fast Charger,1,24.16,24.16,credit_card,6,delivered,2025-12-01,3.0,,,
LT-100068,2025-11-28,United States,urban,Electronics,Vertex Ergonomic Mouse,3,21.4,64.2,credit_card,12,delivered,2025-12-02,4.0,,,
LT-103799,2025-11-28,Canada,capital,Electronics,Nova Wireless Earbuds,1,37.36,37.36,digital_wallet,1,delivered,2025-12-01,3.0,2025-12-03,not_as_described,rejected
LT-103218,2025-11-28,Colombia,extended_zone,Home,CleanBot Lite Robot Vacuum,1,126.49,126.49,credit_card,6,delivered,2025-12-09,11.0,,,
LT-104481,2025-11-28,Chile,capital,Home,CompactChef 4L Air Fryer,1,77.4,77.4,bank_transfer,1,delivered,2025-12-03,5.0,,,
LT-104803,2025-11-28,United States,capital,Fashion,Strida Urban Sneakers,1,48.61,48.61,credit_card,1,delivered,2025-12-02,4.0,2025-12-03,defective_product,under_review
LT-104681,2025-11-28,United States,urban,Electronics,Boom Mini Bluetooth Speaker,1,30.62,30.62,digital_wallet,1,delivered,2025-12-01,3.0,,,
LT-104487,2025-11-28,Chile,urban,Electronics,Nova Wireless Earbuds,1,38.76,38.76,debit_card,1,delivered,2025-12-01,3.0,,,
LT-102644,2025-11-28,Peru,capital,Beauty,AirStyle Ionic Hair Dryer,1,46.78,46.78,digital_wallet,1,delivered,2025-12-02,4.0,,,
LT-102405,2025-11-28,Chile,extended_zone,Electronics,65W Fast Charger,1,25.31,25.31,credit_card,1,delivered,2025-12-04,6.0,,,
LT-101073,2025-11-28,Chile,capital,Electronics,Nova Wireless Earbuds,1,37.4,37.4,credit_card,3,delivered,2025-12-01,3.0,,,
LT-102990,2025-11-28,Colombia,urban,Home,Stackable Kitchen Organizer x3,1,14.83,14.83,cash_on_delivery,1,delivered,2025-12-02,4.0,,,
LT-102455,2025-11-28,Peru,capital,Home,Stackable Kitchen Organizer x3,1,15.97,15.97,debit_card,1,delivered,2025-12-03,5.0,,,
LT-104724,2025-11-28,Colombia,capital,Fashion,Pima Cotton Basic Tee (2-pack),3,22.67,68.01,digital_wallet,1,delivered,2025-12-02,4.0,,,
LT-100723,2025-11-28,Argentina,extended_zone,Electronics,Boom Mini Bluetooth Speaker,1,30.24,30.24,credit_card,6,delivered,2025-12-10,12.0,,,
LT-102674,2025-11-28,Canada,capital,Electronics,360 WiFi Security Camera,1,50.6,50.6,bank_transfer,1,delivered,2025-12-01,3.0,,,
LT-103036,2025-11-29,United States,urban,Fashion,Strida Urban Sneakers,1,50.14,50.14,bank_transfer,1,delivered,2025-12-03,4.0,,,
LT-100710,2025-11-29,Canada,extended_zone,Fashion,TrailFit Waterproof Jacket,1,63.86,63.86,credit_card,1,delivered,2025-12-10,11.0,,,
LT-100171,2025-11-29,Argentina,extended_zone,Home,Stackable Kitchen Organizer x3,1,15.4,15.4,debit_card,1,delivered,2025-12-10,11.0,,,
LT-104208,2025-11-29,United States,capital,Sports,Pro Non-slip Yoga Mat,1,20.61,20.61,credit_card,3,delivered,2025-12-04,5.0,,,
LT-100852,2025-11-29,Peru,capital,Home,CleanBot Lite Robot Vacuum,1,120.56,120.56,credit_card,1,delivered,2025-12-05,6.0,,,
LT-102569,2025-11-29,United States,urban,Accessories,14'' Hard Laptop Case,1,17.77,17.77,credit_card,1,delivered,2025-12-01,2.0,,,
LT-100290,2025-11-29,United States,capital,Accessories,Foldable Phone Stand,1,10.23,10.23,debit_card,1,delivered,2025-12-05,6.0,,,
LT-103470,2025-11-29,Peru,capital,Home,Flex LED Desk Lamp,1,17.84,17.84,bank_transfer,1,delivered,2025-12-03,4.0,,,
LT-104957,2025-11-29,Peru,extended_zone,Fashion,Strida Urban Sneakers,1,48.47,48.47,credit_card,1,delivered,2025-12-11,12.0,,,
LT-101642,2025-11-29,Peru,urban,Electronics,Boom Mini Bluetooth Speaker,2,29.63,59.26,digital_wallet,1,delivered,2025-12-02,3.0,,,
LT-101001,2025-11-29,Colombia,capital,Electronics,Kova K61 Mechanical Keyboard,1,54.25,54.25,credit_card,1,delivered,2025-12-05,6.0,,,
LT-104112,2025-11-29,Mexico,capital,Fashion,UrbanPack 25L Anti-theft Backpack,1,35.51,35.51,digital_wallet,1,delivered,2025-12-05,6.0,,,
LT-102192,2025-11-30,Peru,capital,Fashion,UrbanPack 25L Anti-theft Backpack,2,38.16,76.32,debit_card,1,delivered,2025-12-04,4.0,,,
LT-101298,2025-11-30,Peru,capital,Fashion,UrbanPack 25L Anti-theft Backpack,1,38.14,38.14,debit_card,1,delivered,2025-12-06,6.0,,,
LT-104797,2025-11-30,Canada,capital,Electronics,Boom Mini Bluetooth Speaker,1,28.87,28.87,cash_on_delivery,1,delivered,2025-12-05,5.0,,,
LT-102908,2025-11-30,Canada,urban,Electronics,65W Fast Charger,1,23.48,23.48,bank_transfer,1,delivered,2025-12-03,3.0,,,
LT-100118,2025-11-30,Peru,capital,Electronics,Nova Wireless Earbuds,1,40.97,40.97,debit_card,1,delivered,2025-12-03,3.0,2025-12-15,defective_product,refunded
LT-100903,2025-11-30,United States,urban,Electronics,Nova Wireless Earbuds,1,38.32,38.32,debit_card,1,delivered,2025-12-04,4.0,,,
LT-104816,2025-11-30,Mexico,extended_zone,Sports,Adjustable Dumbbells 2x10kg,1,57.05,57.05,credit_card,6,delivered,2025-12-08,8.0,,,
LT-100043,2025-11-30,Colombia,urban,Beauty,CeramicPro Hair Straightener,2,37.9,75.8,credit_card,3,delivered,2025-12-04,4.0,,,
LT-101244,2025-11-30,Argentina,urban,Fashion,TrailFit Waterproof Jacket,1,63.23,63.23,credit_card,1,delivered,2025-12-02,2.0,,,
LT-103298,2025-11-30,Colombia,urban,Fashion,TrailFit Waterproof Jacket,1,60.96,60.96,digital_wallet,1,delivered,2025-12-04,4.0,,,
LT-104194,2025-11-30,Canada,urban,Home,Stackable Kitchen Organizer x3,1,16.71,16.71,credit_card,3,delivered,2025-12-04,4.0,,,
LT-102340,2025-11-30,Argentina,urban,Electronics,Boom Mini Bluetooth Speaker,1,29.06,29.06,cash_on_delivery,1,delivered,2025-12-03,3.0,,,
LT-100248,2025-11-30,Canada,capital,Electronics,65W Fast Charger,1,24.67,24.67,debit_card,1,cancelled,,,,,
LT-102343,2025-11-30,Chile,capital,Sports,Pro Non-slip Yoga Mat,2,19.66,39.32,debit_card,1,cancelled,,,,,
LT-103583,2025-11-30,Mexico,capital,Home,Premium Queen Bedsheet Set,1,43.72,43.72,debit_card,1,delivered,2025-12-05,5.0,,,
LT-100356,2025-11-30,Chile,urban,Electronics,Nova Wireless Earbuds,2,40.01,80.02,debit_card,1,cancelled,,,,,
LT-104366,2025-11-30,Colombia,extended_zone,Electronics,Nova Wireless Earbuds,1,40.85,40.85,cash_on_delivery,1,delivered,2025-12-10,10.0,,,
LT-103415,2025-11-30,Mexico,urban,Home,CompactChef 4L Air Fryer,1,77.88,77.88,digital_wallet,1,delivered,2025-12-04,4.0,,,
LT-101893,2025-11-30,United States,extended_zone,Electronics,Nova Wireless Earbuds,1,41.42,41.42,bank_transfer,1,delivered,2025-12-11,11.0,,,
LT-104886,2025-11-30,Canada,extended_zone,Fashion,Strida Urban Sneakers,1,49.56,49.56,credit_card,6,delivered,2025-12-05,5.0,,,
LT-100344,2025-11-30,United States,extended_zone,Electronics,Kova K61 Mechanical Keyboard,1,55.51,55.51,credit_card,6,delivered,2025-12-12,12.0,,,
LT-103645,2025-11-30,Colombia,capital,Accessories,14'' Hard Laptop Case,1,17.26,17.26,bank_transfer,1,delivered,2025-12-05,5.0,,,
LT-102483,2025-12-01,United States,urban,Home,Premium Queen Bedsheet Set,1,43.32,43.32,bank_transfer,1,delivered,2025-12-04,3.0,2026-01-08,changed_mind,refunded
LT-104272,2025-12-01,Colombia,extended_zone,Fashion,Pima Cotton Basic Tee (2-pack),1,21.93,21.93,debit_card,1,delivered,2025-12-13,12.0,2025-12-14,not_as_described,refunded
LT-101649,2025-12-01,United States,capital,Home,CleanBot Lite Robot Vacuum,2,129.65,259.3,credit_card,1,delivered,2025-12-04,3.0,,,
LT-100355,2025-12-01,Mexico,urban,Fashion,UrbanPack 25L Anti-theft Backpack,2,35.39,70.78,credit_card,1,delivered,2025-12-05,4.0,,,
LT-101667,2025-12-01,Argentina,capital,Electronics,Boom Mini Bluetooth Speaker,1,27.46,27.46,debit_card,1,delivered,2025-12-07,6.0,,,
LT-100299,2025-12-01,Colombia,urban,Electronics,Boom Mini Bluetooth Speaker,1,28.57,28.57,debit_card,1,delivered,2025-12-03,2.0,,,
LT-104813,2025-12-01,Mexico,capital,Beauty,CeramicPro Hair Straightener,1,38.21,38.21,bank_transfer,1,delivered,2025-12-07,6.0,2025-12-14,not_as_described,refunded
LT-103316,2025-12-01,Canada,extended_zone,Electronics,65W Fast Charger,2,26.17,52.34,debit_card,1,delivered,2025-12-08,7.0,,,
LT-103902,2025-12-01,Colombia,capital,Electronics,Boom Mini Bluetooth Speaker,1,28.09,28.09,digital_wallet,1,delivered,2025-12-05,4.0,,,
LT-104432,2025-12-01,Canada,capital,Home,CleanBot Lite Robot Vacuum,2,131.45,262.9,credit_card,6,cancelled,,,,,
LT-104983,2025-12-01,Canada,capital,Electronics,65W Fast Charger,1,25.11,25.11,cash_on_delivery,1,delivered,2025-12-06,5.0,,,
LT-102574,2025-12-01,Peru,urban,Beauty,CeramicPro Hair Straightener,1,37.93,37.93,credit_card,1,delivered,2025-12-05,4.0,,,
LT-100174,2025-12-01,Peru,urban,Home,Flex LED Desk Lamp,1,18.27,18.27,credit_card,3,delivered,2025-12-03,2.0,,,
LT-103102,2025-12-01,Chile,urban,Electronics,Boom Mini Bluetooth Speaker,1,29.87,29.87,credit_card,1,delivered,2025-12-04,3.0,,,
LT-103225,2025-12-01,United States,urban,Electronics,Boom Mini Bluetooth Speaker,1,28.97,28.97,digital_wallet,1,delivered,2025-12-03,2.0,,,
LT-103654,2025-12-01,Chile,capital,Fashion,Strida Urban Sneakers,1,52.15,52.15,digital_wallet,1,cancelled,,,,,
LT-103086,2025-12-01,Colombia,extended_zone,Home,Stackable Kitchen Organizer x3,1,15.22,15.22,credit_card,1,delivered,2025-12-09,8.0,,,
LT-102749,2025-12-01,Colombia,extended_zone,Home,CompactChef 4L Air Fryer,2,78.73,157.46,credit_card,6,delivered,2025-12-13,12.0,,,
LT-101747,2025-12-01,Colombia,capital,Electronics,Nova Wireless Earbuds,1,40.54,40.54,credit_card,1,delivered,2025-12-05,4.0,,,
LT-100553,2025-12-01,Peru,urban,Fashion,Strida Urban Sneakers,1,52.72,52.72,digital_wallet,1,delivered,2025-12-04,3.0,,,
LT-103969,2025-12-01,Chile,extended_zone,Accessories,Interchangeable Watch Strap,2,8.75,17.5,credit_card,1,delivered,2025-12-07,6.0,,,
LT-102027,2025-12-01,Colombia,extended_zone,Electronics,Nova Wireless Earbuds,1,40.06,40.06,credit_card,3,delivered,2025-12-10,9.0,,,
LT-102183,2025-12-01,Canada,extended_zone,Electronics,360 WiFi Security Camera,1,46.67,46.67,credit_card,1,delivered,2025-12-08,7.0,,,
LT-103906,2025-12-02,United States,extended_zone,Home,Premium Queen Bedsheet Set,1,41.51,41.51,debit_card,1,delivered,2025-12-12,10.0,,,
LT-103350,2025-12-02,Colombia,capital,Electronics,Vertex Ergonomic Mouse,1,21.57,21.57,digital_wallet,1,delivered,2025-12-08,6.0,,,
LT-102886,2025-12-02,Chile,extended_zone,Electronics,Vertex Ergonomic Mouse,1,20.09,20.09,credit_card,6,delivered,2025-12-11,9.0,,,
LT-100219,2025-12-02,Colombia,capital,Fashion,Strida Urban Sneakers,1,48.79,48.79,digital_wallet,1,delivered,2025-12-07,5.0,,,
LT-102185,2025-12-02,United States,extended_zone,Sports,Adjustable Dumbbells 2x10kg,1,55.83,55.83,credit_card,3,delivered,2025-12-07,5.0,,,
LT-104506,2025-12-02,Peru,urban,Electronics,Vertex Ergonomic Mouse,1,21.18,21.18,debit_card,1,delivered,2025-12-05,3.0,,,
LT-100181,2025-12-02,Chile,urban,Fashion,TrailFit Waterproof Jacket,1,68.7,68.7,digital_wallet,1,delivered,2025-12-06,4.0,,,
LT-104155,2025-12-02,Colombia,urban,Accessories,14'' Hard Laptop Case,1,16.87,16.87,bank_transfer,1,cancelled,,,,,
LT-101445,2025-12-02,Mexico,capital,Electronics,Nova Wireless Earbuds,1,41.45,41.45,credit_card,1,delivered,2025-12-05,3.0,,,
LT-100680,2025-12-02,Canada,extended_zone,Fashion,Strida Urban Sneakers,1,49.68,49.68,credit_card,1,delivered,2025-12-14,12.0,,,
LT-100295,2025-12-02,Canada,extended_zone,Electronics,65W Fast Charger,1,24.37,24.37,bank_transfer,1,delivered,2025-12-14,12.0,,,
LT-104585,2025-12-02,Colombia,capital,Electronics,Boom Mini Bluetooth Speaker,2,29.7,59.4,credit_card,3,delivered,2025-12-08,6.0,,,
LT-100475,2025-12-02,United States,urban,Electronics,Nova Wireless Earbuds,1,38.85,38.85,credit_card,6,delivered,2025-12-04,2.0,,,
LT-103959,2025-12-02,Colombia,capital,Sports,Resistance Bands Set x5,3,13.52,40.56,debit_card,1,delivered,2025-12-06,4.0,,,
LT-103397,2025-12-02,Colombia,urban,Electronics,Boom Mini Bluetooth Speaker,2,30.33,60.66,bank_transfer,1,delivered,2025-12-06,4.0,,,
LT-104475,2025-12-02,Canada,urban,Accessories,Interchangeable Watch Strap,3,8.25,24.75,credit_card,1,delivered,2025-12-05,3.0,,,
LT-101230,2025-12-02,Peru,urban,Electronics,360 WiFi Security Camera,1,45.79,45.79,credit_card,1,delivered,2025-12-05,3.0,,,
LT-103037,2025-12-02,United States,capital,Electronics,360 WiFi Security Camera,2,49.33,98.66,credit_card,6,delivered,2025-12-06,4.0,,,
LT-101940,2025-12-02,Chile,urban,Home,Flex LED Desk Lamp,1,17.86,17.86,digital_wallet,1,delivered,2025-12-06,4.0,,,
LT-104896,2025-12-02,Mexico,urban,Electronics,65W Fast Charger,2,23.45,46.9,digital_wallet,1,delivered,2025-12-05,3.0,,,
LT-104969,2025-12-02,Mexico,capital,Electronics,360 WiFi Security Camera,2,49.04,98.08,digital_wallet,1,delivered,2025-12-06,4.0,,,
LT-103802,2025-12-02,United States,extended_zone,Home,Stackable Kitchen Organizer x3,1,16.15,16.15,digital_wallet,1,delivered,2025-12-09,7.0,,,
LT-100078,2025-12-02,Colombia,urban,Fashion,Pima Cotton Basic Tee (2-pack),1,20.94,20.94,bank_transfer,1,delivered,2025-12-05,3.0,,,
LT-103492,2025-12-02,Peru,capital,Electronics,360 WiFi Security Camera,1,49.06,49.06,digital_wallet,1,delivered,2025-12-05,3.0,,,
LT-104869,2025-12-02,Mexico,urban,Electronics,360 WiFi Security Camera,2,47.21,94.42,bank_transfer,1,delivered,2025-12-06,4.0,,,
LT-102107,2025-12-02,United States,urban,Electronics,Nova Wireless Earbuds,1,38.72,38.72,bank_transfer,1,delivered,2025-12-06,4.0,2025-12-13,defective_product,rejected
LT-100009,2025-12-02,Peru,urban,Sports,Pro Non-slip Yoga Mat,1,21.12,21.12,credit_card,3,delivered,2025-12-04,2.0,,,
LT-104988,2025-12-02,Argentina,urban,Home,Premium Queen Bedsheet Set,1,40.07,40.07,digital_wallet,1,delivered,2025-12-06,4.0,,,
LT-102415,2025-12-03,Colombia,urban,Home,Stackable Kitchen Organizer x3,1,16.97,16.97,credit_card,6,delivered,2025-12-06,3.0,,,
LT-100717,2025-12-03,Peru,extended_zone,Electronics,Boom Mini Bluetooth Speaker,2,30.26,60.52,digital_wallet,1,delivered,2025-12-08,5.0,,,
LT-102511,2025-12-03,Chile,urban,Home,Flex LED Desk Lamp,2,18.25,36.5,credit_card,1,delivered,2025-12-06,3.0,,,
LT-102946,2025-12-03,Chile,extended_zone,Electronics,360 WiFi Security Camera,1,50.45,50.45,bank_transfer,1,delivered,2025-12-15,12.0,,,
LT-102560,2025-12-03,Mexico,urban,Electronics,Boom Mini Bluetooth Speaker,1,29.81,29.81,debit_card,1,delivered,2025-12-07,4.0,,,
LT-104690,2025-12-03,Peru,capital,Accessories,Interchangeable Watch Strap,1,7.95,7.95,credit_card,1,delivered,2025-12-08,5.0,,,
LT-102113,2025-12-03,United States,extended_zone,Electronics,Boom Mini Bluetooth Speaker,1,29.73,29.73,debit_card,1,delivered,2025-12-12,9.0,,,
LT-102606,2025-12-03,United States,extended_zone,Home,Flex LED Desk Lamp,1,19.61,19.61,digital_wallet,1,delivered,2025-12-13,10.0,2025-12-17,not_as_described,refunded
LT-104769,2025-12-03,Colombia,urban,Electronics,Nova Wireless Earbuds,1,39.14,39.14,bank_transfer,1,delivered,2025-12-07,4.0,,,
LT-102193,2025-12-03,Canada,urban,Accessories,Interchangeable Watch Strap,1,8.9,8.9,bank_transfer,1,delivered,2025-12-05,2.0,,,
LT-100692,2025-12-03,Peru,urban,Electronics,Vertex Ergonomic Mouse,1,21.03,21.03,digital_wallet,1,delivered,2025-12-05,2.0,,,
LT-103154,2025-12-03,Canada,capital,Sports,Pro Non-slip Yoga Mat,1,19.57,19.57,debit_card,1,delivered,2025-12-07,4.0,,,
LT-100667,2025-12-03,Mexico,urban,Home,Premium Queen Bedsheet Set,1,39.14,39.14,debit_card,1,delivered,2025-12-06,3.0,,,
LT-103528,2025-12-03,Colombia,capital,Electronics,65W Fast Charger,2,24.16,48.32,bank_transfer,1,delivered,2025-12-06,3.0,,,
LT-104344,2025-12-03,Colombia,capital,Fashion,TrailFit Waterproof Jacket,1,66.31,66.31,credit_card,3,delivered,2025-12-07,4.0,,,
LT-104330,2025-12-03,Peru,extended_zone,Fashion,Strida Urban Sneakers,1,52.06,52.06,debit_card,1,delivered,2025-12-10,7.0,,,
LT-104140,2025-12-03,Chile,urban,Home,CompactChef 4L Air Fryer,1,73.2,73.2,credit_card,1,delivered,2025-12-06,3.0,,,
LT-101354,2025-12-03,Colombia,urban,Fashion,Strida Urban Sneakers,1,49.78,49.78,debit_card,1,delivered,2025-12-05,2.0,,,
LT-100441,2025-12-04,Mexico,urban,Electronics,Nova Wireless Earbuds,1,38.05,38.05,credit_card,12,delivered,2025-12-07,3.0,2025-12-08,defective_product,under_review
LT-104568,2025-12-04,Colombia,capital,Electronics,360 WiFi Security Camera,1,46.44,46.44,credit_card,12,delivered,2025-12-10,6.0,,,
LT-101804,2025-12-04,United States,extended_zone,Electronics,360 WiFi Security Camera,1,48.93,48.93,digital_wallet,1,delivered,2025-12-12,8.0,,,
LT-100973,2025-12-04,Chile,capital,Fashion,Pima Cotton Basic Tee (2-pack),1,21.97,21.97,digital_wallet,1,delivered,2025-12-10,6.0,,,
LT-102648,2025-12-04,Argentina,capital,Electronics,Pulse S2 Smartwatch,1,87.76,87.76,digital_wallet,1,delivered,2025-12-09,5.0,,,
LT-103235,2025-12-04,Mexico,urban,Sports,Pro Non-slip Yoga Mat,1,19.14,19.14,bank_transfer,1,delivered,2025-12-08,4.0,,,
LT-103442,2025-12-04,Chile,urban,Home,Flex LED Desk Lamp,1,17.27,17.27,cash_on_delivery,1,delivered,2025-12-08,4.0,,,
LT-104120,2025-12-04,Peru,capital,Electronics,Vertex Ergonomic Mouse,2,19.83,39.66,debit_card,1,delivered,2025-12-10,6.0,,,
LT-103571,2025-12-04,Peru,urban,Home,CompactChef 4L Air Fryer,3,74.42,223.26,digital_wallet,1,delivered,2025-12-06,2.0,,,
LT-104426,2025-12-04,Canada,urban,Sports,SteelHydro 1L Thermal Bottle,1,16.98,16.98,credit_card,6,delivered,2025-12-06,2.0,,,
LT-101973,2025-12-04,Peru,capital,Fashion,Strida Urban Sneakers,2,51.7,103.4,credit_card,1,delivered,2025-12-10,6.0,,,
LT-101096,2025-12-04,United States,urban,Electronics,Vertex Ergonomic Mouse,1,19.86,19.86,debit_card,1,delivered,2025-12-07,3.0,,,
LT-100480,2025-12-04,Peru,capital,Sports,SteelHydro 1L Thermal Bottle,1,16.0,16.0,credit_card,1,cancelled,,,,,
LT-101337,2025-12-04,Peru,capital,Home,CompactChef 4L Air Fryer,1,79.27,79.27,credit_card,12,delivered,2025-12-08,4.0,,,
LT-102334,2025-12-04,Peru,extended_zone,Electronics,Nova Wireless Earbuds,1,38.09,38.09,bank_transfer,1,delivered,2025-12-16,12.0,,,
LT-100041,2025-12-05,Colombia,urban,Accessories,Foldable Phone Stand,1,9.42,9.42,digital_wallet,1,delivered,2025-12-09,4.0,,,
LT-102731,2025-12-05,Chile,urban,Beauty,Complete Skincare Routine Kit,1,34.72,34.72,cash_on_delivery,1,delivered,2025-12-07,2.0,,,
LT-101878,2025-12-05,Argentina,urban,Home,CleanBot Lite Robot Vacuum,1,124.72,124.72,bank_transfer,1,delivered,2025-12-08,3.0,,,
LT-100981,2025-12-05,Mexico,extended_zone,Sports,Resistance Bands Set x5,2,13.26,26.52,cash_on_delivery,1,delivered,2025-12-14,9.0,,,
LT-102227,2025-12-05,Peru,urban,Home,CompactChef 4L Air Fryer,2,72.01,144.02,digital_wallet,1,delivered,2025-12-09,4.0,,,
LT-101719,2025-12-05,Colombia,extended_zone,Electronics,360 WiFi Security Camera,1,48.73,48.73,debit_card,1,delivered,2025-12-16,11.0,,,
LT-101260,2025-12-05,Colombia,urban,Electronics,Vertex Ergonomic Mouse,1,21.23,21.23,cash_on_delivery,1,delivered,2025-12-09,4.0,,,
LT-101529,2025-12-05,Mexico,urban,Accessories,Vista Polarized Sunglasses,1,27.81,27.81,credit_card,3,delivered,2025-12-09,4.0,,,
LT-102179,2025-12-05,Colombia,urban,Beauty,Complete Skincare Routine Kit,1,36.15,36.15,bank_transfer,1,delivered,2025-12-07,2.0,,,
LT-104621,2025-12-05,Argentina,capital,Home,Flex LED Desk Lamp,1,18.98,18.98,digital_wallet,1,delivered,2025-12-08,3.0,,,
LT-102994,2025-12-05,Peru,capital,Electronics,Nova Wireless Earbuds,1,38.06,38.06,debit_card,1,delivered,2025-12-10,5.0,,,
LT-101901,2025-12-05,Colombia,extended_zone,Sports,Pro Non-slip Yoga Mat,1,20.16,20.16,cash_on_delivery,1,delivered,2025-12-12,7.0,2025-12-16,not_as_described,refunded
LT-100593,2025-12-05,United States,urban,Home,Stackable Kitchen Organizer x3,1,15.63,15.63,credit_card,6,delivered,2025-12-08,3.0,,,
LT-102069,2025-12-05,Canada,capital,Electronics,Vertex Ergonomic Mouse,1,19.91,19.91,credit_card,12,delivered,2025-12-11,6.0,,,
LT-104728,2025-12-05,Colombia,urban,Fashion,UrbanPack 25L Anti-theft Backpack,1,38.53,38.53,digital_wallet,1,delivered,2025-12-09,4.0,,,
LT-103151,2025-12-05,United States,urban,Electronics,360 WiFi Security Camera,1,47.33,47.33,credit_card,3,delivered,2025-12-08,3.0,,,
LT-100595,2025-12-05,Peru,capital,Electronics,65W Fast Charger,2,23.97,47.94,credit_card,6,delivered,2025-12-09,4.0,,,
LT-102967,2025-12-05,United States,urban,Sports,Resistance Bands Set x5,1,13.85,13.85,bank_transfer,1,delivered,2025-12-09,4.0,,,
LT-102130,2025-12-05,Colombia,urban,Beauty,CeramicPro Hair Straightener,1,41.18,41.18,credit_card,12,delivered,2025-12-07,2.0,,,
LT-104391,2025-12-05,Argentina,extended_zone,Home,CompactChef 4L Air Fryer,1,71.14,71.14,cash_on_delivery,1,delivered,2025-12-11,6.0,,,
LT-104388,2025-12-05,Colombia,urban,Fashion,Pima Cotton Basic Tee (2-pack),1,23.04,23.04,debit_card,1,delivered,2025-12-08,3.0,,,
LT-103059,2025-12-05,Colombia,extended_zone,Accessories,Foldable Phone Stand,1,10.09,10.09,debit_card,1,delivered,2025-12-13,8.0,,,
LT-102803,2025-12-05,Mexico,capital,Sports,SteelHydro 1L Thermal Bottle,1,17.31,17.31,credit_card,6,delivered,2025-12-11,6.0,,,
LT-102467,2025-12-05,Chile,urban,Home,CompactChef 4L Air Fryer,2,76.35,152.7,bank_transfer,1,delivered,2025-12-07,2.0,,,
LT-104659,2025-12-05,Peru,capital,Electronics,Boom Mini Bluetooth Speaker,3,28.49,85.47,debit_card,1,delivered,2025-12-11,6.0,,,
LT-102083,2025-12-05,Colombia,capital,Fashion,TrailFit Waterproof Jacket,1,62.52,62.52,bank_transfer,1,delivered,2025-12-11,6.0,2025-12-13,defective_product,refunded
LT-104784,2025-12-05,Mexico,extended_zone,Electronics,Boom Mini Bluetooth Speaker,1,30.02,30.02,digital_wallet,1,delivered,2025-12-11,6.0,,,
LT-103269,2025-12-05,Canada,extended_zone,Electronics,Vertex Ergonomic Mouse,1,21.71,21.71,credit_card,6,delivered,2025-12-11,6.0,,,
LT-101749,2025-12-05,Colombia,capital,Electronics,Nova Wireless Earbuds,1,39.08,39.08,debit_card,1,delivered,2025-12-11,6.0,,,
LT-102339,2025-12-05,Mexico,urban,Fashion,Pima Cotton Basic Tee (2-pack),1,20.59,20.59,credit_card,6,delivered,2025-12-08,3.0,2025-12-11,arrived_damaged,rejected
LT-103786,2025-12-06,United States,capital,Electronics,Pulse S2 Smartwatch,1,92.78,92.78,bank_transfer,1,delivered,2025-12-09,3.0,,,
LT-102132,2025-12-06,Mexico,urban,Electronics,Vertex Ergonomic Mouse,1,19.82,19.82,debit_card,1,delivered,2025-12-08,2.0,2025-12-28,changed_mind,rejected
LT-104116,2025-12-06,United States,extended_zone,Home,Stackable Kitchen Organizer x3,1,16.9,16.9,credit_card,1,delivered,2025-12-17,11.0,,,
LT-104991,2025-12-06,Canada,extended_zone,Electronics,65W Fast Charger,2,25.25,50.5,debit_card,1,delivered,2025-12-16,10.0,2025-12-17,arrived_damaged,rejected
LT-100552,2025-12-06,Colombia,capital,Electronics,65W Fast Charger,1,25.38,25.38,bank_transfer,1,delivered,2025-12-12,6.0,,,
LT-104673,2025-12-06,Argentina,capital,Fashion,Andino Slim Fit Jeans,1,33.37,33.37,cash_on_delivery,1,delivered,2025-12-09,3.0,,,
LT-104799,2025-12-06,Mexico,capital,Electronics,Boom Mini Bluetooth Speaker,1,29.62,29.62,bank_transfer,1,cancelled,,,,,
LT-104016,2025-12-06,Mexico,urban,Electronics,Vertex Ergonomic Mouse,2,20.09,40.18,credit_card,3,delivered,2025-12-09,3.0,,,
LT-102427,2025-12-06,United States,capital,Home,CompactChef 4L Air Fryer,1,79.89,79.89,cash_on_delivery,1,delivered,2025-12-12,6.0,,,
LT-102003,2025-12-06,Mexico,urban,Fashion,Strida Urban Sneakers,1,49.8,49.8,bank_transfer,1,delivered,2025-12-08,2.0,,,
LT-102106,2025-12-06,United States,urban,Fashion,Strida Urban Sneakers,1,51.0,51.0,digital_wallet,1,delivered,2025-12-08,2.0,,,
LT-102018,2025-12-06,Peru,urban,Fashion,TrailFit Waterproof Jacket,1,67.67,67.67,debit_card,1,delivered,2025-12-08,2.0,,,
LT-103015,2025-12-06,United States,urban,Fashion,Pima Cotton Basic Tee (2-pack),1,21.37,21.37,digital_wallet,1,delivered,2025-12-09,3.0,,,
LT-100349,2025-12-06,Argentina,urban,Fashion,Pima Cotton Basic Tee (2-pack),1,22.25,22.25,cash_on_delivery,1,delivered,2025-12-08,2.0,,,
LT-100330,2025-12-06,Mexico,capital,Sports,SteelHydro 1L Thermal Bottle,2,16.45,32.9,credit_card,1,delivered,2025-12-09,3.0,,,
LT-102222,2025-12-06,Canada,urban,Accessories,14'' Hard Laptop Case,1,18.59,18.59,credit_card,1,delivered,2025-12-08,2.0,,,
LT-100719,2025-12-06,Mexico,extended_zone,Electronics,Pulse S2 Smartwatch,1,88.71,88.71,debit_card,1,delivered,2025-12-13,7.0,,,
LT-101336,2025-12-06,Argentina,extended_zone,Electronics,Nova Wireless Earbuds,1,41.25,41.25,digital_wallet,1,delivered,2025-12-14,8.0,,,
LT-100711,2025-12-06,Peru,capital,Electronics,360 WiFi Security Camera,1,45.41,45.41,credit_card,6,delivered,2025-12-10,4.0,,,
LT-101892,2025-12-06,Mexico,extended_zone,Electronics,Nova Wireless Earbuds,2,38.27,76.54,bank_transfer,1,delivered,2025-12-12,6.0,,,
LT-100700,2025-12-06,United States,extended_zone,Beauty,CeramicPro Hair Straightener,1,36.98,36.98,credit_card,1,delivered,2025-12-14,8.0,,,
LT-102482,2025-12-06,Chile,urban,Fashion,UrbanPack 25L Anti-theft Backpack,1,39.51,39.51,debit_card,1,delivered,2025-12-09,3.0,,,
LT-100293,2025-12-06,Canada,capital,Home,Stackable Kitchen Organizer x3,1,16.65,16.65,credit_card,1,delivered,2025-12-09,3.0,,,
LT-100028,2025-12-06,Colombia,capital,Electronics,Vertex Ergonomic Mouse,1,21.76,21.76,bank_transfer,1,delivered,2025-12-11,5.0,,,
LT-104121,2025-12-06,Chile,urban,Sports,Pro Non-slip Yoga Mat,3,20.26,60.78,bank_transfer,1,delivered,2025-12-08,2.0,,,
LT-104748,2025-12-06,United States,urban,Beauty,CeramicPro Hair Straightener,2,41.72,83.44,credit_card,3,delivered,2025-12-08,2.0,,,
LT-103950,2025-12-06,Argentina,capital,Sports,Adjustable Dumbbells 2x10kg,1,60.58,60.58,cash_on_delivery,1,delivered,2025-12-09,3.0,,,
LT-103539,2025-12-06,Argentina,extended_zone,Electronics,360 WiFi Security Camera,2,49.34,98.68,credit_card,12,delivered,2025-12-14,8.0,,,
LT-104268,2025-12-06,Mexico,urban,Home,CleanBot Lite Robot Vacuum,1,135.07,135.07,bank_transfer,1,delivered,2025-12-09,3.0,,,
LT-101493,2025-12-07,Argentina,urban,Accessories,Interchangeable Watch Strap,1,8.12,8.12,debit_card,1,delivered,2025-12-10,3.0,2025-12-12,not_as_described,refunded
LT-102329,2025-12-07,United States,urban,Home,Stackable Kitchen Organizer x3,1,16.12,16.12,digital_wallet,1,delivered,2025-12-11,4.0,,,
LT-101116,2025-12-07,Mexico,capital,Electronics,Vertex Ergonomic Mouse,1,20.25,20.25,digital_wallet,1,delivered,2025-12-11,4.0,2025-12-18,not_as_described,refunded
LT-103201,2025-12-07,United States,extended_zone,Beauty,AirStyle Ionic Hair Dryer,3,46.55,139.65,debit_card,1,delivered,2025-12-12,5.0,,,
LT-103794,2025-12-07,United States,urban,Home,Premium Queen Bedsheet Set,1,41.2,41.2,digital_wallet,1,delivered,2025-12-10,3.0,,,
LT-104782,2025-12-07,Chile,capital,Beauty,Complete Skincare Routine Kit,1,35.5,35.5,digital_wallet,1,delivered,2025-12-13,6.0,,,
LT-100326,2025-12-07,Peru,urban,Electronics,Kova K61 Mechanical Keyboard,2,54.76,109.52,digital_wallet,1,delivered,2025-12-10,3.0,,,
LT-102833,2025-12-07,Mexico,urban,Home,Flex LED Desk Lamp,1,17.41,17.41,credit_card,6,delivered,2025-12-11,4.0,,,
LT-100701,2025-12-07,Colombia,urban,Fashion,TrailFit Waterproof Jacket,1,69.12,69.12,digital_wallet,1,delivered,2025-12-09,2.0,,,
LT-100154,2025-12-07,Argentina,capital,Home,CompactChef 4L Air Fryer,1,72.72,72.72,debit_card,1,delivered,2025-12-10,3.0,,,
LT-100095,2025-12-07,Colombia,urban,Electronics,Boom Mini Bluetooth Speaker,1,29.89,29.89,digital_wallet,1,delivered,2025-12-11,4.0,,,
LT-103637,2025-12-07,Argentina,extended_zone,Home,Stackable Kitchen Organizer x3,1,16.96,16.96,debit_card,1,delivered,2025-12-14,7.0,,,
LT-101452,2025-12-07,United States,urban,Home,Flex LED Desk Lamp,1,18.54,18.54,debit_card,1,delivered,2025-12-10,3.0,,,
LT-102759,2025-12-07,United States,extended_zone,Beauty,AirStyle Ionic Hair Dryer,1,44.46,44.46,digital_wallet,1,delivered,2025-12-13,6.0,,,
LT-104723,2025-12-07,Peru,extended_zone,Electronics,Boom Mini Bluetooth Speaker,2,29.45,58.9,bank_transfer,1,delivered,2025-12-18,11.0,,,
LT-102326,2025-12-07,Colombia,extended_zone,Electronics,Pulse S2 Smartwatch,2,87.19,174.38,credit_card,6,delivered,2025-12-19,12.0,,,
LT-101908,2025-12-08,United States,capital,Electronics,Kova K61 Mechanical Keyboard,1,56.44,56.44,digital_wallet,1,delivered,2025-12-12,4.0,,,
LT-100929,2025-12-08,Colombia,capital,Beauty,AirStyle Ionic Hair Dryer,2,45.65,91.3,credit_card,1,delivered,2025-12-14,6.0,,,
LT-100221,2025-12-08,Canada,urban,Sports,Pro Non-slip Yoga Mat,1,18.84,18.84,debit_card,1,delivered,2025-12-10,2.0,,,
LT-104141,2025-12-08,Argentina,urban,Fashion,TrailFit Waterproof Jacket,1,60.75,60.75,debit_card,1,delivered,2025-12-12,4.0,,,
LT-100033,2025-12-08,Colombia,capital,Electronics,Vertex Ergonomic Mouse,1,20.17,20.17,bank_transfer,1,delivered,2025-12-13,5.0,,,
LT-102442,2025-12-08,United States,capital,Fashion,UrbanPack 25L Anti-theft Backpack,1,39.9,39.9,bank_transfer,1,delivered,2025-12-11,3.0,,,
LT-101651,2025-12-08,United States,capital,Electronics,Nova Wireless Earbuds,1,39.41,39.41,credit_card,3,delivered,2025-12-13,5.0,2025-12-22,changed_mind,rejected
LT-102603,2025-12-08,Colombia,extended_zone,Electronics,Pulse S2 Smartwatch,1,87.21,87.21,digital_wallet,1,delivered,2025-12-14,6.0,,,
LT-100367,2025-12-08,Peru,urban,Fashion,TrailFit Waterproof Jacket,1,63.25,63.25,cash_on_delivery,1,delivered,2025-12-11,3.0,,,
LT-101614,2025-12-08,Peru,extended_zone,Electronics,65W Fast Charger,1,26.13,26.13,credit_card,6,delivered,2025-12-14,6.0,,,
LT-101802,2025-12-08,Colombia,urban,Fashion,Strida Urban Sneakers,1,52.63,52.63,digital_wallet,1,delivered,2025-12-11,3.0,,,
LT-102836,2025-12-08,Chile,capital,Electronics,Pulse S2 Smartwatch,1,93.03,93.03,credit_card,6,cancelled,,,,,
LT-102942,2025-12-08,Mexico,extended_zone,Electronics,65W Fast Charger,1,24.86,24.86,digital_wallet,1,delivered,2025-12-18,10.0,,,
LT-102156,2025-12-08,United States,urban,Electronics,Boom Mini Bluetooth Speaker,1,28.85,28.85,debit_card,1,delivered,2025-12-11,3.0,,,
LT-103027,2025-12-08,Peru,capital,Beauty,Complete Skincare Routine Kit,1,34.82,34.82,digital_wallet,1,delivered,2025-12-12,4.0,,,
LT-102194,2025-12-08,Mexico,urban,Home,CleanBot Lite Robot Vacuum,1,131.87,131.87,credit_card,1,delivered,2025-12-10,2.0,,,
LT-101461,2025-12-08,Argentina,capital,Electronics,360 WiFi Security Camera,1,44.94,44.94,credit_card,1,delivered,2025-12-14,6.0,,,
LT-102798,2025-12-08,Chile,urban,Electronics,65W Fast Charger,1,24.47,24.47,credit_card,3,delivered,2025-12-12,4.0,,,
LT-101328,2025-12-08,United States,capital,Sports,Resistance Bands Set x5,2,13.65,27.3,debit_card,1,delivered,2025-12-12,4.0,,,
LT-100082,2025-12-08,Colombia,capital,Fashion,Pima Cotton Basic Tee (2-pack),1,22.53,22.53,credit_card,6,delivered,2025-12-12,4.0,,,
LT-102917,2025-12-08,Canada,capital,Electronics,Nova Wireless Earbuds,1,39.72,39.72,debit_card,1,delivered,2025-12-12,4.0,,,
LT-103693,2025-12-08,Argentina,urban,Fashion,Strida Urban Sneakers,1,50.87,50.87,credit_card,3,delivered,2025-12-10,2.0,,,
LT-103805,2025-12-08,Peru,extended_zone,Electronics,360 WiFi Security Camera,1,47.51,47.51,cash_on_delivery,1,delivered,2025-12-20,12.0,,,
LT-101824,2025-12-08,Peru,capital,Electronics,Vertex Ergonomic Mouse,1,19.63,19.63,digital_wallet,1,delivered,2025-12-12,4.0,,,
LT-101466,2025-12-08,Mexico,extended_zone,Electronics,360 WiFi Security Camera,1,48.79,48.79,debit_card,1,delivered,2025-12-14,6.0,,,
LT-101292,2025-12-08,United States,capital,Electronics,360 WiFi Security Camera,3,48.13,144.39,credit_card,12,delivered,2025-12-14,6.0,,,
LT-104106,2025-12-08,Colombia,urban,Home,CleanBot Lite Robot Vacuum,1,123.61,123.61,credit_card,1,delivered,2025-12-12,4.0,,,
LT-102211,2025-12-09,United States,urban,Fashion,TrailFit Waterproof Jacket,2,68.02,136.04,credit_card,6,delivered,2025-12-11,2.0,,,
LT-101835,2025-12-09,Canada,urban,Home,Premium Queen Bedsheet Set,1,44.23,44.23,credit_card,1,delivered,2025-12-12,3.0,,,
LT-102871,2025-12-09,Peru,capital,Sports,Adjustable Dumbbells 2x10kg,1,57.15,57.15,debit_card,1,cancelled,,,,,
LT-102608,2025-12-09,Peru,capital,Fashion,Andino Slim Fit Jeans,1,33.6,33.6,credit_card,6,delivered,2025-12-12,3.0,,,
LT-100541,2025-12-09,Canada,capital,Accessories,Interchangeable Watch Strap,1,8.8,8.8,credit_card,1,delivered,2025-12-13,4.0,2025-12-18,changed_mind,rejected
LT-104725,2025-12-09,Peru,extended_zone,Electronics,Nova Wireless Earbuds,1,37.68,37.68,bank_transfer,1,delivered,2025-12-20,11.0,,,
LT-103447,2025-12-09,United States,capital,Electronics,Kova K61 Mechanical Keyboard,1,53.36,53.36,digital_wallet,1,delivered,2025-12-12,3.0,,,
LT-103756,2025-12-09,Argentina,urban,Sports,Resistance Bands Set x5,1,13.45,13.45,digital_wallet,1,delivered,2025-12-12,3.0,2025-12-15,changed_mind,rejected
LT-104305,2025-12-09,Peru,urban,Home,CompactChef 4L Air Fryer,2,75.73,151.46,credit_card,6,delivered,2025-12-12,3.0,,,
LT-104789,2025-12-09,Mexico,extended_zone,Home,Flex LED Desk Lamp,1,18.23,18.23,digital_wallet,1,delivered,2025-12-18,9.0,,,
LT-102041,2025-12-09,Peru,capital,Fashion,Strida Urban Sneakers,3,50.82,152.46,bank_transfer,1,delivered,2025-12-14,5.0,,,
LT-104899,2025-12-09,Mexico,urban,Beauty,AirStyle Ionic Hair Dryer,1,41.76,41.76,bank_transfer,1,delivered,2025-12-12,3.0,,,
LT-101148,2025-12-09,Canada,capital,Fashion,Pima Cotton Basic Tee (2-pack),1,21.6,21.6,digital_wallet,1,delivered,2025-12-14,5.0,,,
LT-103504,2025-12-09,Argentina,capital,Accessories,Vista Polarized Sunglasses,1,26.5,26.5,credit_card,1,delivered,2025-12-12,3.0,,,
LT-100814,2025-12-09,United States,capital,Fashion,TrailFit Waterproof Jacket,1,68.05,68.05,credit_card,6,delivered,2025-12-14,5.0,,,
LT-100563,2025-12-09,Peru,urban,Electronics,Nova Wireless Earbuds,1,41.04,41.04,digital_wallet,1,delivered,2025-12-12,3.0,,,
LT-103033,2025-12-09,Chile,urban,Home,Premium Queen Bedsheet Set,2,42.81,85.62,bank_transfer,1,delivered,2025-12-11,2.0,,,
LT-103724,2025-12-09,Colombia,urban,Electronics,65W Fast Charger,1,24.59,24.59,bank_transfer,1,delivered,2025-12-11,2.0,,,
LT-102169,2025-12-09,Chile,extended_zone,Electronics,360 WiFi Security Camera,2,46.56,93.12,credit_card,3,delivered,2025-12-14,5.0,,,
LT-102452,2025-12-10,United States,urban,Electronics,Kova K61 Mechanical Keyboard,1,57.67,57.67,credit_card,3,delivered,2025-12-14,4.0,,,
LT-101187,2025-12-10,Colombia,urban,Electronics,Nova Wireless Earbuds,1,38.02,38.02,bank_transfer,1,delivered,2025-12-13,3.0,,,
LT-100810,2025-12-10,Mexico,capital,Electronics,360 WiFi Security Camera,1,49.32,49.32,bank_transfer,1,delivered,2025-12-14,4.0,,,
LT-101448,2025-12-10,Argentina,extended_zone,Electronics,Nova Wireless Earbuds,1,39.52,39.52,credit_card,1,delivered,2025-12-20,10.0,,,
LT-101809,2025-12-10,United States,capital,Home,Flex LED Desk Lamp,2,17.56,35.12,cash_on_delivery,1,delivered,2025-12-14,4.0,,,
LT-100429,2025-12-10,Colombia,urban,Electronics,Kova K61 Mechanical Keyboard,1,52.19,52.19,cash_on_delivery,1,delivered,2025-12-13,3.0,,,
LT-100274,2025-12-10,United States,urban,Electronics,Vertex Ergonomic Mouse,1,20.36,20.36,debit_card,1,delivered,2025-12-12,2.0,,,
LT-100872,2025-12-10,Peru,urban,Home,Premium Queen Bedsheet Set,1,40.21,40.21,digital_wallet,1,delivered,2025-12-12,2.0,,,
LT-101607,2025-12-10,Colombia,urban,Fashion,TrailFit Waterproof Jacket,1,64.01,64.01,digital_wallet,1,delivered,2025-12-14,4.0,,,
LT-104320,2025-12-10,Argentina,urban,Electronics,Boom Mini Bluetooth Speaker,1,28.31,28.31,credit_card,12,delivered,2025-12-14,4.0,,,
LT-101368,2025-12-10,United States,extended_zone,Electronics,65W Fast Charger,1,24.6,24.6,digital_wallet,1,delivered,2025-12-18,8.0,2025-12-30,arrived_damaged,refunded
LT-100260,2025-12-10,United States,capital,Home,Flex LED Desk Lamp,1,18.22,18.22,bank_transfer,1,delivered,2025-12-13,3.0,,,
LT-104056,2025-12-10,Colombia,urban,Sports,Resistance Bands Set x5,3,13.92,41.76,credit_card,3,delivered,2025-12-12,2.0,,,
LT-100012,2025-12-10,Argentina,urban,Beauty,CeramicPro Hair Straightener,1,40.01,40.01,cash_on_delivery,1,cancelled,,,,,
LT-102688,2025-12-10,United States,capital,Fashion,TrailFit Waterproof Jacket,1,61.95,61.95,cash_on_delivery,1,delivered,2025-12-15,5.0,,,
LT-103346,2025-12-10,Chile,urban,Accessories,Vista Polarized Sunglasses,3,26.29,78.87,debit_card,1,delivered,2025-12-13,3.0,,,
LT-100521,2025-12-10,Canada,urban,Fashion,TrailFit Waterproof Jacket,1,67.24,67.24,debit_card,1,delivered,2025-12-13,3.0,,,
LT-104692,2025-12-10,Argentina,urban,Fashion,UrbanPack 25L Anti-theft Backpack,1,38.02,38.02,credit_card,1,delivered,2025-12-13,3.0,,,
LT-101783,2025-12-10,Mexico,extended_zone,Home,Flex LED Desk Lamp,1,18.96,18.96,bank_transfer,1,delivered,2025-12-21,11.0,,,
LT-101162,2025-12-10,Peru,urban,Home,Premium Queen Bedsheet Set,1,44.02,44.02,credit_card,3,delivered,2025-12-14,4.0,,,
LT-103864,2025-12-10,United States,extended_zone,Fashion,UrbanPack 25L Anti-theft Backpack,1,37.77,37.77,credit_card,1,delivered,2025-12-20,10.0,,,
LT-104448,2025-12-10,Peru,extended_zone,Electronics,Pulse S2 Smartwatch,1,86.03,86.03,credit_card,12,delivered,2025-12-18,8.0,,,
LT-104662,2025-12-11,Argentina,urban,Fashion,TrailFit Waterproof Jacket,1,62.47,62.47,digital_wallet,1,cancelled,,,,,
LT-101060,2025-12-11,Peru,urban,Home,CleanBot Lite Robot Vacuum,1,132.12,132.12,credit_card,3,delivered,2025-12-14,3.0,2025-12-18,defective_product,under_review
LT-101450,2025-12-11,Colombia,urban,Fashion,UrbanPack 25L Anti-theft Backpack,3,40.34,121.02,credit_card,1,delivered,2025-12-15,4.0,,,
LT-100458,2025-12-11,Peru,urban,Beauty,CeramicPro Hair Straightener,2,37.65,75.3,credit_card,3,delivered,2025-12-14,3.0,,,
LT-104478,2025-12-11,Canada,urban,Electronics,65W Fast Charger,2,25.02,50.04,digital_wallet,1,delivered,2025-12-15,4.0,,,
LT-104488,2025-12-11,Colombia,extended_zone,Accessories,Vista Polarized Sunglasses,1,24.4,24.4,credit_card,1,delivered,2025-12-19,8.0,,,
LT-102239,2025-12-11,Chile,extended_zone,Fashion,Strida Urban Sneakers,1,51.59,51.59,credit_card,3,delivered,2025-12-17,6.0,,,
LT-104123,2025-12-11,Argentina,urban,Home,Premium Queen Bedsheet Set,2,43.54,87.08,debit_card,1,delivered,2025-12-15,4.0,,,
LT-103265,2025-12-11,Mexico,urban,Accessories,14'' Hard Laptop Case,1,17.92,17.92,digital_wallet,1,delivered,2025-12-15,4.0,,,
LT-104462,2025-12-11,Argentina,urban,Beauty,Complete Skincare Routine Kit,1,35.13,35.13,credit_card,1,delivered,2025-12-14,3.0,,,
LT-100257,2025-12-11,Chile,capital,Accessories,14'' Hard Laptop Case,1,18.29,18.29,credit_card,3,delivered,2025-12-16,5.0,,,
LT-104842,2025-12-11,Colombia,capital,Beauty,AirStyle Ionic Hair Dryer,1,45.95,45.95,credit_card,1,delivered,2025-12-14,3.0,,,
LT-104237,2025-12-11,Peru,capital,Electronics,Nova Wireless Earbuds,3,40.47,121.41,debit_card,1,delivered,2025-12-14,3.0,,,
LT-103691,2025-12-11,Canada,extended_zone,Fashion,Pima Cotton Basic Tee (2-pack),1,20.54,20.54,debit_card,1,delivered,2025-12-20,9.0,,,
LT-103989,2025-12-11,United States,urban,Electronics,360 WiFi Security Camera,1,50.13,50.13,digital_wallet,1,delivered,2025-12-13,2.0,,,
LT-103671,2025-12-11,United States,capital,Electronics,Pulse S2 Smartwatch,1,92.54,92.54,digital_wallet,1,delivered,2025-12-17,6.0,,,
LT-101109,2025-12-11,Colombia,capital,Electronics,360 WiFi Security Camera,1,49.88,49.88,bank_transfer,1,delivered,2025-12-15,4.0,,,
LT-103655,2025-12-11,Canada,urban,Sports,Resistance Bands Set x5,1,14.07,14.07,credit_card,6,delivered,2025-12-13,2.0,,,
LT-104238,2025-12-11,Peru,capital,Home,Stackable Kitchen Organizer x3,1,15.69,15.69,credit_card,6,delivered,2025-12-17,6.0,,,
LT-100931,2025-12-11,Colombia,extended_zone,Home,Flex LED Desk Lamp,1,18.71,18.71,debit_card,1,cancelled,,,,,
LT-101581,2025-12-11,Colombia,urban,Electronics,360 WiFi Security Camera,1,50.76,50.76,credit_card,3,delivered,2025-12-14,3.0,,,
LT-104161,2025-12-11,Chile,capital,Fashion,TrailFit Waterproof Jacket,1,68.67,68.67,debit_card,1,delivered,2025-12-14,3.0,,,
LT-100283,2025-12-11,Colombia,capital,Home,Stackable Kitchen Organizer x3,1,16.84,16.84,bank_transfer,1,delivered,2025-12-16,5.0,,,
LT-100658,2025-12-11,United States,urban,Electronics,360 WiFi Security Camera,1,47.11,47.11,credit_card,1,delivered,2025-12-14,3.0,,,
LT-101580,2025-12-11,Mexico,capital,Sports,Pro Non-slip Yoga Mat,1,20.39,20.39,bank_transfer,1,delivered,2025-12-17,6.0,,,
LT-101049,2025-12-11,Peru,urban,Electronics,Kova K61 Mechanical Keyboard,3,57.24,171.72,credit_card,12,delivered,2025-12-15,4.0,,,
LT-104483,2025-12-12,United States,urban,Electronics,Nova Wireless Earbuds,1,40.56,40.56,debit_card,1,delivered,2025-12-16,4.0,,,
LT-104417,2025-12-12,United States,extended_zone,Fashion,Strida Urban Sneakers,2,48.6,97.2,bank_transfer,1,delivered,2025-12-22,10.0,,,
LT-101676,2025-12-12,Chile,urban,Electronics,Nova Wireless Earbuds,2,40.57,81.14,debit_card,1,delivered,2025-12-16,4.0,,,
LT-103865,2025-12-12,United States,capital,Electronics,360 WiFi Security Camera,3,45.2,135.6,credit_card,3,delivered,2025-12-16,4.0,,,
LT-102142,2025-12-12,United States,capital,Electronics,Kova K61 Mechanical Keyboard,1,52.99,52.99,credit_card,1,delivered,2025-12-18,6.0,,,
LT-102135,2025-12-12,Colombia,urban,Sports,SteelHydro 1L Thermal Bottle,1,16.03,16.03,debit_card,1,delivered,2025-12-15,3.0,,,
LT-103374,2025-12-12,Argentina,capital,Electronics,360 WiFi Security Camera,2,47.92,95.84,credit_card,1,delivered,2025-12-16,4.0,,,
LT-104124,2025-12-12,Peru,extended_zone,Home,Stackable Kitchen Organizer x3,2,16.59,33.18,credit_card,12,delivered,2025-12-17,5.0,,,
LT-100955,2025-12-12,Mexico,urban,Home,Flex LED Desk Lamp,1,19.57,19.57,digital_wallet,1,delivered,2025-12-16,4.0,,,
LT-104670,2025-12-12,United States,extended_zone,Home,Flex LED Desk Lamp,1,17.71,17.71,credit_card,6,delivered,2025-12-23,11.0,,,
LT-103594,2025-12-12,Mexico,extended_zone,Fashion,TrailFit Waterproof Jacket,1,63.77,63.77,debit_card,1,delivered,2025-12-23,11.0,,,
LT-101477,2025-12-12,Argentina,urban,Fashion,UrbanPack 25L Anti-theft Backpack,2,36.81,73.62,digital_wallet,1,delivered,2025-12-16,4.0,,,
LT-102587,2025-12-12,Mexico,urban,Home,CompactChef 4L Air Fryer,1,74.64,74.64,credit_card,1,delivered,2025-12-15,3.0,,,
LT-102005,2025-12-12,Mexico,extended_zone,Home,CleanBot Lite Robot Vacuum,1,130.81,130.81,digital_wallet,1,delivered,2025-12-22,10.0,,,
LT-103478,2025-12-12,Argentina,extended_zone,Sports,Pro Non-slip Yoga Mat,2,19.73,39.46,credit_card,12,delivered,2025-12-23,11.0,,,
LT-100277,2025-12-12,Peru,urban,Fashion,TrailFit Waterproof Jacket,1,69.25,69.25,cash_on_delivery,1,cancelled,,,,,
LT-102301,2025-12-12,Argentina,extended_zone,Home,Premium Queen Bedsheet Set,2,39.68,79.36,bank_transfer,1,delivered,2025-12-23,11.0,2025-12-24,arrived_damaged,under_review
LT-103525,2025-12-12,Colombia,urban,Electronics,360 WiFi Security Camera,1,47.49,47.49,digital_wallet,1,delivered,2025-12-14,2.0,2025-12-29,not_as_described,rejected
LT-100661,2025-12-12,Chile,extended_zone,Sports,Adjustable Dumbbells 2x10kg,1,60.0,60.0,bank_transfer,1,delivered,2025-12-23,11.0,,,
LT-103501,2025-12-12,United States,urban,Beauty,CeramicPro Hair Straightener,1,41.15,41.15,digital_wallet,1,delivered,2025-12-16,4.0,,,
LT-101303,2025-12-12,Argentina,urban,Home,Flex LED Desk Lamp,1,19.34,19.34,digital_wallet,1,delivered,2025-12-16,4.0,,,
LT-101593,2025-12-12,Canada,urban,Accessories,14'' Hard Laptop Case,1,17.77,17.77,credit_card,1,delivered,2025-12-14,2.0,,,
LT-101447,2025-12-12,Peru,urban,Electronics,Pulse S2 Smartwatch,2,89.65,179.3,credit_card,1,delivered,2025-12-14,2.0,,,
LT-104310,2025-12-12,United States,urban,Fashion,Strida Urban Sneakers,1,52.6,52.6,debit_card,1,delivered,2025-12-14,2.0,,,
LT-103202,2025-12-12,United States,urban,Home,Premium Queen Bedsheet Set,1,40.02,40.02,digital_wallet,1,delivered,2025-12-16,4.0,,,
LT-103378,2025-12-13,Mexico,urban,Fashion,TrailFit Waterproof Jacket,1,66.3,66.3,bank_transfer,1,delivered,2025-12-15,2.0,,,
LT-103574,2025-12-13,Colombia,urban,Fashion,TrailFit Waterproof Jacket,1,67.22,67.22,credit_card,6,delivered,2025-12-17,4.0,,,
LT-104916,2025-12-13,Mexico,urban,Home,CleanBot Lite Robot Vacuum,2,131.64,263.28,debit_card,1,delivered,2025-12-17,4.0,,,
LT-102024,2025-12-13,Mexico,extended_zone,Fashion,Strida Urban Sneakers,1,52.61,52.61,debit_card,1,delivered,2025-12-21,8.0,,,
LT-103177,2025-12-13,Argentina,extended_zone,Home,Stackable Kitchen Organizer x3,1,15.52,15.52,bank_transfer,1,delivered,2025-12-25,12.0,2026-01-14,changed_mind,refunded
LT-103497,2025-12-13,Canada,capital,Fashion,UrbanPack 25L Anti-theft Backpack,3,36.97,110.91,debit_card,1,delivered,2025-12-17,4.0,,,
LT-100754,2025-12-13,Colombia,capital,Electronics,360 WiFi Security Camera,3,45.68,137.04,cash_on_delivery,1,delivered,2025-12-18,5.0,,,
LT-100581,2025-12-13,United States,urban,Home,Stackable Kitchen Organizer x3,1,15.01,15.01,bank_transfer,1,delivered,2025-12-16,3.0,,,
LT-104338,2025-12-13,Colombia,capital,Electronics,Vertex Ergonomic Mouse,1,22.28,22.28,bank_transfer,1,delivered,2025-12-18,5.0,,,
LT-104108,2025-12-13,Colombia,extended_zone,Fashion,Pima Cotton Basic Tee (2-pack),3,22.32,66.96,credit_card,1,delivered,2025-12-19,6.0,,,
LT-102384,2025-12-13,Colombia,urban,Beauty,AirStyle Ionic Hair Dryer,1,43.66,43.66,credit_card,1,delivered,2025-12-15,2.0,,,
LT-100119,2025-12-13,United States,urban,Electronics,360 WiFi Security Camera,1,47.69,47.69,credit_card,1,delivered,2025-12-16,3.0,,,
LT-100448,2025-12-13,Peru,urban,Sports,SteelHydro 1L Thermal Bottle,1,16.6,16.6,digital_wallet,1,delivered,2025-12-15,2.0,,,
LT-101139,2025-12-13,United States,capital,Fashion,TrailFit Waterproof Jacket,2,67.21,134.42,bank_transfer,1,delivered,2025-12-16,3.0,,,
LT-102790,2025-12-13,Canada,extended_zone,Accessories,Foldable Phone Stand,1,9.24,9.24,debit_card,1,delivered,2025-12-21,8.0,,,
LT-104563,2025-12-13,Chile,capital,Electronics,65W Fast Charger,2,23.88,47.76,cash_on_delivery,1,delivered,2025-12-19,6.0,,,
LT-100109,2025-12-13,Mexico,urban,Beauty,CeramicPro Hair Straightener,2,40.66,81.32,credit_card,3,delivered,2025-12-16,3.0,2025-12-22,defective_product,refunded
LT-101146,2025-12-13,United States,capital,Electronics,Boom Mini Bluetooth Speaker,1,28.76,28.76,cash_on_delivery,1,delivered,2025-12-17,4.0,,,
LT-101475,2025-12-13,Mexico,urban,Electronics,Nova Wireless Earbuds,1,42.52,42.52,credit_card,1,delivered,2025-12-16,3.0,,,
LT-103545,2025-12-13,United States,capital,Electronics,Vertex Ergonomic Mouse,1,20.01,20.01,bank_transfer,1,delivered,2025-12-18,5.0,,,
LT-100468,2025-12-13,Mexico,urban,Electronics,Boom Mini Bluetooth Speaker,2,30.33,60.66,digital_wallet,1,delivered,2025-12-17,4.0,,,
LT-103944,2025-12-13,Mexico,urban,Electronics,Nova Wireless Earbuds,1,41.88,41.88,bank_transfer,1,delivered,2025-12-17,4.0,,,
LT-100409,2025-12-13,United States,urban,Electronics,65W Fast Charger,1,24.92,24.92,digital_wallet,1,delivered,2025-12-15,2.0,,,
LT-103461,2025-12-13,Chile,urban,Beauty,AirStyle Ionic Hair Dryer,1,46.91,46.91,credit_card,1,delivered,2025-12-17,4.0,,,
LT-104355,2025-12-13,Colombia,capital,Beauty,CeramicPro Hair Straightener,1,36.77,36.77,bank_transfer,1,delivered,2025-12-19,6.0,,,
LT-103910,2025-12-13,Chile,extended_zone,Fashion,Andino Slim Fit Jeans,1,33.26,33.26,credit_card,6,delivered,2025-12-23,10.0,,,
LT-103770,2025-12-14,Colombia,urban,Fashion,Andino Slim Fit Jeans,1,31.33,31.33,digital_wallet,1,delivered,2025-12-17,3.0,,,
LT-102677,2025-12-14,Chile,urban,Home,Stackable Kitchen Organizer x3,1,16.07,16.07,digital_wallet,1,delivered,2025-12-16,2.0,,,
LT-101209,2025-12-14,United States,urban,Electronics,Vertex Ergonomic Mouse,1,20.82,20.82,digital_wallet,1,delivered,2025-12-18,4.0,,,
LT-104270,2025-12-14,Chile,urban,Electronics,Boom Mini Bluetooth Speaker,1,27.61,27.61,credit_card,1,delivered,2025-12-17,3.0,2026-01-14,defective_product,refunded
LT-101030,2025-12-14,Argentina,urban,Electronics,Vertex Ergonomic Mouse,2,19.83,39.66,credit_card,6,delivered,2025-12-17,3.0,,,
LT-100811,2025-12-14,United States,extended_zone,Fashion,UrbanPack 25L Anti-theft Backpack,1,38.54,38.54,debit_card,1,delivered,2025-12-23,9.0,,,
LT-102850,2025-12-14,Mexico,capital,Home,Premium Queen Bedsheet Set,1,40.25,40.25,debit_card,1,delivered,2025-12-20,6.0,,,
LT-104051,2025-12-14,Mexico,capital,Home,Flex LED Desk Lamp,1,18.56,18.56,credit_card,1,delivered,2025-12-17,3.0,,,
LT-104081,2025-12-14,United States,urban,Electronics,Nova Wireless Earbuds,2,38.34,76.68,debit_card,1,delivered,2025-12-18,4.0,,,
LT-101241,2025-12-14,United States,extended_zone,Electronics,Pulse S2 Smartwatch,1,86.53,86.53,bank_transfer,1,delivered,2025-12-22,8.0,,,
LT-104225,2025-12-14,Peru,urban,Home,Stackable Kitchen Organizer x3,1,16.13,16.13,credit_card,1,delivered,2025-12-18,4.0,2025-12-25,defective_product,under_review
LT-100337,2025-12-14,Colombia,urban,Home,CompactChef 4L Air Fryer,2,78.7,157.4,debit_card,1,delivered,2025-12-17,3.0,,,
LT-102385,2025-12-14,Mexico,capital,Electronics,65W Fast Charger,1,23.69,23.69,bank_transfer,1,delivered,2025-12-20,6.0,,,
LT-101978,2025-12-14,United States,capital,Home,Stackable Kitchen Organizer x3,1,15.79,15.79,digital_wallet,1,delivered,2025-12-19,5.0,,,
LT-104815,2025-12-14,Canada,extended_zone,Sports,Resistance Bands Set x5,1,12.96,12.96,bank_transfer,1,delivered,2025-12-19,5.0,,,
LT-104603,2025-12-14,Colombia,urban,Electronics,Boom Mini Bluetooth Speaker,1,29.62,29.62,debit_card,1,delivered,2025-12-18,4.0,2025-12-22,arrived_damaged,under_review
LT-104282,2025-12-15,Colombia,capital,Accessories,14'' Hard Laptop Case,2,17.29,34.58,digital_wallet,1,delivered,2025-12-18,3.0,,,
LT-104433,2025-12-15,Chile,urban,Electronics,Boom Mini Bluetooth Speaker,1,28.0,28.0,cash_on_delivery,1,delivered,2025-12-19,4.0,,,
LT-103066,2025-12-15,Peru,urban,Sports,Adjustable Dumbbells 2x10kg,1,54.35,54.35,debit_card,1,delivered,2025-12-18,3.0,,,
LT-103726,2025-12-15,Argentina,capital,Home,CompactChef 4L Air Fryer,1,78.08,78.08,debit_card,1,delivered,2025-12-19,4.0,,,
LT-103855,2025-12-15,Peru,extended_zone,Home,Flex LED Desk Lamp,1,17.44,17.44,credit_card,1,delivered,2025-12-24,9.0,,,
LT-103680,2025-12-15,Mexico,capital,Sports,Pro Non-slip Yoga Mat,1,21.2,21.2,digital_wallet,1,delivered,2025-12-18,3.0,,,
LT-100950,2025-12-15,Chile,urban,Electronics,Kova K61 Mechanical Keyboard,1,55.98,55.98,digital_wallet,1,delivered,2025-12-19,4.0,,,
LT-100780,2025-12-15,Mexico,extended_zone,Electronics,360 WiFi Security Camera,1,45.55,45.55,debit_card,1,delivered,2025-12-26,11.0,,,
LT-100731,2025-12-15,Colombia,urban,Home,Stackable Kitchen Organizer x3,2,16.2,32.4,digital_wallet,1,delivered,2025-12-19,4.0,,,
LT-102279,2025-12-15,Colombia,urban,Electronics,Nova Wireless Earbuds,1,38.42,38.42,digital_wallet,1,delivered,2025-12-18,3.0,,,
LT-102738,2025-12-15,Colombia,extended_zone,Home,CompactChef 4L Air Fryer,1,73.63,73.63,credit_card,1,delivered,2025-12-20,5.0,,,
LT-100878,2025-12-15,Chile,capital,Electronics,Boom Mini Bluetooth Speaker,1,29.18,29.18,credit_card,3,delivered,2025-12-20,5.0,,,
LT-100932,2025-12-15,United States,urban,Beauty,Complete Skincare Routine Kit,1,36.37,36.37,credit_card,12,delivered,2025-12-18,3.0,,,
LT-102907,2025-12-15,United States,extended_zone,Accessories,Vista Polarized Sunglasses,1,24.31,24.31,debit_card,1,delivered,2025-12-25,10.0,,,
LT-103452,2025-12-15,Mexico,capital,Electronics,Vertex Ergonomic Mouse,1,20.11,20.11,cash_on_delivery,1,delivered,2025-12-21,6.0,,,
LT-100249,2025-12-15,Mexico,capital,Sports,Resistance Bands Set x5,1,14.78,14.78,credit_card,1,delivered,2025-12-21,6.0,,,
LT-102034,2025-12-15,Canada,capital,Electronics,Nova Wireless Earbuds,3,41.83,125.49,credit_card,1,delivered,2025-12-20,5.0,2025-12-23,not_as_described,refunded
LT-102480,2025-12-15,Colombia,capital,Electronics,Boom Mini Bluetooth Speaker,1,28.61,28.61,digital_wallet,1,delivered,2025-12-20,5.0,,,
LT-104214,2025-12-15,Colombia,urban,Accessories,Interchangeable Watch Strap,2,8.94,17.88,credit_card,6,delivered,2025-12-17,2.0,,,
LT-104989,2025-12-15,Canada,capital,Electronics,Vertex Ergonomic Mouse,1,21.75,21.75,debit_card,1,delivered,2025-12-18,3.0,,,
LT-104098,2025-12-15,Canada,urban,Electronics,65W Fast Charger,1,25.24,25.24,debit_card,1,delivered,2025-12-17,2.0,,,
LT-101006,2025-12-15,Argentina,extended_zone,Fashion,Andino Slim Fit Jeans,1,30.91,30.91,credit_card,6,cancelled,,,,,
LT-104736,2025-12-15,Mexico,capital,Fashion,UrbanPack 25L Anti-theft Backpack,1,37.47,37.47,digital_wallet,1,delivered,2025-12-20,5.0,,,
LT-101523,2025-12-15,Colombia,extended_zone,Home,Stackable Kitchen Organizer x3,2,16.8,33.6,credit_card,6,delivered,2025-12-22,7.0,,,
LT-101794,2025-12-15,Colombia,capital,Electronics,Boom Mini Bluetooth Speaker,2,30.81,61.62,debit_card,1,delivered,2025-12-20,5.0,,,
LT-104125,2025-12-15,Mexico,urban,Home,Stackable Kitchen Organizer x3,1,15.79,15.79,bank_transfer,1,delivered,2025-12-17,2.0,,,
LT-102341,2025-12-15,Canada,urban,Beauty,Complete Skincare Routine Kit,1,36.7,36.7,debit_card,1,delivered,2025-12-17,2.0,,,
LT-103517,2025-12-15,Mexico,capital,Sports,Adjustable Dumbbells 2x10kg,1,57.38,57.38,digital_wallet,1,delivered,2025-12-20,5.0,,,
LT-102661,2025-12-16,Canada,urban,Electronics,65W Fast Charger,1,26.39,26.39,debit_card,1,delivered,2025-12-19,3.0,,,
LT-104626,2025-12-16,Peru,capital,Fashion,UrbanPack 25L Anti-theft Backpack,3,36.7,110.1,credit_card,1,delivered,2025-12-22,6.0,,,
LT-101293,2025-12-16,Colombia,urban,Electronics,360 WiFi Security Camera,2,45.09,90.18,digital_wallet,1,delivered,2025-12-19,3.0,,,
LT-100097,2025-12-16,Argentina,urban,Electronics,Nova Wireless Earbuds,1,41.07,41.07,digital_wallet,1,delivered,2025-12-20,4.0,,,
LT-102043,2025-12-16,United States,urban,Fashion,TrailFit Waterproof Jacket,1,61.55,61.55,digital_wallet,1,delivered,2025-12-19,3.0,,,
LT-100522,2025-12-16,United States,urban,Electronics,360 WiFi Security Camera,1,50.71,50.71,cash_on_delivery,1,delivered,2025-12-18,2.0,,,
LT-103976,2025-12-16,Mexico,capital,Sports,Resistance Bands Set x5,1,14.62,14.62,credit_card,1,delivered,2025-12-20,4.0,,,
LT-103695,2025-12-16,Colombia,urban,Home,CleanBot Lite Robot Vacuum,2,126.65,253.3,cash_on_delivery,1,delivered,2025-12-19,3.0,,,
LT-101659,2025-12-16,Mexico,capital,Home,Stackable Kitchen Organizer x3,1,15.42,15.42,digital_wallet,1,delivered,2025-12-20,4.0,,,
LT-101459,2025-12-16,Mexico,urban,Accessories,Foldable Phone Stand,3,9.33,27.99,credit_card,3,delivered,2025-12-18,2.0,,,
LT-104130,2025-12-16,Mexico,extended_zone,Electronics,Boom Mini Bluetooth Speaker,1,31.38,31.38,digital_wallet,1,delivered,2025-12-23,7.0,,,
LT-104446,2025-12-16,Mexico,urban,Electronics,Pulse S2 Smartwatch,3,84.79,254.37,bank_transfer,1,delivered,2025-12-18,2.0,,,
LT-100215,2025-12-16,Argentina,capital,Beauty,Complete Skincare Routine Kit,1,37.33,37.33,bank_transfer,1,delivered,2025-12-21,5.0,,,
LT-102641,2025-12-16,Peru,urban,Electronics,Boom Mini Bluetooth Speaker,1,29.91,29.91,debit_card,1,delivered,2025-12-20,4.0,,,
LT-103605,2025-12-16,Chile,capital,Accessories,Foldable Phone Stand,1,10.22,10.22,digital_wallet,1,delivered,2025-12-21,5.0,,,
LT-103308,2025-12-16,United States,capital,Electronics,Vertex Ergonomic Mouse,1,21.96,21.96,digital_wallet,1,delivered,2025-12-21,5.0,,,
LT-102144,2025-12-17,Argentina,capital,Beauty,CeramicPro Hair Straightener,1,41.49,41.49,bank_transfer,1,delivered,2025-12-21,4.0,,,
LT-104786,2025-12-17,United States,extended_zone,Fashion,TrailFit Waterproof Jacket,1,63.83,63.83,debit_card,1,delivered,2025-12-28,11.0,,,
LT-100116,2025-12-17,Argentina,capital,Fashion,TrailFit Waterproof Jacket,1,64.93,64.93,credit_card,1,cancelled,,,,,
LT-101696,2025-12-17,United States,capital,Electronics,Nova Wireless Earbuds,1,42.57,42.57,credit_card,3,delivered,2025-12-23,6.0,,,
LT-104864,2025-12-17,Argentina,urban,Fashion,Pima Cotton Basic Tee (2-pack),1,20.88,20.88,debit_card,1,delivered,2025-12-21,4.0,,,
LT-101986,2025-12-17,Mexico,extended_zone,Electronics,Boom Mini Bluetooth Speaker,1,29.68,29.68,credit_card,6,delivered,2025-12-27,10.0,,,
LT-103380,2025-12-17,United States,urban,Sports,Pro Non-slip Yoga Mat,1,19.21,19.21,credit_card,6,delivered,2025-12-19,2.0,,,
LT-100967,2025-12-17,Colombia,urban,Home,Premium Queen Bedsheet Set,1,39.25,39.25,digital_wallet,1,delivered,2025-12-19,2.0,2025-12-20,defective_product,rejected
LT-104012,2025-12-17,Peru,capital,Sports,SteelHydro 1L Thermal Bottle,3,16.27,48.81,digital_wallet,1,delivered,2025-12-23,6.0,,,
LT-102139,2025-12-17,Chile,capital,Accessories,Vista Polarized Sunglasses,2,24.26,48.52,credit_card,6,delivered,2025-12-23,6.0,2026-01-01,defective_product,refunded
LT-102148,2025-12-17,United States,urban,Home,Stackable Kitchen Organizer x3,1,15.03,15.03,digital_wallet,1,delivered,2025-12-19,2.0,,,
LT-103978,2025-12-17,United States,capital,Home,CleanBot Lite Robot Vacuum,1,137.41,137.41,credit_card,1,delivered,2025-12-22,5.0,,,
LT-104762,2025-12-17,Mexico,urban,Fashion,TrailFit Waterproof Jacket,1,64.96,64.96,credit_card,3,delivered,2025-12-21,4.0,,,
LT-102773,2025-12-17,Chile,capital,Home,Stackable Kitchen Organizer x3,1,15.42,15.42,digital_wallet,1,delivered,2025-12-20,3.0,,,
LT-100855,2025-12-17,Chile,urban,Electronics,Vertex Ergonomic Mouse,1,21.06,21.06,digital_wallet,1,delivered,2025-12-21,4.0,,,
LT-101329,2025-12-17,Colombia,capital,Accessories,14'' Hard Laptop Case,1,18.48,18.48,cash_on_delivery,1,delivered,2025-12-23,6.0,,,
LT-104745,2025-12-17,Canada,urban,Electronics,Boom Mini Bluetooth Speaker,1,29.31,29.31,credit_card,1,delivered,2025-12-21,4.0,,,
LT-101537,2025-12-17,United States,capital,Home,Stackable Kitchen Organizer x3,1,16.68,16.68,digital_wallet,1,cancelled,,,,,
LT-104091,2025-12-17,Chile,capital,Electronics,65W Fast Charger,1,23.29,23.29,credit_card,6,delivered,2025-12-20,3.0,,,
LT-104469,2025-12-17,Canada,capital,Electronics,360 WiFi Security Camera,1,47.26,47.26,debit_card,1,delivered,2025-12-21,4.0,,,
LT-103963,2025-12-17,Argentina,capital,Electronics,Nova Wireless Earbuds,1,39.03,39.03,debit_card,1,delivered,2025-12-22,5.0,,,
LT-103938,2025-12-17,United States,capital,Home,CompactChef 4L Air Fryer,1,70.65,70.65,digital_wallet,1,delivered,2025-12-21,4.0,,,
LT-102047,2025-12-17,Canada,urban,Home,Flex LED Desk Lamp,1,19.71,19.71,credit_card,1,delivered,2025-12-20,3.0,,,
LT-101602,2025-12-17,United States,extended_zone,Electronics,Pulse S2 Smartwatch,2,87.25,174.5,debit_card,1,delivered,2025-12-28,11.0,,,
LT-101840,2025-12-17,United States,extended_zone,Fashion,Pima Cotton Basic Tee (2-pack),2,21.95,43.9,bank_transfer,1,delivered,2025-12-29,12.0,,,
LT-103747,2025-12-17,Peru,extended_zone,Electronics,Vertex Ergonomic Mouse,1,21.34,21.34,bank_transfer,1,delivered,2025-12-28,11.0,2025-12-31,changed_mind,refunded
LT-101852,2025-12-17,Peru,capital,Home,CompactChef 4L Air Fryer,1,79.78,79.78,credit_card,1,delivered,2025-12-21,4.0,,,
LT-101540,2025-12-17,Canada,urban,Fashion,TrailFit Waterproof Jacket,1,61.03,61.03,bank_transfer,1,delivered,2025-12-19,2.0,,,
LT-102038,2025-12-18,United States,capital,Electronics,65W Fast Charger,1,26.24,26.24,cash_on_delivery,1,delivered,2025-12-22,4.0,,,
LT-102000,2025-12-18,Canada,urban,Sports,Pro Non-slip Yoga Mat,1,20.84,20.84,digital_wallet,1,delivered,2025-12-22,4.0,,,
LT-104948,2025-12-18,Colombia,urban,Fashion,Strida Urban Sneakers,1,51.96,51.96,digital_wallet,1,delivered,2025-12-22,4.0,,,
LT-101793,2025-12-18,Canada,capital,Electronics,Kova K61 Mechanical Keyboard,1,50.39,50.39,debit_card,1,delivered,2025-12-22,4.0,,,
LT-104872,2025-12-18,Colombia,capital,Fashion,TrailFit Waterproof Jacket,2,68.93,137.86,debit_card,1,cancelled,,,,,
LT-103875,2025-12-18,Mexico,urban,Electronics,Boom Mini Bluetooth Speaker,1,29.58,29.58,debit_card,1,delivered,2025-12-22,4.0,,,
LT-100064,2025-12-18,Colombia,urban,Sports,Pro Non-slip Yoga Mat,2,20.46,40.92,credit_card,6,delivered,2025-12-22,4.0,,,
LT-104867,2025-12-18,United States,urban,Electronics,360 WiFi Security Camera,2,46.97,93.94,credit_card,1,delivered,2025-12-20,2.0,,,
LT-101933,2025-12-18,Canada,urban,Electronics,Nova Wireless Earbuds,1,42.6,42.6,bank_transfer,1,delivered,2025-12-20,2.0,,,
LT-104364,2025-12-18,Colombia,urban,Home,Stackable Kitchen Organizer x3,1,16.69,16.69,debit_card,1,delivered,2025-12-20,2.0,,,
LT-100059,2025-12-18,United States,capital,Accessories,Vista Polarized Sunglasses,1,24.9,24.9,credit_card,1,delivered,2025-12-22,4.0,2025-12-26,wrong_size_or_model,refunded
LT-103883,2025-12-18,Mexico,urban,Electronics,Pulse S2 Smartwatch,1,84.86,84.86,digital_wallet,1,delivered,2025-12-22,4.0,,,
LT-102823,2025-12-18,United States,urban,Home,CleanBot Lite Robot Vacuum,1,122.36,122.36,debit_card,1,delivered,2025-12-21,3.0,,,
LT-102389,2025-12-18,Colombia,urban,Electronics,360 WiFi Security Camera,1,49.82,49.82,cash_on_delivery,1,delivered,2025-12-22,4.0,,,
LT-100725,2025-12-18,Colombia,capital,Sports,Pro Non-slip Yoga Mat,1,19.16,19.16,credit_card,6,delivered,2025-12-22,4.0,,,
LT-104473,2025-12-18,United States,urban,Electronics,Vertex Ergonomic Mouse,1,20.18,20.18,credit_card,6,delivered,2025-12-22,4.0,,,
LT-103922,2025-12-18,Peru,capital,Sports,SteelHydro 1L Thermal Bottle,1,15.54,15.54,credit_card,3,delivered,2025-12-24,6.0,,,
LT-100193,2025-12-18,Peru,capital,Sports,Resistance Bands Set x5,1,14.77,14.77,credit_card,3,delivered,2025-12-24,6.0,,,
LT-101499,2025-12-18,Colombia,capital,Sports,Pro Non-slip Yoga Mat,1,21.25,21.25,credit_card,6,delivered,2025-12-21,3.0,,,
LT-103829,2025-12-18,Colombia,urban,Beauty,Complete Skincare Routine Kit,1,33.96,33.96,digital_wallet,1,delivered,2025-12-20,2.0,,,
LT-101130,2025-12-18,Canada,capital,Home,Stackable Kitchen Organizer x3,1,16.23,16.23,credit_card,6,delivered,2025-12-21,3.0,,,
LT-101120,2025-12-18,United States,urban,Home,CompactChef 4L Air Fryer,1,72.03,72.03,credit_card,6,delivered,2025-12-22,4.0,,,
LT-100457,2025-12-19,Canada,extended_zone,Electronics,65W Fast Charger,1,26.48,26.48,credit_card,1,delivered,2025-12-31,12.0,,,
LT-101098,2025-12-19,United States,urban,Electronics,Vertex Ergonomic Mouse,1,20.29,20.29,debit_card,1,delivered,2025-12-21,2.0,,,
LT-104883,2025-12-19,Mexico,urban,Fashion,Pima Cotton Basic Tee (2-pack),3,21.54,64.62,bank_transfer,1,delivered,2025-12-22,3.0,,,
LT-103531,2025-12-19,Argentina,capital,Electronics,Pulse S2 Smartwatch,1,93.05,93.05,credit_card,3,delivered,2025-12-22,3.0,,,
LT-100948,2025-12-19,Canada,urban,Fashion,Pima Cotton Basic Tee (2-pack),1,22.39,22.39,cash_on_delivery,1,delivered,2025-12-21,2.0,2025-12-27,defective_product,refunded
LT-104167,2025-12-19,United States,extended_zone,Sports,SteelHydro 1L Thermal Bottle,1,16.87,16.87,digital_wallet,1,delivered,2025-12-27,8.0,2026-01-05,wrong_size_or_model,refunded
LT-103360,2025-12-19,Argentina,urban,Electronics,360 WiFi Security Camera,3,46.38,139.14,credit_card,1,delivered,2025-12-21,2.0,2025-12-27,defective_product,under_review
LT-102813,2025-12-19,Peru,urban,Accessories,Foldable Phone Stand,3,9.68,29.04,digital_wallet,1,delivered,2025-12-22,3.0,,,
LT-104243,2025-12-19,Mexico,urban,Home,Premium Queen Bedsheet Set,2,41.21,82.42,credit_card,6,delivered,2025-12-22,3.0,,,
LT-101126,2025-12-19,Chile,capital,Electronics,Vertex Ergonomic Mouse,1,22.14,22.14,bank_transfer,1,delivered,2025-12-23,4.0,,,
LT-100061,2025-12-19,Colombia,capital,Home,CompactChef 4L Air Fryer,1,71.03,71.03,credit_card,3,delivered,2025-12-25,6.0,,,
LT-102082,2025-12-19,Colombia,urban,Beauty,CeramicPro Hair Straightener,1,40.97,40.97,credit_card,1,delivered,2025-12-21,2.0,,,
LT-101181,2025-12-19,Peru,capital,Electronics,Vertex Ergonomic Mouse,1,21.28,21.28,digital_wallet,1,delivered,2025-12-24,5.0,,,
LT-103738,2025-12-19,United States,extended_zone,Home,Stackable Kitchen Organizer x3,1,16.6,16.6,digital_wallet,1,delivered,2025-12-30,11.0,,,
LT-100597,2025-12-19,Argentina,urban,Electronics,Vertex Ergonomic Mouse,1,19.73,19.73,debit_card,1,delivered,2025-12-21,2.0,,,
LT-101948,2025-12-19,Colombia,capital,Home,Flex LED Desk Lamp,1,19.53,19.53,digital_wallet,1,delivered,2025-12-23,4.0,,,
LT-103788,2025-12-19,Argentina,capital,Electronics,Vertex Ergonomic Mouse,1,19.67,19.67,credit_card,3,delivered,2025-12-22,3.0,,,
LT-101108,2025-12-19,Argentina,urban,Electronics,Kova K61 Mechanical Keyboard,1,56.88,56.88,digital_wallet,1,delivered,2025-12-21,2.0,2026-01-18,not_as_described,rejected
LT-104840,2025-12-19,Chile,capital,Home,Flex LED Desk Lamp,1,19.4,19.4,debit_card,1,delivered,2025-12-24,5.0,,,
LT-100922,2025-12-20,Colombia,capital,Beauty,CeramicPro Hair Straightener,1,40.17,40.17,credit_card,12,delivered,2025-12-24,4.0,,,
LT-103518,2025-12-20,Mexico,urban,Beauty,AirStyle Ionic Hair Dryer,1,42.65,42.65,debit_card,1,delivered,2025-12-24,4.0,,,
LT-103904,2025-12-20,Canada,urban,Fashion,UrbanPack 25L Anti-theft Backpack,2,40.53,81.06,credit_card,1,delivered,2025-12-23,3.0,,,
LT-102814,2025-12-20,Colombia,urban,Electronics,Nova Wireless Earbuds,1,39.79,39.79,bank_transfer,1,delivered,2025-12-22,2.0,,,
LT-102141,2025-12-20,Canada,urban,Sports,Resistance Bands Set x5,1,12.96,12.96,credit_card,6,delivered,2025-12-24,4.0,,,
LT-102231,2025-12-20,Canada,capital,Electronics,65W Fast Charger,1,24.73,24.73,debit_card,1,delivered,2025-12-24,4.0,,,
LT-103248,2025-12-20,Mexico,extended_zone,Sports,Resistance Bands Set x5,1,14.13,14.13,debit_card,1,delivered,2025-12-30,10.0,,,
LT-102416,2025-12-20,Peru,urban,Electronics,Vertex Ergonomic Mouse,2,21.62,43.24,credit_card,1,delivered,2025-12-23,3.0,,,
LT-101820,2025-12-20,Colombia,urban,Fashion,TrailFit Waterproof Jacket,3,67.76,203.28,bank_transfer,1,delivered,2025-12-24,4.0,2026-01-02,defective_product,refunded
LT-103723,2025-12-20,United States,urban,Fashion,Pima Cotton Basic Tee (2-pack),1,22.11,22.11,debit_card,1,delivered,2025-12-24,4.0,,,
LT-103533,2025-12-20,Colombia,urban,Home,Stackable Kitchen Organizer x3,1,15.4,15.4,debit_card,1,delivered,2025-12-24,4.0,,,
LT-101372,2025-12-20,Argentina,urban,Electronics,Boom Mini Bluetooth Speaker,1,30.46,30.46,digital_wallet,1,delivered,2025-12-22,2.0,,,
LT-100984,2025-12-20,United States,urban,Home,Premium Queen Bedsheet Set,1,42.16,42.16,cash_on_delivery,1,delivered,2025-12-24,4.0,,,
LT-103095,2025-12-20,Colombia,urban,Home,Stackable Kitchen Organizer x3,1,16.1,16.1,digital_wallet,1,delivered,2025-12-23,3.0,,,
LT-103347,2025-12-20,Peru,urban,Home,Stackable Kitchen Organizer x3,1,15.98,15.98,debit_card,1,delivered,2025-12-23,3.0,2025-12-28,changed_mind,refunded
LT-101318,2025-12-20,United States,urban,Sports,Pro Non-slip Yoga Mat,1,18.58,18.58,bank_transfer,1,delivered,2025-12-24,4.0,,,
LT-104772,2025-12-20,Mexico,urban,Electronics,Boom Mini Bluetooth Speaker,1,31.22,31.22,bank_transfer,1,delivered,2025-12-24,4.0,,,
LT-104846,2025-12-20,Mexico,extended_zone,Electronics,Boom Mini Bluetooth Speaker,1,31.27,31.27,credit_card,1,delivered,2025-12-31,11.0,,,
LT-102276,2025-12-20,Colombia,urban,Electronics,65W Fast Charger,1,25.68,25.68,credit_card,3,delivered,2025-12-24,4.0,,,
LT-104113,2025-12-20,Peru,capital,Electronics,Pulse S2 Smartwatch,1,86.73,86.73,credit_card,1,delivered,2025-12-24,4.0,,,
LT-104419,2025-12-20,United States,capital,Electronics,360 WiFi Security Camera,1,48.63,48.63,debit_card,1,delivered,2025-12-24,4.0,,,
LT-101971,2025-12-20,Peru,urban,Electronics,65W Fast Charger,2,26.59,53.18,bank_transfer,1,delivered,2025-12-24,4.0,2026-01-01,changed_mind,rejected
LT-101479,2025-12-20,Canada,extended_zone,Home,Flex LED Desk Lamp,3,19.09,57.27,debit_card,1,delivered,2025-12-28,8.0,,,
LT-103851,2025-12-20,Peru,extended_zone,Electronics,Vertex Ergonomic Mouse,1,20.07,20.07,bank_transfer,1,delivered,2025-12-29,9.0,,,
LT-100547,2025-12-20,United States,extended_zone,Home,CleanBot Lite Robot Vacuum,2,131.81,263.62,bank_transfer,1,delivered,2025-12-29,9.0,,,
LT-101198,2025-12-20,Mexico,capital,Accessories,Interchangeable Watch Strap,1,8.89,8.89,digital_wallet,1,delivered,2025-12-25,5.0,,,
LT-103249,2025-12-21,Chile,urban,Home,CompactChef 4L Air Fryer,3,78.93,236.79,digital_wallet,1,delivered,2025-12-25,4.0,,,
LT-101658,2025-12-21,United States,extended_zone,Fashion,Andino Slim Fit Jeans,1,31.08,31.08,cash_on_delivery,1,cancelled,,,,,
LT-102275,2025-12-21,Peru,urban,Fashion,UrbanPack 25L Anti-theft Backpack,1,40.36,40.36,digital_wallet,1,delivered,2025-12-23,2.0,,,
LT-103472,2025-12-21,Argentina,urban,Sports,Adjustable Dumbbells 2x10kg,1,60.13,60.13,credit_card,1,delivered,2025-12-23,2.0,,,
LT-100531,2025-12-21,Mexico,extended_zone,Sports,Resistance Bands Set x5,1,13.55,13.55,bank_transfer,1,delivered,2026-01-02,12.0,,,
LT-101913,2025-12-21,Colombia,urban,Beauty,CeramicPro Hair Straightener,1,36.71,36.71,credit_card,1,delivered,2025-12-25,4.0,2025-12-31,defective_product,refunded
LT-100649,2025-12-21,Peru,urban,Home,Stackable Kitchen Organizer x3,1,16.57,16.57,debit_card,1,delivered,2025-12-24,3.0,,,
LT-101843,2025-12-21,United States,urban,Electronics,Pulse S2 Smartwatch,1,88.89,88.89,cash_on_delivery,1,delivered,2025-12-24,3.0,,,
LT-100693,2025-12-21,Colombia,extended_zone,Fashion,Pima Cotton Basic Tee (2-pack),1,23.49,23.49,digital_wallet,1,delivered,2025-12-27,6.0,,,
LT-102709,2025-12-21,Canada,urban,Electronics,Boom Mini Bluetooth Speaker,1,31.06,31.06,cash_on_delivery,1,delivered,2025-12-24,3.0,2025-12-31,wrong_size_or_model,refunded
LT-101541,2025-12-21,Colombia,capital,Electronics,Vertex Ergonomic Mouse,1,21.53,21.53,debit_card,1,delivered,2025-12-26,5.0,,,
LT-101419,2025-12-21,Colombia,capital,Fashion,UrbanPack 25L Anti-theft Backpack,1,36.85,36.85,credit_card,1,delivered,2025-12-24,3.0,2025-12-30,defective_product,rejected
LT-104215,2025-12-21,Peru,capital,Electronics,Vertex Ergonomic Mouse,1,22.1,22.1,digital_wallet,1,delivered,2025-12-27,6.0,,,
LT-100991,2025-12-21,Mexico,capital,Electronics,Pulse S2 Smartwatch,1,92.61,92.61,credit_card,3,delivered,2025-12-26,5.0,,,
LT-100148,2025-12-21,Argentina,urban,Electronics,Kova K61 Mechanical Keyboard,1,53.68,53.68,bank_transfer,1,delivered,2025-12-24,3.0,2025-12-30,not_as_described,under_review
LT-102926,2025-12-21,Canada,urban,Electronics,360 WiFi Security Camera,1,45.14,45.14,credit_card,1,delivered,2025-12-23,2.0,,,
LT-101352,2025-12-21,Colombia,urban,Fashion,UrbanPack 25L Anti-theft Backpack,1,35.92,35.92,credit_card,1,delivered,2025-12-25,4.0,,,
LT-104085,2025-12-21,United States,urban,Fashion,Pima Cotton Basic Tee (2-pack),1,21.66,21.66,credit_card,3,delivered,2025-12-23,2.0,,,
LT-104000,2025-12-21,Mexico,capital,Fashion,Pima Cotton Basic Tee (2-pack),1,22.82,22.82,digital_wallet,1,delivered,2025-12-27,6.0,,,
LT-103300,2025-12-21,Mexico,extended_zone,Home,Stackable Kitchen Organizer x3,1,15.01,15.01,credit_card,1,delivered,2025-12-27,6.0,2025-12-31,wrong_size_or_model,refunded
LT-104452,2025-12-21,Chile,urban,Home,Premium Queen Bedsheet Set,2,41.07,82.14,debit_card,1,delivered,2025-12-24,3.0,,,
LT-104025,2025-12-21,Argentina,urban,Electronics,Pulse S2 Smartwatch,3,93.2,279.6,credit_card,1,delivered,2025-12-23,2.0,,,
LT-100619,2025-12-21,United States,capital,Electronics,65W Fast Charger,1,26.47,26.47,bank_transfer,1,delivered,2025-12-27,6.0,,,
LT-103204,2025-12-21,Mexico,urban,Fashion,UrbanPack 25L Anti-theft Backpack,1,38.6,38.6,bank_transfer,1,delivered,2025-12-23,2.0,,,
LT-101861,2025-12-21,Mexico,urban,Electronics,Nova Wireless Earbuds,1,37.34,37.34,credit_card,1,delivered,2025-12-24,3.0,,,
LT-100208,2025-12-21,Peru,urban,Fashion,Andino Slim Fit Jeans,1,33.52,33.52,credit_card,1,delivered,2025-12-25,4.0,,,
LT-100716,2025-12-21,United States,urban,Beauty,CeramicPro Hair Straightener,1,38.5,38.5,credit_card,12,delivered,2025-12-24,3.0,,,
LT-104934,2025-12-21,Colombia,urban,Electronics,Boom Mini Bluetooth Speaker,3,30.52,91.56,debit_card,1,delivered,2025-12-24,3.0,,,
LT-101061,2025-12-21,Argentina,urban,Fashion,Strida Urban Sneakers,1,47.91,47.91,credit_card,3,delivered,2025-12-23,2.0,,,
LT-101914,2025-12-22,Peru,urban,Fashion,UrbanPack 25L Anti-theft Backpack,1,38.58,38.58,credit_card,12,delivered,2025-12-24,2.0,,,
LT-103293,2025-12-22,Canada,urban,Electronics,Pulse S2 Smartwatch,1,89.88,89.88,credit_card,3,delivered,2025-12-24,2.0,,,
LT-102234,2025-12-22,Peru,urban,Fashion,Andino Slim Fit Jeans,1,33.09,33.09,debit_card,1,delivered,2025-12-24,2.0,,,
LT-103888,2025-12-22,Canada,capital,Fashion,Pima Cotton Basic Tee (2-pack),1,21.84,21.84,digital_wallet,1,delivered,2025-12-25,3.0,,,
LT-101433,2025-12-22,United States,capital,Electronics,360 WiFi Security Camera,1,46.46,46.46,credit_card,1,delivered,2025-12-28,6.0,,,
LT-100572,2025-12-22,United States,urban,Electronics,65W Fast Charger,1,24.15,24.15,debit_card,1,cancelled,,,,,
LT-103443,2025-12-22,Peru,urban,Beauty,AirStyle Ionic Hair Dryer,1,43.23,43.23,debit_card,1,cancelled,,,,,
LT-104790,2025-12-22,Canada,capital,Home,CompactChef 4L Air Fryer,1,77.4,77.4,credit_card,3,delivered,2025-12-27,5.0,,,
LT-104341,2025-12-22,Peru,capital,Electronics,65W Fast Charger,1,25.52,25.52,debit_card,1,delivered,2025-12-26,4.0,,,
LT-104998,2025-12-22,Mexico,capital,Fashion,UrbanPack 25L Anti-theft Backpack,2,37.52,75.04,digital_wallet,1,delivered,2025-12-25,3.0,,,
LT-100327,2025-12-22,United States,urban,Fashion,Pima Cotton Basic Tee (2-pack),1,20.9,20.9,credit_card,12,delivered,2025-12-25,3.0,,,
LT-102643,2025-12-22,Argentina,urban,Electronics,Vertex Ergonomic Mouse,1,19.87,19.87,cash_on_delivery,1,delivered,2025-12-26,4.0,,,
LT-101409,2025-12-22,Chile,urban,Electronics,Nova Wireless Earbuds,1,40.75,40.75,bank_transfer,1,delivered,2025-12-24,2.0,,,
LT-102471,2025-12-22,Mexico,capital,Home,CleanBot Lite Robot Vacuum,2,133.95,267.9,credit_card,12,delivered,2025-12-25,3.0,,,
LT-103804,2025-12-22,Argentina,capital,Electronics,360 WiFi Security Camera,2,46.84,93.68,cash_on_delivery,1,delivered,2025-12-28,6.0,,,
LT-104780,2025-12-22,Argentina,urban,Fashion,TrailFit Waterproof Jacket,2,61.35,122.7,cash_on_delivery,1,delivered,2025-12-24,2.0,,,
LT-102557,2025-12-22,Mexico,capital,Sports,Pro Non-slip Yoga Mat,2,20.36,40.72,debit_card,1,delivered,2025-12-26,4.0,,,
LT-101894,2025-12-22,United States,urban,Home,Stackable Kitchen Organizer x3,1,15.47,15.47,bank_transfer,1,delivered,2025-12-24,2.0,,,
LT-104634,2025-12-23,United States,urban,Electronics,Boom Mini Bluetooth Speaker,1,29.91,29.91,credit_card,12,delivered,2025-12-26,3.0,,,
LT-101720,2025-12-23,Chile,capital,Fashion,Strida Urban Sneakers,1,49.48,49.48,digital_wallet,1,cancelled,,,,,
LT-102278,2025-12-23,Colombia,capital,Fashion,TrailFit Waterproof Jacket,1,61.66,61.66,credit_card,3,delivered,2025-12-26,3.0,,,
LT-103807,2025-12-23,United States,urban,Electronics,Nova Wireless Earbuds,1,40.76,40.76,bank_transfer,1,delivered,2025-12-26,3.0,,,
LT-103341,2025-12-23,Peru,capital,Accessories,Foldable Phone Stand,2,9.58,19.16,cash_on_delivery,1,cancelled,,,,,
LT-104947,2025-12-23,Argentina,capital,Fashion,TrailFit Waterproof Jacket,1,61.09,61.09,debit_card,1,delivered,2025-12-26,3.0,,,
LT-104505,2025-12-23,Colombia,extended_zone,Electronics,Boom Mini Bluetooth Speaker,1,30.11,30.11,debit_card,1,delivered,2026-01-04,12.0,,,
LT-100275,2025-12-23,United States,extended_zone,Home,CleanBot Lite Robot Vacuum,1,121.53,121.53,digital_wallet,1,delivered,2025-12-31,8.0,,,
LT-100871,2025-12-23,United States,urban,Sports,Adjustable Dumbbells 2x10kg,1,55.07,55.07,debit_card,1,delivered,2025-12-27,4.0,,,
LT-104461,2025-12-23,Colombia,capital,Fashion,TrailFit Waterproof Jacket,1,63.48,63.48,credit_card,1,delivered,2025-12-29,6.0,,,
LT-103266,2025-12-23,Colombia,extended_zone,Electronics,Boom Mini Bluetooth Speaker,1,29.18,29.18,credit_card,1,delivered,2025-12-31,8.0,,,
LT-101679,2025-12-23,Colombia,capital,Electronics,360 WiFi Security Camera,3,47.72,143.16,bank_transfer,1,delivered,2025-12-26,3.0,2025-12-31,not_as_described,under_review
LT-100224,2025-12-23,Mexico,urban,Beauty,Complete Skincare Routine Kit,1,35.7,35.7,cash_on_delivery,1,delivered,2025-12-25,2.0,,,
LT-103629,2025-12-23,United States,extended_zone,Sports,Resistance Bands Set x5,2,13.05,26.1,cash_on_delivery,1,delivered,2025-12-31,8.0,,,
LT-104832,2025-12-23,Canada,capital,Electronics,Nova Wireless Earbuds,2,39.98,79.96,debit_card,1,delivered,2025-12-28,5.0,,,
LT-101710,2025-12-23,United States,capital,Fashion,Pima Cotton Basic Tee (2-pack),1,22.92,22.92,debit_card,1,delivered,2025-12-29,6.0,,,
LT-103041,2025-12-23,Colombia,urban,Beauty,CeramicPro Hair Straightener,1,36.99,36.99,cash_on_delivery,1,delivered,2025-12-25,2.0,,,
LT-103841,2025-12-23,Mexico,urban,Sports,Pro Non-slip Yoga Mat,1,20.19,20.19,cash_on_delivery,1,delivered,2025-12-27,4.0,,,
LT-100831,2025-12-23,Argentina,urban,Electronics,Boom Mini Bluetooth Speaker,1,28.24,28.24,credit_card,1,delivered,2025-12-25,2.0,,,
LT-104493,2025-12-23,Chile,extended_zone,Home,CompactChef 4L Air Fryer,1,78.41,78.41,credit_card,6,delivered,2026-01-03,11.0,,,
LT-101004,2025-12-23,Colombia,urban,Electronics,65W Fast Charger,1,23.72,23.72,credit_card,1,delivered,2025-12-25,2.0,2025-12-31,wrong_size_or_model,under_review
LT-101798,2025-12-23,Argentina,urban,Home,Premium Queen Bedsheet Set,1,42.47,42.47,bank_transfer,1,delivered,2025-12-25,2.0,,,
LT-102623,2025-12-23,Colombia,urban,Beauty,AirStyle Ionic Hair Dryer,3,45.16,135.48,debit_card,1,delivered,2025-12-27,4.0,,,
LT-100544,2025-12-23,United States,urban,Electronics,65W Fast Charger,1,23.17,23.17,credit_card,6,delivered,2025-12-27,4.0,,,
LT-100476,2025-12-23,Canada,urban,Fashion,Pima Cotton Basic Tee (2-pack),1,20.71,20.71,bank_transfer,1,delivered,2025-12-25,2.0,,,
LT-104104,2025-12-24,Mexico,extended_zone,Electronics,65W Fast Charger,1,24.72,24.72,digital_wallet,1,delivered,2026-01-03,10.0,,,
LT-101351,2025-12-24,Peru,extended_zone,Home,CleanBot Lite Robot Vacuum,1,133.27,133.27,debit_card,1,delivered,2025-12-29,5.0,,,
LT-100370,2025-12-24,Peru,urban,Accessories,14'' Hard Laptop Case,2,17.81,35.62,digital_wallet,1,delivered,2025-12-27,3.0,,,
LT-101451,2025-12-24,Colombia,extended_zone,Fashion,Strida Urban Sneakers,2,49.03,98.06,digital_wallet,1,cancelled,,,,,
LT-101446,2025-12-24,Colombia,extended_zone,Electronics,Vertex Ergonomic Mouse,1,21.16,21.16,digital_wallet,1,cancelled,,,,,
LT-102645,2025-12-24,Colombia,extended_zone,Electronics,Boom Mini Bluetooth Speaker,2,29.75,59.5,debit_card,1,delivered,2026-01-03,10.0,,,
LT-104184,2025-12-24,Argentina,capital,Electronics,Pulse S2 Smartwatch,1,93.91,93.91,debit_card,1,delivered,2025-12-29,5.0,,,
LT-101877,2025-12-24,Argentina,urban,Home,Stackable Kitchen Organizer x3,2,16.26,32.52,bank_transfer,1,cancelled,,,,,
LT-101103,2025-12-24,Peru,capital,Home,Premium Queen Bedsheet Set,2,41.47,82.94,digital_wallet,1,delivered,2025-12-29,5.0,,,
LT-101199,2025-12-24,Colombia,urban,Electronics,Vertex Ergonomic Mouse,1,19.64,19.64,credit_card,12,delivered,2025-12-26,2.0,,,
LT-102843,2025-12-24,Mexico,urban,Electronics,Nova Wireless Earbuds,1,42.57,42.57,credit_card,1,delivered,2025-12-26,2.0,,,
LT-103326,2025-12-24,Mexico,capital,Beauty,AirStyle Ionic Hair Dryer,3,42.75,128.25,digital_wallet,1,delivered,2025-12-28,4.0,,,
LT-100120,2025-12-24,Canada,urban,Electronics,Vertex Ergonomic Mouse,1,20.71,20.71,debit_card,1,delivered,2025-12-26,2.0,,,
LT-104229,2025-12-24,United States,extended_zone,Electronics,Vertex Ergonomic Mouse,1,19.89,19.89,debit_card,1,delivered,2025-12-29,5.0,,,
LT-101789,2025-12-24,United States,urban,Electronics,Vertex Ergonomic Mouse,1,19.96,19.96,credit_card,3,delivered,2025-12-27,3.0,,,
LT-101751,2025-12-25,United States,urban,Beauty,Complete Skincare Routine Kit,1,36.92,36.92,debit_card,1,delivered,2025-12-29,4.0,,,
LT-104367,2025-12-25,Mexico,capital,Electronics,Boom Mini Bluetooth Speaker,1,27.93,27.93,digital_wallet,1,delivered,2025-12-28,3.0,,,
LT-102884,2025-12-25,Mexico,extended_zone,Electronics,Boom Mini Bluetooth Speaker,2,31.53,63.06,debit_card,1,delivered,2026-01-05,11.0,,,
LT-104679,2025-12-25,Colombia,urban,Electronics,Vertex Ergonomic Mouse,1,21.11,21.11,digital_wallet,1,delivered,2025-12-27,2.0,,,
LT-102290,2025-12-25,Colombia,urban,Electronics,360 WiFi Security Camera,1,50.61,50.61,digital_wallet,1,delivered,2025-12-29,4.0,,,
LT-103261,2025-12-25,Peru,capital,Electronics,Boom Mini Bluetooth Speaker,2,28.84,57.68,debit_card,1,delivered,2025-12-29,4.0,,,
LT-102535,2025-12-25,Colombia,urban,Electronics,Pulse S2 Smartwatch,1,89.09,89.09,credit_card,1,delivered,2025-12-29,4.0,,,
LT-101996,2025-12-25,United States,capital,Electronics,Pulse S2 Smartwatch,3,88.13,264.39,bank_transfer,1,delivered,2025-12-28,3.0,,,
LT-103221,2025-12-25,United States,capital,Electronics,Boom Mini Bluetooth Speaker,1,29.58,29.58,digital_wallet,1,delivered,2025-12-29,4.0,2026-01-03,changed_mind,refunded
LT-101262,2025-12-25,Argentina,extended_zone,Sports,Resistance Bands Set x5,1,13.07,13.07,debit_card,1,delivered,2026-01-05,11.0,,,
LT-102516,2025-12-25,Mexico,urban,Electronics,Vertex Ergonomic Mouse,1,22.22,22.22,credit_card,6,delivered,2025-12-27,2.0,,,
LT-101394,2025-12-25,United States,capital,Electronics,Nova Wireless Earbuds,1,40.25,40.25,bank_transfer,1,delivered,2025-12-31,6.0,,,
LT-104718,2025-12-25,Colombia,urban,Home,Premium Queen Bedsheet Set,1,41.03,41.03,credit_card,3,delivered,2025-12-29,4.0,,,
LT-100916,2025-12-25,Mexico,urban,Sports,Resistance Bands Set x5,1,13.14,13.14,bank_transfer,1,delivered,2025-12-29,4.0,,,
LT-101779,2025-12-25,Mexico,extended_zone,Beauty,CeramicPro Hair Straightener,3,40.57,121.71,credit_card,12,cancelled,,,,,
LT-101429,2025-12-25,United States,capital,Fashion,Strida Urban Sneakers,1,52.36,52.36,credit_card,1,delivered,2025-12-28,3.0,,,
LT-103711,2025-12-25,United States,capital,Electronics,Boom Mini Bluetooth Speaker,3,29.13,87.39,cash_on_delivery,1,delivered,2025-12-30,5.0,,,
LT-102029,2025-12-25,Colombia,urban,Fashion,Strida Urban Sneakers,2,46.78,93.56,bank_transfer,1,delivered,2025-12-27,2.0,,,
LT-102431,2025-12-25,Argentina,urban,Electronics,Vertex Ergonomic Mouse,1,21.05,21.05,bank_transfer,1,delivered,2025-12-29,4.0,2026-01-06,defective_product,under_review
LT-104333,2025-12-25,United States,extended_zone,Accessories,Vista Polarized Sunglasses,2,24.3,48.6,bank_transfer,1,delivered,2026-01-06,12.0,,,
LT-101393,2025-12-25,Colombia,extended_zone,Fashion,Andino Slim Fit Jeans,1,33.04,33.04,credit_card,3,delivered,2026-01-02,8.0,,,
LT-100451,2025-12-25,Canada,urban,Home,CompactChef 4L Air Fryer,2,78.72,157.44,credit_card,1,delivered,2025-12-29,4.0,,,
LT-100789,2025-12-25,United States,capital,Sports,Resistance Bands Set x5,1,14.45,14.45,cash_on_delivery,1,delivered,2025-12-28,3.0,2026-01-07,not_as_described,refunded
LT-100517,2025-12-25,Peru,extended_zone,Electronics,65W Fast Charger,1,25.6,25.6,credit_card,3,delivered,2026-01-03,9.0,,,
LT-104558,2025-12-26,Mexico,extended_zone,Fashion,Strida Urban Sneakers,1,47.18,47.18,credit_card,12,delivered,2025-12-31,5.0,,,
LT-100443,2025-12-26,Peru,urban,Electronics,Boom Mini Bluetooth Speaker,1,27.85,27.85,digital_wallet,1,delivered,2025-12-29,3.0,,,
LT-101516,2025-12-26,Colombia,extended_zone,Electronics,Vertex Ergonomic Mouse,2,22.14,44.28,credit_card,1,delivered,2026-01-05,10.0,,,
LT-102513,2025-12-26,Peru,urban,Home,Premium Queen Bedsheet Set,2,42.35,84.7,credit_card,6,cancelled,,,,,
LT-102036,2025-12-26,Mexico,capital,Fashion,Strida Urban Sneakers,1,51.73,51.73,credit_card,6,delivered,2026-01-01,6.0,,,
LT-101010,2025-12-26,Colombia,extended_zone,Electronics,Pulse S2 Smartwatch,1,90.09,90.09,digital_wallet,1,delivered,2026-01-07,12.0,,,
LT-104105,2025-12-26,United States,extended_zone,Electronics,Boom Mini Bluetooth Speaker,1,31.23,31.23,digital_wallet,1,delivered,2026-01-01,6.0,,,
LT-100681,2025-12-26,Chile,extended_zone,Accessories,14'' Hard Laptop Case,2,17.81,35.62,credit_card,1,delivered,2026-01-05,10.0,,,
LT-102831,2025-12-26,Chile,urban,Fashion,UrbanPack 25L Anti-theft Backpack,1,38.07,38.07,bank_transfer,1,delivered,2025-12-28,2.0,2026-01-06,wrong_size_or_model,refunded
LT-102410,2025-12-26,Argentina,capital,Fashion,Pima Cotton Basic Tee (2-pack),1,21.6,21.6,credit_card,3,delivered,2025-12-30,4.0,,,
LT-102445,2025-12-26,Chile,urban,Electronics,Vertex Ergonomic Mouse,2,21.48,42.96,digital_wallet,1,delivered,2025-12-28,2.0,,,
LT-100930,2025-12-26,Argentina,urban,Fashion,TrailFit Waterproof Jacket,1,61.96,61.96,bank_transfer,1,delivered,2025-12-30,4.0,2026-01-08,defective_product,refunded
LT-100763,2025-12-26,Mexico,capital,Beauty,CeramicPro Hair Straightener,1,36.44,36.44,credit_card,1,delivered,2026-01-01,6.0,,,
LT-102061,2025-12-26,Colombia,urban,Electronics,Boom Mini Bluetooth Speaker,1,31.21,31.21,debit_card,1,delivered,2025-12-29,3.0,,,
LT-101179,2025-12-26,United States,urban,Electronics,Nova Wireless Earbuds,1,38.22,38.22,credit_card,6,delivered,2025-12-29,3.0,,,
LT-101314,2025-12-26,Mexico,capital,Electronics,Boom Mini Bluetooth Speaker,1,30.94,30.94,debit_card,1,delivered,2025-12-30,4.0,,,
LT-103882,2025-12-26,Peru,urban,Electronics,Boom Mini Bluetooth Speaker,1,27.57,27.57,cash_on_delivery,1,delivered,2025-12-30,4.0,,,
LT-104775,2025-12-26,Chile,capital,Home,CompactChef 4L Air Fryer,1,76.65,76.65,debit_card,1,delivered,2025-12-31,5.0,,,
LT-101799,2025-12-26,Argentina,extended_zone,Electronics,Nova Wireless Earbuds,1,40.27,40.27,credit_card,12,delivered,2026-01-02,7.0,,,
LT-100875,2025-12-26,United States,extended_zone,Sports,Pro Non-slip Yoga Mat,1,21.28,21.28,credit_card,1,delivered,2026-01-02,7.0,,,
LT-102829,2025-12-26,Mexico,capital,Fashion,TrailFit Waterproof Jacket,1,60.57,60.57,cash_on_delivery,1,delivered,2025-12-31,5.0,,,
LT-100827,2025-12-26,Colombia,urban,Sports,Adjustable Dumbbells 2x10kg,1,56.67,56.67,credit_card,3,delivered,2025-12-30,4.0,,,
LT-101790,2025-12-26,Argentina,capital,Fashion,Pima Cotton Basic Tee (2-pack),1,22.13,22.13,digital_wallet,1,delivered,2025-12-31,5.0,,,
LT-103311,2025-12-26,Canada,urban,Fashion,UrbanPack 25L Anti-theft Backpack,1,39.44,39.44,cash_on_delivery,1,delivered,2025-12-28,2.0,,,
LT-103270,2025-12-26,Peru,urban,Beauty,CeramicPro Hair Straightener,1,39.64,39.64,debit_card,1,cancelled,,,,,
LT-103496,2025-12-26,Colombia,urban,Electronics,65W Fast Charger,3,25.57,76.71,debit_card,1,delivered,2025-12-30,4.0,,,
LT-102692,2025-12-27,Peru,capital,Sports,Adjustable Dumbbells 2x10kg,1,58.75,58.75,credit_card,3,delivered,2025-12-31,4.0,,,
LT-102673,2025-12-27,United States,extended_zone,Fashion,Pima Cotton Basic Tee (2-pack),1,22.76,22.76,credit_card,1,delivered,2026-01-03,7.0,,,
LT-101721,2025-12-27,Mexico,urban,Sports,Pro Non-slip Yoga Mat,1,19.64,19.64,credit_card,1,delivered,2025-12-30,3.0,,,
LT-101511,2025-12-27,United States,urban,Electronics,Nova Wireless Earbuds,1,41.29,41.29,digital_wallet,1,delivered,2025-12-29,2.0,,,
LT-100006,2025-12-27,Peru,extended_zone,Electronics,Vertex Ergonomic Mouse,1,20.56,20.56,credit_card,6,delivered,2026-01-08,12.0,,,
LT-104977,2025-12-27,Chile,extended_zone,Electronics,Nova Wireless Earbuds,1,41.79,41.79,digital_wallet,1,delivered,2026-01-04,8.0,,,
LT-100112,2025-12-27,United States,extended_zone,Electronics,Nova Wireless Earbuds,1,39.37,39.37,digital_wallet,1,cancelled,,,,,
LT-101941,2025-12-27,Colombia,capital,Electronics,65W Fast Charger,2,23.61,47.22,credit_card,6,delivered,2025-12-31,4.0,,,
LT-104828,2025-12-27,Mexico,capital,Beauty,CeramicPro Hair Straightener,1,39.26,39.26,digital_wallet,1,delivered,2026-01-02,6.0,,,
LT-101304,2025-12-27,Mexico,urban,Electronics,Pulse S2 Smartwatch,1,92.19,92.19,bank_transfer,1,delivered,2025-12-29,2.0,,,
LT-100143,2025-12-27,Argentina,urban,Electronics,Boom Mini Bluetooth Speaker,2,27.55,55.1,debit_card,1,delivered,2025-12-29,2.0,,,
LT-100933,2025-12-27,Mexico,extended_zone,Fashion,TrailFit Waterproof Jacket,1,60.72,60.72,debit_card,1,delivered,2026-01-03,7.0,,,
LT-100529,2025-12-27,Peru,urban,Electronics,Vertex Ergonomic Mouse,1,22.34,22.34,debit_card,1,delivered,2025-12-30,3.0,,,
LT-102597,2025-12-27,Mexico,urban,Electronics,Vertex Ergonomic Mouse,1,21.8,21.8,cash_on_delivery,1,delivered,2025-12-30,3.0,,,
LT-103384,2025-12-27,Chile,capital,Fashion,TrailFit Waterproof Jacket,1,64.21,64.21,debit_card,1,delivered,2026-01-02,6.0,,,
LT-102832,2025-12-27,Colombia,capital,Sports,Pro Non-slip Yoga Mat,2,18.89,37.78,credit_card,3,delivered,2025-12-30,3.0,2026-01-01,wrong_size_or_model,refunded
LT-104733,2025-12-27,Chile,urban,Home,CompactChef 4L Air Fryer,1,72.66,72.66,cash_on_delivery,1,delivered,2025-12-30,3.0,,,
LT-102274,2025-12-27,United States,capital,Fashion,TrailFit Waterproof Jacket,1,68.18,68.18,digital_wallet,1,cancelled,,,,,
LT-102252,2025-12-27,Chile,capital,Electronics,Boom Mini Bluetooth Speaker,1,30.36,30.36,bank_transfer,1,delivered,2026-01-02,6.0,,,
LT-104180,2025-12-28,Mexico,extended_zone,Home,CompactChef 4L Air Fryer,1,76.86,76.86,credit_card,3,cancelled,,,,,
LT-101083,2025-12-28,Peru,urban,Fashion,UrbanPack 25L Anti-theft Backpack,1,38.09,38.09,digital_wallet,1,delivered,2025-12-31,3.0,2026-01-01,not_as_described,refunded
LT-104732,2025-12-28,United States,capital,Electronics,360 WiFi Security Camera,1,47.91,47.91,debit_card,1,delivered,2026-01-01,4.0,,,
LT-104735,2025-12-28,Peru,urban,Electronics,65W Fast Charger,1,25.51,25.51,digital_wallet,1,delivered,2026-01-01,4.0,,,
LT-103822,2025-12-28,Argentina,urban,Electronics,Nova Wireless Earbuds,1,42.63,42.63,credit_card,1,delivered,2026-01-01,4.0,,,
LT-104669,2025-12-28,Peru,capital,Electronics,Kova K61 Mechanical Keyboard,1,55.37,55.37,credit_card,3,delivered,2026-01-01,4.0,2026-01-05,changed_mind,rejected
LT-102707,2025-12-28,Mexico,capital,Electronics,65W Fast Charger,2,26.44,52.88,digital_wallet,1,delivered,2026-01-01,4.0,,,
LT-104058,2025-12-28,Canada,capital,Fashion,Pima Cotton Basic Tee (2-pack),1,22.39,22.39,debit_card,1,delivered,2026-01-01,4.0,,,
LT-104352,2025-12-28,Peru,urban,Home,Stackable Kitchen Organizer x3,1,15.3,15.3,digital_wallet,1,delivered,2025-12-31,3.0,,,
LT-103329,2025-12-28,Peru,urban,Fashion,TrailFit Waterproof Jacket,1,66.85,66.85,credit_card,12,delivered,2025-12-31,3.0,,,
LT-101617,2025-12-28,Peru,capital,Fashion,UrbanPack 25L Anti-theft Backpack,2,35.67,71.34,bank_transfer,1,delivered,2026-01-03,6.0,,,
LT-101987,2025-12-28,Argentina,urban,Beauty,CeramicPro Hair Straightener,1,37.2,37.2,credit_card,6,delivered,2025-12-30,2.0,,,
LT-103898,2025-12-28,Canada,capital,Sports,SteelHydro 1L Thermal Bottle,1,16.44,16.44,credit_card,3,delivered,2026-01-01,4.0,,,
LT-103940,2025-12-28,Chile,urban,Sports,Pro Non-slip Yoga Mat,1,20.89,20.89,bank_transfer,1,delivered,2026-01-01,4.0,,,
LT-102523,2025-12-28,Argentina,extended_zone,Electronics,Nova Wireless Earbuds,2,39.66,79.32,digital_wallet,1,delivered,2026-01-08,11.0,,,
LT-101044,2025-12-28,United States,capital,Sports,Adjustable Dumbbells 2x10kg,3,57.57,172.71,debit_card,1,delivered,2026-01-02,5.0,,,
LT-100471,2025-12-28,Colombia,capital,Beauty,CeramicPro Hair Straightener,1,37.54,37.54,credit_card,1,delivered,2026-01-03,6.0,,,
LT-100282,2025-12-28,Peru,extended_zone,Electronics,Boom Mini Bluetooth Speaker,1,30.19,30.19,bank_transfer,1,delivered,2026-01-04,7.0,2026-01-19,defective_product,refunded
LT-101801,2025-12-28,Mexico,capital,Home,Stackable Kitchen Organizer x3,1,16.21,16.21,cash_on_delivery,1,delivered,2025-12-31,3.0,,,
LT-102328,2025-12-28,Argentina,capital,Fashion,TrailFit Waterproof Jacket,1,69.04,69.04,digital_wallet,1,delivered,2025-12-31,3.0,,,
LT-103953,2025-12-28,Colombia,capital,Fashion,Strida Urban Sneakers,2,51.56,103.12,digital_wallet,1,delivered,2025-12-31,3.0,,,
LT-101438,2025-12-29,Colombia,capital,Home,Premium Queen Bedsheet Set,1,41.24,41.24,digital_wallet,1,delivered,2026-01-01,3.0,,,
LT-102804,2025-12-29,United States,extended_zone,Home,Flex LED Desk Lamp,1,19.0,19.0,debit_card,1,delivered,2026-01-06,8.0,,,
LT-103667,2025-12-29,Chile,urban,Home,Stackable Kitchen Organizer x3,1,15.08,15.08,debit_card,1,delivered,2025-12-31,2.0,,,
LT-103817,2025-12-29,Mexico,extended_zone,Home,Premium Queen Bedsheet Set,1,44.93,44.93,debit_card,1,delivered,2026-01-06,8.0,,,
LT-100113,2025-12-29,Chile,urban,Beauty,Complete Skincare Routine Kit,1,34.76,34.76,cash_on_delivery,1,delivered,2026-01-02,4.0,,,
LT-101401,2025-12-29,Mexico,urban,Electronics,Vertex Ergonomic Mouse,1,19.78,19.78,credit_card,3,delivered,2026-01-02,4.0,2026-01-09,not_as_described,refunded
LT-100655,2025-12-29,Canada,extended_zone,Electronics,Nova Wireless Earbuds,1,38.86,38.86,bank_transfer,1,delivered,2026-01-03,5.0,,,
LT-102720,2025-12-29,United States,urban,Electronics,Nova Wireless Earbuds,1,42.68,42.68,credit_card,6,delivered,2026-01-02,4.0,,,
LT-102386,2025-12-29,Chile,urban,Electronics,Vertex Ergonomic Mouse,1,19.94,19.94,credit_card,6,delivered,2025-12-31,2.0,,,
LT-100995,2025-12-29,United States,capital,Electronics,360 WiFi Security Camera,1,45.8,45.8,credit_card,3,delivered,2026-01-02,4.0,,,
LT-100371,2025-12-29,Mexico,capital,Electronics,Vertex Ergonomic Mouse,1,21.48,21.48,debit_card,1,delivered,2026-01-02,4.0,,,
LT-104132,2025-12-29,Mexico,urban,Fashion,Pima Cotton Basic Tee (2-pack),1,21.16,21.16,debit_card,1,delivered,2026-01-01,3.0,,,
LT-102647,2025-12-29,Colombia,capital,Fashion,TrailFit Waterproof Jacket,2,63.55,127.1,bank_transfer,1,delivered,2026-01-04,6.0,,,
LT-104515,2025-12-29,Canada,capital,Electronics,Nova Wireless Earbuds,1,41.7,41.7,credit_card,1,delivered,2026-01-01,3.0,,,
LT-104376,2025-12-29,United States,urban,Electronics,Kova K61 Mechanical Keyboard,1,56.83,56.83,credit_card,1,delivered,2026-01-01,3.0,,,
LT-100915,2025-12-29,Argentina,urban,Electronics,360 WiFi Security Camera,2,47.71,95.42,debit_card,1,delivered,2026-01-01,3.0,,,
LT-104468,2025-12-29,Canada,capital,Electronics,Nova Wireless Earbuds,2,41.78,83.56,credit_card,3,delivered,2026-01-04,6.0,,,
LT-104550,2025-12-29,United States,capital,Electronics,Boom Mini Bluetooth Speaker,2,29.41,58.82,cash_on_delivery,1,cancelled,,,,,
LT-104614,2025-12-29,Mexico,capital,Sports,SteelHydro 1L Thermal Bottle,1,16.5,16.5,cash_on_delivery,1,delivered,2026-01-02,4.0,,,
LT-104591,2025-12-29,Chile,capital,Electronics,Vertex Ergonomic Mouse,2,21.28,42.56,debit_card,1,delivered,2026-01-01,3.0,,,
LT-102636,2025-12-30,Mexico,extended_zone,Electronics,Pulse S2 Smartwatch,1,93.36,93.36,debit_card,1,delivered,2026-01-04,5.0,,,
LT-102607,2025-12-30,Colombia,capital,Electronics,65W Fast Charger,1,25.38,25.38,credit_card,6,delivered,2026-01-02,3.0,,,
LT-101254,2025-12-30,Peru,urban,Accessories,14'' Hard Laptop Case,1,17.13,17.13,credit_card,6,delivered,2026-01-03,4.0,,,
LT-100937,2025-12-30,Colombia,extended_zone,Home,Premium Queen Bedsheet Set,1,43.77,43.77,debit_card,1,delivered,2026-01-05,6.0,,,
LT-103559,2025-12-30,Peru,urban,Home,Stackable Kitchen Organizer x3,1,14.8,14.8,credit_card,6,delivered,2026-01-02,3.0,,,
LT-102530,2025-12-30,Colombia,urban,Fashion,Andino Slim Fit Jeans,2,32.86,65.72,digital_wallet,1,delivered,2026-01-01,2.0,,,
LT-104590,2025-12-30,Argentina,capital,Electronics,Pulse S2 Smartwatch,3,91.09,273.27,bank_transfer,1,delivered,2026-01-05,6.0,,,
LT-101320,2025-12-30,Argentina,urban,Sports,Adjustable Dumbbells 2x10kg,2,55.05,110.1,cash_on_delivery,1,delivered,2026-01-02,3.0,,,
LT-103891,2025-12-30,Colombia,urban,Beauty,CeramicPro Hair Straightener,1,40.01,40.01,cash_on_delivery,1,cancelled,,,,,
LT-103715,2025-12-30,Colombia,capital,Fashion,Strida Urban Sneakers,1,50.43,50.43,credit_card,1,delivered,2026-01-04,5.0,,,
LT-102342,2025-12-30,Peru,urban,Electronics,Nova Wireless Earbuds,1,39.36,39.36,debit_card,1,delivered,2026-01-01,2.0,,,
LT-103847,2025-12-30,Argentina,urban,Electronics,Nova Wireless Earbuds,2,41.81,83.62,digital_wallet,1,delivered,2026-01-01,2.0,,,
LT-103259,2025-12-30,Argentina,urban,Electronics,Boom Mini Bluetooth Speaker,1,29.1,29.1,credit_card,6,delivered,2026-01-03,4.0,,,
LT-103832,2025-12-30,Mexico,urban,Sports,Pro Non-slip Yoga Mat,1,20.54,20.54,credit_card,3,delivered,2026-01-02,3.0,,,
LT-103432,2025-12-30,Mexico,urban,Electronics,65W Fast Charger,1,23.56,23.56,debit_card,1,delivered,2026-01-03,4.0,,,
LT-103098,2025-12-30,Mexico,urban,Electronics,65W Fast Charger,1,26.61,26.61,credit_card,1,delivered,2026-01-02,3.0,,,
LT-103018,2025-12-30,United States,urban,Home,Stackable Kitchen Organizer x3,1,14.95,14.95,digital_wallet,1,delivered,2026-01-02,3.0,,,
LT-100090,2025-12-30,Mexico,urban,Fashion,UrbanPack 25L Anti-theft Backpack,1,38.26,38.26,cash_on_delivery,1,delivered,2026-01-01,2.0,,,
LT-103611,2025-12-31,Peru,extended_zone,Electronics,Boom Mini Bluetooth Speaker,2,30.2,60.4,cash_on_delivery,1,delivered,2026-01-12,12.0,,,
LT-101985,2025-12-31,Chile,capital,Sports,Pro Non-slip Yoga Mat,1,21.26,21.26,bank_transfer,1,delivered,2026-01-06,6.0,,,
LT-101966,2025-12-31,Peru,capital,Electronics,Pulse S2 Smartwatch,1,90.75,90.75,cash_on_delivery,1,delivered,2026-01-03,3.0,2026-01-07,wrong_size_or_model,refunded
LT-102512,2025-12-31,Chile,urban,Electronics,Nova Wireless Earbuds,1,41.08,41.08,bank_transfer,1,delivered,2026-01-02,2.0,,,
LT-104044,2025-12-31,Peru,urban,Electronics,Vertex Ergonomic Mouse,1,19.6,19.6,digital_wallet,1,delivered,2026-01-04,4.0,,,
LT-101507,2025-12-31,United States,urban,Electronics,Vertex Ergonomic Mouse,1,20.44,20.44,digital_wallet,1,delivered,2026-01-03,3.0,,,
LT-102306,2025-12-31,Argentina,urban,Sports,SteelHydro 1L Thermal Bottle,2,16.46,32.92,bank_transfer,1,delivered,2026-01-02,2.0,,,
LT-101240,2025-12-31,Peru,urban,Home,Stackable Kitchen Organizer x3,1,15.35,15.35,digital_wallet,1,delivered,2026-01-03,3.0,2026-01-04,changed_mind,refunded
LT-100508,2025-12-31,Peru,extended_zone,Electronics,360 WiFi Security Camera,2,44.24,88.48,debit_card,1,delivered,2026-01-12,12.0,,,
LT-102584,2025-12-31,Mexico,capital,Electronics,Vertex Ergonomic Mouse,3,20.89,62.67,credit_card,6,delivered,2026-01-05,5.0,,,
LT-104210,2025-12-31,Canada,extended_zone,Electronics,Vertex Ergonomic Mouse,2,19.73,39.46,credit_card,1,delivered,2026-01-06,6.0,,,
LT-102626,2025-12-31,Mexico,capital,Electronics,Vertex Ergonomic Mouse,1,21.63,21.63,digital_wallet,1,delivered,2026-01-05,5.0,2026-01-08,changed_mind,under_review
LT-104002,2025-12-31,Peru,capital,Home,Stackable Kitchen Organizer x3,1,15.03,15.03,cash_on_delivery,1,delivered,2026-01-06,6.0,,,
LT-104099,2025-12-31,Colombia,urban,Accessories,Foldable Phone Stand,1,9.68,9.68,bank_transfer,1,delivered,2026-01-02,2.0,,,
LT-100203,2025-12-31,Argentina,extended_zone,Home,CompactChef 4L Air Fryer,1,75.33,75.33,credit_card,1,cancelled,,,,,
LT-104755,2026-01-01,United States,urban,Electronics,Kova K61 Mechanical Keyboard,1,55.54,55.54,digital_wallet,1,delivered,2026-01-03,2.0,2026-01-05,defective_product,rejected
LT-101315,2026-01-01,Colombia,extended_zone,Home,Stackable Kitchen Organizer x3,1,15.49,15.49,credit_card,3,delivered,2026-01-09,8.0,,,
LT-104005,2026-01-01,Chile,urban,Fashion,UrbanPack 25L Anti-theft Backpack,2,39.56,79.12,credit_card,1,delivered,2026-01-04,3.0,,,
LT-103334,2026-01-01,United States,capital,Electronics,Vertex Ergonomic Mouse,1,21.55,21.55,credit_card,1,delivered,2026-01-04,3.0,,,
LT-102966,2026-01-01,United States,urban,Beauty,Complete Skincare Routine Kit,1,36.28,36.28,credit_card,6,delivered,2026-01-04,3.0,,,
LT-102935,2026-01-01,United States,extended_zone,Fashion,UrbanPack 25L Anti-theft Backpack,1,35.93,35.93,debit_card,1,delivered,2026-01-13,12.0,,,
LT-103597,2026-01-01,United States,urban,Electronics,Vertex Ergonomic Mouse,2,20.32,40.64,bank_transfer,1,delivered,2026-01-04,3.0,2026-01-10,arrived_damaged,refunded
LT-101787,2026-01-01,Mexico,extended_zone,Beauty,CeramicPro Hair Straightener,1,36.87,36.87,credit_card,1,delivered,2026-01-09,8.0,,,
LT-104727,2026-01-01,Colombia,capital,Beauty,Complete Skincare Routine Kit,1,35.4,35.4,bank_transfer,1,delivered,2026-01-04,3.0,,,
LT-103284,2026-01-01,Peru,capital,Electronics,Vertex Ergonomic Mouse,1,22.39,22.39,credit_card,6,delivered,2026-01-05,4.0,2026-01-12,not_as_described,refunded
LT-100136,2026-01-01,Colombia,urban,Electronics,Boom Mini Bluetooth Speaker,1,30.17,30.17,credit_card,1,delivered,2026-01-03,2.0,,,
LT-104636,2026-01-01,Peru,urban,Electronics,Pulse S2 Smartwatch,1,83.53,83.53,credit_card,6,delivered,2026-01-05,4.0,,,
LT-103000,2026-01-01,Argentina,urban,Electronics,Pulse S2 Smartwatch,1,92.51,92.51,debit_card,1,delivered,2026-01-03,2.0,,,
LT-100436,2026-01-02,Mexico,urban,Electronics,Boom Mini Bluetooth Speaker,1,29.66,29.66,debit_card,1,delivered,2026-01-04,2.0,,,
LT-100743,2026-01-02,Peru,extended_zone,Electronics,Boom Mini Bluetooth Speaker,1,29.51,29.51,cash_on_delivery,1,delivered,2026-01-07,5.0,,,
LT-104686,2026-01-02,Peru,extended_zone,Home,CleanBot Lite Robot Vacuum,1,130.29,130.29,credit_card,6,delivered,2026-01-10,8.0,,,
LT-104914,2026-01-02,Mexico,urban,Electronics,360 WiFi Security Camera,1,49.09,49.09,digital_wallet,1,cancelled,,,,,
LT-103705,2026-01-02,Canada,extended_zone,Sports,Pro Non-slip Yoga Mat,1,19.53,19.53,debit_card,1,delivered,2026-01-07,5.0,,,
LT-102126,2026-01-02,Canada,extended_zone,Sports,SteelHydro 1L Thermal Bottle,1,16.71,16.71,debit_card,1,delivered,2026-01-08,6.0,2026-01-11,defective_product,refunded
LT-104314,2026-01-02,Peru,capital,Fashion,Strida Urban Sneakers,1,49.39,49.39,debit_card,1,delivered,2026-01-06,4.0,,,
LT-101851,2026-01-02,Colombia,urban,Electronics,Boom Mini Bluetooth Speaker,1,28.56,28.56,digital_wallet,1,delivered,2026-01-05,3.0,,,
LT-102959,2026-01-02,Canada,urban,Electronics,Pulse S2 Smartwatch,1,90.81,90.81,credit_card,1,delivered,2026-01-04,2.0,,,
LT-102955,2026-01-02,Peru,urban,Fashion,Strida Urban Sneakers,1,50.47,50.47,credit_card,1,delivered,2026-01-06,4.0,,,
LT-102493,2026-01-02,Colombia,capital,Electronics,Vertex Ergonomic Mouse,2,20.8,41.6,bank_transfer,1,delivered,2026-01-06,4.0,,,
LT-103141,2026-01-03,Peru,capital,Electronics,Pulse S2 Smartwatch,1,90.42,90.42,debit_card,1,cancelled,,,,,
LT-102420,2026-01-03,Mexico,extended_zone,Fashion,Strida Urban Sneakers,2,52.57,105.14,credit_card,6,delivered,2026-01-08,5.0,,,
LT-101317,2026-01-03,Canada,capital,Home,Stackable Kitchen Organizer x3,1,15.59,15.59,debit_card,1,delivered,2026-01-09,6.0,,,
LT-101934,2026-01-03,Chile,capital,Electronics,Kova K61 Mechanical Keyboard,1,56.1,56.1,debit_card,1,delivered,2026-01-09,6.0,,,
LT-101876,2026-01-03,Canada,urban,Fashion,UrbanPack 25L Anti-theft Backpack,2,39.02,78.04,debit_card,1,delivered,2026-01-07,4.0,,,
LT-104068,2026-01-03,Peru,capital,Electronics,360 WiFi Security Camera,1,46.29,46.29,digital_wallet,1,delivered,2026-01-08,5.0,,,
LT-103280,2026-01-03,Canada,capital,Electronics,65W Fast Charger,1,23.52,23.52,credit_card,6,delivered,2026-01-06,3.0,,,
LT-103402,2026-01-03,Colombia,urban,Electronics,Kova K61 Mechanical Keyboard,1,54.63,54.63,digital_wallet,1,delivered,2026-01-05,2.0,,,
LT-101389,2026-01-03,Colombia,urban,Electronics,65W Fast Charger,1,23.72,23.72,digital_wallet,1,delivered,2026-01-05,2.0,,,
LT-103455,2026-01-03,Mexico,capital,Electronics,Boom Mini Bluetooth Speaker,1,30.64,30.64,debit_card,1,cancelled,,,,,
LT-101178,2026-01-03,Chile,urban,Electronics,Boom Mini Bluetooth Speaker,1,30.25,30.25,debit_card,1,delivered,2026-01-06,3.0,,,
LT-104406,2026-01-03,United States,urban,Beauty,AirStyle Ionic Hair Dryer,1,45.6,45.6,credit_card,12,delivered,2026-01-07,4.0,,,
LT-102435,2026-01-03,Mexico,capital,Accessories,Foldable Phone Stand,3,9.54,28.62,cash_on_delivery,1,cancelled,,,,,
LT-103663,2026-01-04,United States,extended_zone,Electronics,Pulse S2 Smartwatch,1,92.27,92.27,digital_wallet,1,delivered,2026-01-15,11.0,,,
LT-100895,2026-01-04,United States,capital,Accessories,14'' Hard Laptop Case,1,17.58,17.58,debit_card,1,delivered,2026-01-10,6.0,,,
LT-104297,2026-01-04,Colombia,urban,Electronics,Vertex Ergonomic Mouse,1,21.67,21.67,credit_card,1,delivered,2026-01-07,3.0,2026-01-08,not_as_described,refunded
LT-104074,2026-01-04,Chile,extended_zone,Electronics,Kova K61 Mechanical Keyboard,1,55.24,55.24,bank_transfer,1,delivered,2026-01-13,9.0,,,
LT-103217,2026-01-04,Colombia,capital,Home,Premium Queen Bedsheet Set,1,42.29,42.29,cash_on_delivery,1,delivered,2026-01-07,3.0,,,
LT-101689,2026-01-04,Mexico,capital,Accessories,Interchangeable Watch Strap,1,8.04,8.04,digital_wallet,1,delivered,2026-01-08,4.0,,,
LT-104024,2026-01-04,Argentina,extended_zone,Home,Stackable Kitchen Organizer x3,1,15.44,15.44,cash_on_delivery,1,delivered,2026-01-09,5.0,,,
LT-102362,2026-01-05,Chile,urban,Home,Stackable Kitchen Organizer x3,3,16.66,49.98,debit_card,1,delivered,2026-01-07,2.0,2026-01-09,wrong_size_or_model,refunded
LT-102159,2026-01-05,Argentina,urban,Sports,Resistance Bands Set x5,1,13.12,13.12,debit_card,1,delivered,2026-01-08,3.0,2026-01-10,not_as_described,under_review
LT-100034,2026-01-05,Peru,urban,Electronics,Boom Mini Bluetooth Speaker,1,31.23,31.23,bank_transfer,1,delivered,2026-01-09,4.0,,,
LT-102775,2026-01-05,United States,urban,Home,Flex LED Desk Lamp,1,18.03,18.03,cash_on_delivery,1,delivered,2026-01-08,3.0,,,
LT-102973,2026-01-05,Colombia,extended_zone,Electronics,Nova Wireless Earbuds,3,40.29,120.87,credit_card,1,delivered,2026-01-13,8.0,,,
LT-100669,2026-01-05,Canada,urban,Electronics,65W Fast Charger,2,24.98,49.96,credit_card,1,delivered,2026-01-09,4.0,2026-01-24,not_as_described,refunded
LT-101261,2026-01-05,Mexico,urban,Sports,Pro Non-slip Yoga Mat,1,20.23,20.23,bank_transfer,1,delivered,2026-01-08,3.0,,,
LT-102940,2026-01-06,Colombia,urban,Home,CompactChef 4L Air Fryer,1,77.94,77.94,cash_on_delivery,1,delivered,2026-01-09,3.0,,,
LT-104261,2026-01-06,Mexico,capital,Electronics,Boom Mini Bluetooth Speaker,1,29.78,29.78,cash_on_delivery,1,delivered,2026-01-12,6.0,,,
LT-102225,2026-01-06,Argentina,capital,Electronics,Nova Wireless Earbuds,2,37.21,74.42,bank_transfer,1,delivered,2026-01-09,3.0,,,
LT-100851,2026-01-06,United States,capital,Electronics,360 WiFi Security Camera,2,44.67,89.34,bank_transfer,1,delivered,2026-01-12,6.0,,,
LT-101795,2026-01-06,Colombia,urban,Fashion,TrailFit Waterproof Jacket,1,63.97,63.97,credit_card,3,delivered,2026-01-09,3.0,,,
LT-101309,2026-01-06,Mexico,capital,Fashion,UrbanPack 25L Anti-theft Backpack,1,36.13,36.13,debit_card,1,delivered,2026-01-09,3.0,,,
LT-103328,2026-01-06,United States,capital,Fashion,Strida Urban Sneakers,1,53.32,53.32,credit_card,6,delivered,2026-01-10,4.0,,,
LT-103444,2026-01-06,Argentina,urban,Beauty,Complete Skincare Routine Kit,1,36.18,36.18,debit_card,1,delivered,2026-01-09,3.0,,,
LT-104361,2026-01-06,Argentina,capital,Electronics,Nova Wireless Earbuds,2,37.67,75.34,bank_transfer,1,delivered,2026-01-11,5.0,,,
LT-103665,2026-01-07,Canada,urban,Home,Stackable Kitchen Organizer x3,2,15.04,30.08,debit_card,1,delivered,2026-01-09,2.0,,,
LT-104407,2026-01-07,Peru,capital,Fashion,Strida Urban Sneakers,1,49.48,49.48,bank_transfer,1,delivered,2026-01-12,5.0,,,
LT-100891,2026-01-07,United States,capital,Electronics,Pulse S2 Smartwatch,1,89.56,89.56,credit_card,6,delivered,2026-01-10,3.0,,,
LT-102248,2026-01-07,Argentina,urban,Electronics,Boom Mini Bluetooth Speaker,1,31.54,31.54,credit_card,12,delivered,2026-01-09,2.0,,,
LT-100199,2026-01-07,United States,extended_zone,Electronics,Kova K61 Mechanical Keyboard,1,56.14,56.14,cash_on_delivery,1,delivered,2026-01-12,5.0,,,
LT-104877,2026-01-07,Canada,capital,Fashion,UrbanPack 25L Anti-theft Backpack,1,37.97,37.97,digital_wallet,1,delivered,2026-01-12,5.0,,,
LT-100513,2026-01-07,Argentina,capital,Electronics,360 WiFi Security Camera,1,46.06,46.06,cash_on_delivery,1,delivered,2026-01-12,5.0,,,
LT-100643,2026-01-07,Colombia,capital,Fashion,TrailFit Waterproof Jacket,1,66.41,66.41,digital_wallet,1,delivered,2026-01-12,5.0,2026-01-18,arrived_damaged,refunded
LT-102147,2026-01-07,United States,urban,Electronics,Pulse S2 Smartwatch,1,85.83,85.83,credit_card,1,delivered,2026-01-09,2.0,,,
LT-101273,2026-01-07,Colombia,urban,Electronics,Kova K61 Mechanical Keyboard,1,52.76,52.76,credit_card,6,delivered,2026-01-10,3.0,,,
LT-103641,2026-01-07,United States,capital,Fashion,Pima Cotton Basic Tee (2-pack),2,21.46,42.92,debit_card,1,delivered,2026-01-13,6.0,,,
LT-104630,2026-01-08,Canada,extended_zone,Electronics,Boom Mini Bluetooth Speaker,3,27.66,82.98,credit_card,6,delivered,2026-01-18,10.0,,,
LT-103927,2026-01-08,Argentina,urban,Electronics,Nova Wireless Earbuds,1,39.49,39.49,bank_transfer,1,delivered,2026-01-11,3.0,,,
LT-104845,2026-01-08,Colombia,capital,Electronics,Nova Wireless Earbuds,1,39.51,39.51,credit_card,3,delivered,2026-01-13,5.0,,,
LT-103889,2026-01-08,United States,urban,Home,Premium Queen Bedsheet Set,1,41.47,41.47,digital_wallet,1,delivered,2026-01-11,3.0,2026-01-15,not_as_described,refunded
LT-103766,2026-01-08,Peru,extended_zone,Home,CleanBot Lite Robot Vacuum,1,122.88,122.88,digital_wallet,1,delivered,2026-01-14,6.0,,,
LT-100037,2026-01-08,Peru,urban,Sports,Resistance Bands Set x5,1,13.52,13.52,credit_card,1,delivered,2026-01-10,2.0,,,
LT-104147,2026-01-08,Peru,urban,Electronics,65W Fast Charger,2,25.58,51.16,bank_transfer,1,delivered,2026-01-12,4.0,,,
LT-100218,2026-01-08,Colombia,urban,Home,Flex LED Desk Lamp,2,17.95,35.9,cash_on_delivery,1,delivered,2026-01-12,4.0,,,
LT-100761,2026-01-08,Canada,urban,Electronics,65W Fast Charger,3,23.83,71.49,bank_transfer,1,delivered,2026-01-12,4.0,,,
LT-100940,2026-01-08,United States,capital,Home,Premium Queen Bedsheet Set,1,44.49,44.49,bank_transfer,1,delivered,2026-01-13,5.0,,,
LT-102507,2026-01-09,Canada,capital,Beauty,CeramicPro Hair Straightener,1,39.45,39.45,debit_card,1,delivered,2026-01-12,3.0,,,
LT-101066,2026-01-09,Colombia,extended_zone,Electronics,Pulse S2 Smartwatch,2,83.9,167.8,credit_card,1,delivered,2026-01-19,10.0,,,
LT-103797,2026-01-09,Argentina,urban,Electronics,Vertex Ergonomic Mouse,1,21.38,21.38,digital_wallet,1,delivered,2026-01-11,2.0,,,
LT-101813,2026-01-09,Argentina,urban,Electronics,Nova Wireless Earbuds,1,38.11,38.11,debit_card,1,delivered,2026-01-13,4.0,,,
LT-103335,2026-01-09,Chile,urban,Electronics,65W Fast Charger,3,24.12,72.36,credit_card,12,delivered,2026-01-13,4.0,,,
LT-102019,2026-01-09,Peru,urban,Fashion,TrailFit Waterproof Jacket,1,62.96,62.96,debit_card,1,cancelled,,,,,
LT-100835,2026-01-09,Mexico,extended_zone,Electronics,360 WiFi Security Camera,3,45.31,135.93,debit_card,1,delivered,2026-01-17,8.0,2026-01-21,wrong_size_or_model,refunded
LT-104854,2026-01-09,United States,capital,Fashion,Pima Cotton Basic Tee (2-pack),2,23.02,46.04,debit_card,1,delivered,2026-01-15,6.0,,,
LT-102010,2026-01-09,Colombia,urban,Fashion,UrbanPack 25L Anti-theft Backpack,3,39.82,119.46,credit_card,3,delivered,2026-01-13,4.0,,,
LT-103473,2026-01-10,Peru,extended_zone,Electronics,Nova Wireless Earbuds,1,39.43,39.43,digital_wallet,1,delivered,2026-01-20,10.0,2026-01-29,changed_mind,refunded
LT-102076,2026-01-10,Colombia,urban,Electronics,Boom Mini Bluetooth Speaker,2,29.91,59.82,credit_card,12,delivered,2026-01-12,2.0,,,
LT-100029,2026-01-10,Colombia,extended_zone,Electronics,Vertex Ergonomic Mouse,1,19.73,19.73,bank_transfer,1,delivered,2026-01-16,6.0,,,
LT-100798,2026-01-10,Canada,extended_zone,Fashion,TrailFit Waterproof Jacket,2,61.75,123.5,debit_card,1,delivered,2026-01-17,7.0,2026-01-22,changed_mind,refunded
LT-102536,2026-01-10,Peru,capital,Home,Stackable Kitchen Organizer x3,1,15.9,15.9,debit_card,1,delivered,2026-01-16,6.0,,,
LT-101203,2026-01-10,United States,urban,Home,Premium Queen Bedsheet Set,1,42.44,42.44,credit_card,1,delivered,2026-01-12,2.0,2026-01-19,wrong_size_or_model,refunded
LT-104847,2026-01-10,Mexico,urban,Electronics,Boom Mini Bluetooth Speaker,1,30.27,30.27,digital_wallet,1,cancelled,,,,,
LT-100085,2026-01-10,Mexico,extended_zone,Electronics,360 WiFi Security Camera,1,45.89,45.89,digital_wallet,1,delivered,2026-01-18,8.0,,,
LT-103674,2026-01-10,Argentina,capital,Fashion,TrailFit Waterproof Jacket,1,66.82,66.82,digital_wallet,1,delivered,2026-01-15,5.0,2026-01-27,not_as_described,rejected
LT-104739,2026-01-10,Mexico,urban,Electronics,Boom Mini Bluetooth Speaker,1,31.47,31.47,credit_card,1,delivered,2026-01-13,3.0,,,
LT-101388,2026-01-10,Mexico,urban,Home,Flex LED Desk Lamp,1,19.39,19.39,credit_card,3,delivered,2026-01-14,4.0,,,
LT-103243,2026-01-10,Argentina,extended_zone,Electronics,Vertex Ergonomic Mouse,1,19.77,19.77,credit_card,1,delivered,2026-01-19,9.0,,,
LT-100205,2026-01-10,Colombia,urban,Electronics,65W Fast Charger,2,24.29,48.58,credit_card,3,delivered,2026-01-12,2.0,,,
LT-103296,2026-01-11,Mexico,urban,Electronics,Kova K61 Mechanical Keyboard,1,57.74,57.74,debit_card,1,delivered,2026-01-13,2.0,,,
LT-102440,2026-01-11,Colombia,extended_zone,Electronics,Boom Mini Bluetooth Speaker,2,28.54,57.08,digital_wallet,1,delivered,2026-01-19,8.0,2026-02-03,not_as_described,under_review
LT-102378,2026-01-11,Argentina,urban,Home,Flex LED Desk Lamp,1,17.9,17.9,digital_wallet,1,delivered,2026-01-13,2.0,2026-01-15,changed_mind,rejected
LT-101048,2026-01-11,Peru,capital,Electronics,Nova Wireless Earbuds,1,41.29,41.29,digital_wallet,1,delivered,2026-01-14,3.0,,,
LT-104346,2026-01-11,Mexico,capital,Home,Premium Queen Bedsheet Set,1,39.13,39.13,credit_card,12,delivered,2026-01-15,4.0,,,
LT-101454,2026-01-11,United States,capital,Fashion,Strida Urban Sneakers,2,49.88,99.76,credit_card,1,delivered,2026-01-17,6.0,,,
LT-100101,2026-01-11,Colombia,urban,Sports,SteelHydro 1L Thermal Bottle,1,15.8,15.8,digital_wallet,1,delivered,2026-01-15,4.0,,,
LT-103423,2026-01-11,Argentina,extended_zone,Beauty,CeramicPro Hair Straightener,1,37.68,37.68,bank_transfer,1,delivered,2026-01-17,6.0,,,
LT-102522,2026-01-12,Peru,urban,Electronics,Nova Wireless Earbuds,2,42.42,84.84,credit_card,6,delivered,2026-01-15,3.0,,,
LT-101504,2026-01-12,Chile,capital,Electronics,360 WiFi Security Camera,1,49.35,49.35,digital_wallet,1,delivered,2026-01-18,6.0,,,
LT-104049,2026-01-12,Mexico,capital,Electronics,65W Fast Charger,1,25.42,25.42,digital_wallet,1,delivered,2026-01-15,3.0,,,
LT-103223,2026-01-12,United States,urban,Electronics,Kova K61 Mechanical Keyboard,2,55.63,111.26,cash_on_delivery,1,delivered,2026-01-15,3.0,,,
LT-100785,2026-01-12,Chile,capital,Electronics,Vertex Ergonomic Mouse,1,19.64,19.64,credit_card,1,delivered,2026-01-15,3.0,,,
LT-101251,2026-01-12,Chile,urban,Electronics,65W Fast Charger,1,24.84,24.84,credit_card,6,delivered,2026-01-14,2.0,,,
LT-102177,2026-01-12,United States,urban,Electronics,Boom Mini Bluetooth Speaker,1,28.83,28.83,digital_wallet,1,delivered,2026-01-16,4.0,,,
LT-101885,2026-01-12,Mexico,capital,Accessories,14'' Hard Laptop Case,1,18.55,18.55,debit_card,1,cancelled,,,,,
LT-104293,2026-01-12,Mexico,capital,Electronics,Vertex Ergonomic Mouse,3,20.12,60.36,debit_card,1,delivered,2026-01-16,4.0,,,
LT-100352,2026-01-12,Canada,capital,Electronics,Kova K61 Mechanical Keyboard,1,51.8,51.8,debit_card,1,delivered,2026-01-18,6.0,,,
LT-103264,2026-01-13,Peru,capital,Home,Premium Queen Bedsheet Set,2,43.64,87.28,bank_transfer,1,delivered,2026-01-19,6.0,2026-01-21,defective_product,rejected
LT-104497,2026-01-13,Mexico,extended_zone,Fashion,Strida Urban Sneakers,1,51.6,51.6,credit_card,1,delivered,2026-01-24,11.0,,,
LT-100115,2026-01-13,Argentina,extended_zone,Fashion,UrbanPack 25L Anti-theft Backpack,1,39.37,39.37,bank_transfer,1,delivered,2026-01-21,8.0,,,
LT-100646,2026-01-13,Mexico,capital,Electronics,Pulse S2 Smartwatch,1,83.74,83.74,credit_card,12,delivered,2026-01-16,3.0,2026-01-17,wrong_size_or_model,refunded
LT-101543,2026-01-13,Argentina,urban,Electronics,Vertex Ergonomic Mouse,1,20.64,20.64,cash_on_delivery,1,delivered,2026-01-16,3.0,2026-01-22,defective_product,under_review
LT-100125,2026-01-13,United States,capital,Electronics,Nova Wireless Earbuds,1,41.43,41.43,bank_transfer,1,delivered,2026-01-19,6.0,2026-01-26,arrived_damaged,refunded
LT-100530,2026-01-13,Peru,urban,Fashion,UrbanPack 25L Anti-theft Backpack,1,37.18,37.18,bank_transfer,1,delivered,2026-01-17,4.0,,,
LT-100106,2026-01-13,Colombia,capital,Electronics,Pulse S2 Smartwatch,1,91.97,91.97,cash_on_delivery,1,delivered,2026-01-19,6.0,,,
LT-104589,2026-01-13,Canada,extended_zone,Fashion,UrbanPack 25L Anti-theft Backpack,1,40.54,40.54,cash_on_delivery,1,delivered,2026-01-23,10.0,,,
LT-102236,2026-01-13,Peru,urban,Home,CompactChef 4L Air Fryer,1,75.09,75.09,debit_card,1,delivered,2026-01-17,4.0,,,
LT-100256,2026-01-14,Colombia,urban,Electronics,360 WiFi Security Camera,1,45.48,45.48,debit_card,1,delivered,2026-01-16,2.0,,,
LT-101172,2026-01-14,Mexico,urban,Electronics,Kova K61 Mechanical Keyboard,2,57.11,114.22,debit_card,1,delivered,2026-01-16,2.0,,,
LT-103168,2026-01-14,Canada,extended_zone,Home,CompactChef 4L Air Fryer,3,74.13,222.39,debit_card,1,delivered,2026-01-24,10.0,,,
LT-104700,2026-01-14,Mexico,urban,Sports,Resistance Bands Set x5,2,13.49,26.98,credit_card,1,delivered,2026-01-17,3.0,,,
LT-100565,2026-01-14,United States,urban,Accessories,Interchangeable Watch Strap,1,8.09,8.09,debit_card,1,delivered,2026-01-17,3.0,,,
LT-103446,2026-01-14,Colombia,urban,Home,Stackable Kitchen Organizer x3,1,16.29,16.29,cash_on_delivery,1,delivered,2026-01-17,3.0,,,
LT-100807,2026-01-14,United States,urban,Fashion,TrailFit Waterproof Jacket,1,64.63,64.63,debit_card,1,cancelled,,,,,
LT-100677,2026-01-14,United States,capital,Electronics,360 WiFi Security Camera,1,49.09,49.09,credit_card,3,delivered,2026-01-18,4.0,,,
LT-100320,2026-01-14,Argentina,extended_zone,Electronics,65W Fast Charger,1,26.29,26.29,credit_card,3,delivered,2026-01-24,10.0,,,
LT-102937,2026-01-14,Peru,urban,Sports,Resistance Bands Set x5,1,13.75,13.75,digital_wallet,1,delivered,2026-01-18,4.0,,,
LT-101660,2026-01-14,Colombia,extended_zone,Fashion,Andino Slim Fit Jeans,1,33.03,33.03,digital_wallet,1,delivered,2026-01-25,11.0,,,
LT-102899,2026-01-14,United States,urban,Fashion,Pima Cotton Basic Tee (2-pack),1,22.27,22.27,bank_transfer,1,delivered,2026-01-16,2.0,,,
LT-102428,2026-01-14,Colombia,urban,Fashion,Andino Slim Fit Jeans,1,33.73,33.73,credit_card,1,delivered,2026-01-16,2.0,,,
LT-100461,2026-01-14,Chile,urban,Sports,SteelHydro 1L Thermal Bottle,1,16.35,16.35,bank_transfer,1,delivered,2026-01-16,2.0,,,
LT-103358,2026-01-14,Argentina,urban,Home,Premium Queen Bedsheet Set,2,44.82,89.64,debit_card,1,delivered,2026-01-17,3.0,,,
LT-102902,2026-01-14,Peru,urban,Electronics,Nova Wireless Earbuds,2,42.51,85.02,credit_card,1,delivered,2026-01-17,3.0,,,
LT-102417,2026-01-14,Chile,urban,Electronics,Nova Wireless Earbuds,1,38.75,38.75,digital_wallet,1,delivered,2026-01-18,4.0,2026-01-22,not_as_described,refunded
LT-100775,2026-01-15,Mexico,urban,Home,CompactChef 4L Air Fryer,2,75.31,150.62,debit_card,1,delivered,2026-01-17,2.0,,,
LT-102404,2026-01-15,Argentina,urban,Home,Premium Queen Bedsheet Set,2,43.79,87.58,credit_card,1,delivered,2026-01-19,4.0,,,
LT-101695,2026-01-15,Argentina,extended_zone,Fashion,TrailFit Waterproof Jacket,3,61.24,183.72,digital_wallet,1,cancelled,,,,,
LT-101890,2026-01-15,Colombia,capital,Home,Premium Queen Bedsheet Set,1,43.75,43.75,credit_card,1,delivered,2026-01-18,3.0,,,
LT-104781,2026-01-15,Chile,urban,Electronics,Vertex Ergonomic Mouse,2,20.21,40.42,digital_wallet,1,delivered,2026-01-18,3.0,,,
LT-102839,2026-01-15,Chile,capital,Home,CompactChef 4L Air Fryer,1,73.34,73.34,credit_card,1,delivered,2026-01-20,5.0,,,
LT-100183,2026-01-16,Colombia,extended_zone,Fashion,Pima Cotton Basic Tee (2-pack),1,23.04,23.04,debit_card,1,delivered,2026-01-23,7.0,,,
LT-103164,2026-01-16,Mexico,urban,Electronics,Pulse S2 Smartwatch,1,84.89,84.89,credit_card,6,delivered,2026-01-18,2.0,,,
LT-103355,2026-01-16,Colombia,extended_zone,Sports,Resistance Bands Set x5,2,14.58,29.16,credit_card,3,delivered,2026-01-24,8.0,,,
LT-102704,2026-01-16,Mexico,capital,Electronics,Vertex Ergonomic Mouse,1,21.07,21.07,digital_wallet,1,delivered,2026-01-19,3.0,,,
LT-103986,2026-01-16,Colombia,extended_zone,Electronics,Kova K61 Mechanical Keyboard,1,51.3,51.3,debit_card,1,delivered,2026-01-22,6.0,2026-01-28,wrong_size_or_model,rejected
LT-104791,2026-01-16,United States,urban,Sports,Resistance Bands Set x5,3,14.53,43.59,digital_wallet,1,delivered,2026-01-19,3.0,,,
LT-103123,2026-01-16,Chile,capital,Home,CompactChef 4L Air Fryer,1,71.4,71.4,credit_card,3,delivered,2026-01-20,4.0,,,
LT-102655,2026-01-16,Canada,urban,Electronics,Nova Wireless Earbuds,1,40.23,40.23,bank_transfer,1,cancelled,,,,,
LT-102640,2026-01-16,Chile,urban,Beauty,AirStyle Ionic Hair Dryer,1,45.97,45.97,debit_card,1,cancelled,,,,,
LT-102817,2026-01-16,Colombia,urban,Sports,SteelHydro 1L Thermal Bottle,3,15.99,47.97,bank_transfer,1,delivered,2026-01-18,2.0,,,
LT-102166,2026-01-16,Mexico,capital,Home,Flex LED Desk Lamp,1,17.97,17.97,digital_wallet,1,cancelled,,,,,
LT-102366,2026-01-16,United States,urban,Home,Flex LED Desk Lamp,1,18.08,18.08,digital_wallet,1,delivered,2026-01-18,2.0,,,
LT-100900,2026-01-17,Chile,urban,Accessories,14'' Hard Laptop Case,1,17.38,17.38,debit_card,1,delivered,2026-01-19,2.0,2026-01-26,defective_product,rejected
LT-104693,2026-01-17,Chile,capital,Home,Premium Queen Bedsheet Set,1,42.58,42.58,digital_wallet,1,delivered,2026-01-22,5.0,,,
LT-104689,2026-01-17,United States,capital,Electronics,Vertex Ergonomic Mouse,2,22.08,44.16,debit_card,1,delivered,2026-01-23,6.0,,,
LT-103407,2026-01-17,Peru,urban,Electronics,Boom Mini Bluetooth Speaker,1,29.43,29.43,digital_wallet,1,delivered,2026-01-19,2.0,,,
LT-100216,2026-01-17,Argentina,extended_zone,Fashion,Pima Cotton Basic Tee (2-pack),2,21.34,42.68,debit_card,1,delivered,2026-01-29,12.0,,,
LT-103880,2026-01-17,Chile,capital,Home,Premium Queen Bedsheet Set,1,44.64,44.64,debit_card,1,delivered,2026-01-21,4.0,,,
LT-100744,2026-01-17,Colombia,extended_zone,Accessories,Foldable Phone Stand,2,9.92,19.84,credit_card,1,delivered,2026-01-29,12.0,,,
LT-102787,2026-01-17,Canada,urban,Sports,SteelHydro 1L Thermal Bottle,1,15.35,15.35,debit_card,1,delivered,2026-01-19,2.0,,,
LT-101299,2026-01-18,Canada,urban,Accessories,14'' Hard Laptop Case,1,16.46,16.46,debit_card,1,delivered,2026-01-22,4.0,2026-01-25,defective_product,under_review
LT-104269,2026-01-18,Mexico,urban,Electronics,Vertex Ergonomic Mouse,1,19.83,19.83,digital_wallet,1,delivered,2026-01-21,3.0,,,
LT-104946,2026-01-18,Chile,urban,Home,Stackable Kitchen Organizer x3,1,15.63,15.63,digital_wallet,1,delivered,2026-01-21,3.0,,,
LT-101770,2026-01-18,Argentina,urban,Fashion,Strida Urban Sneakers,1,53.13,53.13,debit_card,1,delivered,2026-01-20,2.0,,,
LT-100983,2026-01-18,Mexico,capital,Home,Premium Queen Bedsheet Set,1,41.22,41.22,debit_card,1,delivered,2026-01-22,4.0,,,
LT-102349,2026-01-18,Peru,capital,Sports,Resistance Bands Set x5,1,14.06,14.06,digital_wallet,1,delivered,2026-01-24,6.0,,,
LT-103403,2026-01-18,United States,urban,Fashion,Pima Cotton Basic Tee (2-pack),1,21.08,21.08,bank_transfer,1,delivered,2026-01-21,3.0,,,
LT-101768,2026-01-18,Chile,capital,Electronics,Pulse S2 Smartwatch,1,94.89,94.89,credit_card,3,delivered,2026-01-22,4.0,,,
LT-100803,2026-01-19,Mexico,extended_zone,Fashion,Strida Urban Sneakers,1,47.77,47.77,digital_wallet,1,delivered,2026-01-31,12.0,,,
LT-103060,2026-01-19,Colombia,capital,Electronics,Boom Mini Bluetooth Speaker,1,27.45,27.45,credit_card,6,delivered,2026-01-23,4.0,,,
LT-103606,2026-01-19,United States,urban,Fashion,Pima Cotton Basic Tee (2-pack),1,21.52,21.52,digital_wallet,1,cancelled,,,,,
LT-100092,2026-01-19,United States,capital,Electronics,Vertex Ergonomic Mouse,1,21.34,21.34,credit_card,3,delivered,2026-01-23,4.0,,,
LT-101278,2026-01-19,Mexico,capital,Electronics,Nova Wireless Earbuds,1,41.89,41.89,bank_transfer,1,delivered,2026-01-24,5.0,,,
LT-102163,2026-01-19,Colombia,urban,Electronics,Boom Mini Bluetooth Speaker,1,31.51,31.51,cash_on_delivery,1,delivered,2026-01-21,2.0,,,
LT-101727,2026-01-19,Peru,capital,Electronics,65W Fast Charger,3,24.38,73.14,credit_card,6,delivered,2026-01-24,5.0,,,
LT-100467,2026-01-19,Peru,urban,Electronics,Vertex Ergonomic Mouse,1,20.33,20.33,credit_card,12,delivered,2026-01-23,4.0,,,
LT-100325,2026-01-19,Mexico,urban,Home,CleanBot Lite Robot Vacuum,1,137.94,137.94,credit_card,1,delivered,2026-01-21,2.0,,,
LT-101417,2026-01-19,Mexico,urban,Fashion,TrailFit Waterproof Jacket,2,65.44,130.88,bank_transfer,1,delivered,2026-01-23,4.0,2026-01-25,wrong_size_or_model,rejected
LT-104265,2026-01-19,Colombia,urban,Electronics,Boom Mini Bluetooth Speaker,1,29.18,29.18,cash_on_delivery,1,delivered,2026-01-23,4.0,,,
LT-103784,2026-01-19,Colombia,urban,Home,Flex LED Desk Lamp,2,17.33,34.66,bank_transfer,1,delivered,2026-01-23,4.0,,,
LT-104501,2026-01-19,Colombia,capital,Home,Premium Queen Bedsheet Set,2,42.45,84.9,debit_card,1,delivered,2026-01-25,6.0,,,
LT-100454,2026-01-19,Peru,capital,Beauty,Complete Skincare Routine Kit,1,35.9,35.9,cash_on_delivery,1,delivered,2026-01-25,6.0,,,
LT-104088,2026-01-19,Mexico,capital,Electronics,Vertex Ergonomic Mouse,1,22.34,22.34,credit_card,1,cancelled,,,,,
LT-102371,2026-01-19,Chile,capital,Beauty,Complete Skincare Routine Kit,1,33.91,33.91,credit_card,3,delivered,2026-01-24,5.0,,,
LT-101184,2026-01-20,Peru,capital,Fashion,Pima Cotton Basic Tee (2-pack),3,21.49,64.47,credit_card,1,delivered,2026-01-23,3.0,,,
LT-102310,2026-01-20,Argentina,capital,Sports,SteelHydro 1L Thermal Bottle,1,17.59,17.59,debit_card,1,delivered,2026-01-23,3.0,,,
LT-103509,2026-01-20,Mexico,urban,Home,CompactChef 4L Air Fryer,1,72.76,72.76,digital_wallet,1,delivered,2026-01-24,4.0,,,
LT-104540,2026-01-20,Colombia,capital,Electronics,Pulse S2 Smartwatch,1,85.75,85.75,credit_card,1,delivered,2026-01-26,6.0,,,
LT-101189,2026-01-20,Peru,extended_zone,Electronics,Nova Wireless Earbuds,1,42.1,42.1,credit_card,1,delivered,2026-01-31,11.0,,,
LT-101173,2026-01-20,Chile,urban,Home,Flex LED Desk Lamp,1,18.82,18.82,digital_wallet,1,delivered,2026-01-24,4.0,,,
LT-104186,2026-01-20,Mexico,capital,Sports,SteelHydro 1L Thermal Bottle,1,16.19,16.19,digital_wallet,1,delivered,2026-01-23,3.0,,,
LT-102646,2026-01-20,United States,urban,Electronics,65W Fast Charger,1,26.48,26.48,debit_card,1,delivered,2026-01-24,4.0,,,
LT-100331,2026-01-21,Mexico,urban,Fashion,Andino Slim Fit Jeans,1,32.98,32.98,digital_wallet,1,delivered,2026-01-23,2.0,,,
LT-104278,2026-01-21,Canada,urban,Home,Stackable Kitchen Organizer x3,1,15.97,15.97,credit_card,1,cancelled,,,,,
LT-102468,2026-01-21,United States,urban,Electronics,Vertex Ergonomic Mouse,1,21.8,21.8,debit_card,1,delivered,2026-01-24,3.0,,,
LT-103032,2026-01-21,Colombia,urban,Electronics,Vertex Ergonomic Mouse,1,20.8,20.8,cash_on_delivery,1,delivered,2026-01-24,3.0,,,
LT-103513,2026-01-21,Chile,urban,Electronics,Vertex Ergonomic Mouse,1,20.74,20.74,debit_card,1,delivered,2026-01-24,3.0,,,
LT-102789,2026-01-21,Colombia,urban,Home,Premium Queen Bedsheet Set,1,42.07,42.07,debit_card,1,delivered,2026-01-24,3.0,,,
LT-100245,2026-01-21,Mexico,urban,Accessories,14'' Hard Laptop Case,1,16.96,16.96,credit_card,12,delivered,2026-01-25,4.0,,,
LT-101928,2026-01-22,United States,extended_zone,Electronics,65W Fast Charger,1,24.88,24.88,debit_card,1,delivered,2026-01-27,5.0,,,
LT-102691,2026-01-22,Colombia,urban,Fashion,TrailFit Waterproof Jacket,1,68.45,68.45,cash_on_delivery,1,delivered,2026-01-26,4.0,,,
LT-101288,2026-01-22,Colombia,capital,Sports,Resistance Bands Set x5,1,14.02,14.02,digital_wallet,1,delivered,2026-01-26,4.0,,,
LT-103649,2026-01-22,Canada,urban,Fashion,UrbanPack 25L Anti-theft Backpack,1,37.36,37.36,bank_transfer,1,delivered,2026-01-24,2.0,2026-01-27,defective_product,refunded
LT-103903,2026-01-22,Peru,extended_zone,Electronics,Nova Wireless Earbuds,1,40.73,40.73,bank_transfer,1,delivered,2026-01-31,9.0,,,
LT-100630,2026-01-22,United States,urban,Electronics,65W Fast Charger,2,26.4,52.8,cash_on_delivery,1,delivered,2026-01-24,2.0,2026-01-25,not_as_described,refunded
LT-104966,2026-01-22,United States,capital,Fashion,Strida Urban Sneakers,1,49.25,49.25,cash_on_delivery,1,delivered,2026-01-26,4.0,2026-02-02,changed_mind,under_review
LT-104482,2026-01-22,United States,capital,Accessories,14'' Hard Laptop Case,1,17.17,17.17,debit_card,1,delivered,2026-01-25,3.0,,,
LT-103782,2026-01-22,Peru,urban,Electronics,360 WiFi Security Camera,1,50.7,50.7,bank_transfer,1,delivered,2026-01-25,3.0,,,
LT-104377,2026-01-22,Mexico,capital,Fashion,UrbanPack 25L Anti-theft Backpack,1,38.91,38.91,debit_card,1,delivered,2026-01-28,6.0,,,
LT-104429,2026-01-22,United States,capital,Electronics,Boom Mini Bluetooth Speaker,1,27.99,27.99,debit_card,1,delivered,2026-01-25,3.0,,,
LT-102904,2026-01-22,Peru,urban,Electronics,Kova K61 Mechanical Keyboard,2,55.69,111.38,digital_wallet,1,delivered,2026-01-26,4.0,,,
LT-104126,2026-01-23,Argentina,extended_zone,Electronics,65W Fast Charger,1,25.98,25.98,credit_card,3,delivered,2026-02-04,12.0,,,
LT-101264,2026-01-23,United States,capital,Electronics,Vertex Ergonomic Mouse,1,22.35,22.35,digital_wallet,1,cancelled,,,,,
LT-104396,2026-01-23,Peru,urban,Electronics,Boom Mini Bluetooth Speaker,1,28.46,28.46,debit_card,1,delivered,2026-01-26,3.0,,,
LT-102064,2026-01-23,Chile,capital,Beauty,Complete Skincare Routine Kit,1,33.99,33.99,credit_card,3,delivered,2026-01-26,3.0,,,
LT-100549,2026-01-23,Mexico,extended_zone,Electronics,65W Fast Charger,2,23.23,46.46,debit_card,1,delivered,2026-01-30,7.0,,,
LT-100755,2026-01-23,Mexico,capital,Home,Premium Queen Bedsheet Set,1,44.39,44.39,debit_card,1,delivered,2026-01-26,3.0,,,
LT-101589,2026-01-23,Mexico,capital,Home,Stackable Kitchen Organizer x3,1,16.34,16.34,credit_card,1,delivered,2026-01-26,3.0,,,
LT-102856,2026-01-23,Canada,capital,Fashion,Pima Cotton Basic Tee (2-pack),1,21.71,21.71,debit_card,1,delivered,2026-01-29,6.0,2026-02-13,wrong_size_or_model,rejected
LT-100582,2026-01-24,Mexico,urban,Electronics,Vertex Ergonomic Mouse,1,20.27,20.27,digital_wallet,1,delivered,2026-01-28,4.0,2026-01-30,not_as_described,refunded
LT-103954,2026-01-24,Canada,extended_zone,Electronics,Boom Mini Bluetooth Speaker,1,31.23,31.23,credit_card,1,delivered,2026-02-03,10.0,,,
LT-100050,2026-01-24,Peru,urban,Electronics,Nova Wireless Earbuds,1,39.18,39.18,digital_wallet,1,delivered,2026-01-26,2.0,,,
LT-100600,2026-01-24,Colombia,urban,Home,Stackable Kitchen Organizer x3,1,16.53,16.53,cash_on_delivery,1,delivered,2026-01-28,4.0,,,
LT-100495,2026-01-24,Mexico,capital,Electronics,360 WiFi Security Camera,1,47.02,47.02,digital_wallet,1,delivered,2026-01-27,3.0,,,
LT-102767,2026-01-24,Mexico,capital,Fashion,TrailFit Waterproof Jacket,1,69.36,69.36,credit_card,3,delivered,2026-01-27,3.0,,,
LT-103604,2026-01-24,United States,extended_zone,Electronics,Boom Mini Bluetooth Speaker,1,30.79,30.79,credit_card,6,delivered,2026-02-02,9.0,,,
LT-100168,2026-01-24,Mexico,capital,Electronics,Vertex Ergonomic Mouse,1,21.38,21.38,credit_card,12,delivered,2026-01-29,5.0,,,
LT-100324,2026-01-24,United States,urban,Home,Stackable Kitchen Organizer x3,1,14.88,14.88,credit_card,1,cancelled,,,,,
LT-102711,2026-01-24,Colombia,extended_zone,Electronics,360 WiFi Security Camera,1,50.78,50.78,debit_card,1,delivered,2026-02-03,10.0,,,
LT-103230,2026-01-24,Peru,urban,Beauty,CeramicPro Hair Straightener,1,41.52,41.52,credit_card,1,delivered,2026-01-27,3.0,,,
LT-102598,2026-01-24,Colombia,urban,Electronics,Nova Wireless Earbuds,2,37.45,74.9,credit_card,1,delivered,2026-01-27,3.0,,,
LT-101236,2026-01-24,Colombia,urban,Electronics,360 WiFi Security Camera,1,46.97,46.97,debit_card,1,delivered,2026-01-26,2.0,,,
LT-104198,2026-01-25,Colombia,capital,Home,CompactChef 4L Air Fryer,2,75.81,151.62,bank_transfer,1,delivered,2026-01-30,5.0,,,
LT-103411,2026-01-25,Mexico,urban,Beauty,Complete Skincare Routine Kit,1,36.58,36.58,credit_card,6,delivered,2026-01-28,3.0,,,
LT-102965,2026-01-25,Canada,urban,Home,CompactChef 4L Air Fryer,1,77.45,77.45,cash_on_delivery,1,delivered,2026-01-29,4.0,,,
LT-103136,2026-01-25,United States,extended_zone,Electronics,65W Fast Charger,1,23.26,23.26,cash_on_delivery,1,delivered,2026-02-02,8.0,,,
LT-103213,2026-01-25,Mexico,urban,Fashion,Pima Cotton Basic Tee (2-pack),1,21.61,21.61,cash_on_delivery,1,delivered,2026-01-28,3.0,,,
LT-102897,2026-01-25,Colombia,urban,Home,CleanBot Lite Robot Vacuum,1,137.32,137.32,digital_wallet,1,delivered,2026-01-27,2.0,,,
LT-103185,2026-01-26,United States,capital,Electronics,Boom Mini Bluetooth Speaker,1,28.55,28.55,digital_wallet,1,delivered,2026-01-30,4.0,,,
LT-102421,2026-01-26,Canada,urban,Home,Flex LED Desk Lamp,1,19.69,19.69,bank_transfer,1,delivered,2026-01-29,3.0,,,
LT-102490,2026-01-26,United States,urban,Electronics,Kova K61 Mechanical Keyboard,1,54.7,54.7,digital_wallet,1,delivered,2026-01-28,2.0,,,
LT-103477,2026-01-26,Chile,urban,Electronics,Boom Mini Bluetooth Speaker,3,29.19,87.57,credit_card,1,delivered,2026-01-28,2.0,,,
LT-101909,2026-01-26,Peru,urban,Fashion,Andino Slim Fit Jeans,1,33.83,33.83,digital_wallet,1,delivered,2026-01-28,2.0,,,
LT-104420,2026-01-26,Peru,urban,Home,Premium Queen Bedsheet Set,1,43.42,43.42,credit_card,3,cancelled,,,,,
LT-100688,2026-01-26,Argentina,urban,Sports,SteelHydro 1L Thermal Bottle,2,17.35,34.7,digital_wallet,1,delivered,2026-01-29,3.0,,,
LT-101850,2026-01-26,Canada,urban,Electronics,Vertex Ergonomic Mouse,2,20.0,40.0,digital_wallet,1,delivered,2026-01-28,2.0,,,
LT-101559,2026-01-26,Mexico,capital,Sports,Pro Non-slip Yoga Mat,1,21.03,21.03,debit_card,1,delivered,2026-02-01,6.0,,,
LT-100038,2026-01-26,Peru,urban,Electronics,Nova Wireless Earbuds,1,38.28,38.28,credit_card,1,delivered,2026-01-30,4.0,,,
LT-103897,2026-01-26,Mexico,capital,Fashion,TrailFit Waterproof Jacket,1,62.84,62.84,debit_card,1,delivered,2026-02-01,6.0,,,
LT-100460,2026-01-26,Argentina,urban,Fashion,TrailFit Waterproof Jacket,1,65.37,65.37,digital_wallet,1,delivered,2026-01-28,2.0,,,
LT-102596,2026-01-27,Canada,extended_zone,Electronics,Boom Mini Bluetooth Speaker,1,31.1,31.1,digital_wallet,1,delivered,2026-02-07,11.0,,,
LT-104200,2026-01-27,Mexico,extended_zone,Fashion,TrailFit Waterproof Jacket,2,61.98,123.96,digital_wallet,1,delivered,2026-02-07,11.0,,,
LT-103523,2026-01-27,Peru,urban,Electronics,360 WiFi Security Camera,1,46.89,46.89,credit_card,6,delivered,2026-01-30,3.0,,,
LT-100315,2026-01-27,Canada,capital,Home,Stackable Kitchen Organizer x3,1,16.12,16.12,debit_card,1,delivered,2026-01-30,3.0,2026-02-11,not_as_described,refunded
LT-102325,2026-01-27,Argentina,urban,Electronics,Boom Mini Bluetooth Speaker,1,27.7,27.7,bank_transfer,1,delivered,2026-01-30,3.0,,,
LT-102614,2026-01-27,United States,extended_zone,Electronics,Vertex Ergonomic Mouse,1,21.24,21.24,debit_card,1,delivered,2026-02-02,6.0,,,
LT-104918,2026-01-27,Mexico,capital,Fashion,TrailFit Waterproof Jacket,1,66.46,66.46,credit_card,3,delivered,2026-01-30,3.0,,,
LT-101864,2026-01-27,Canada,urban,Home,Flex LED Desk Lamp,1,18.68,18.68,debit_card,1,delivered,2026-01-31,4.0,,,
LT-100104,2026-01-27,Peru,urban,Beauty,AirStyle Ionic Hair Dryer,3,46.83,140.49,credit_card,12,delivered,2026-01-29,2.0,,,
LT-104339,2026-01-28,Chile,capital,Fashion,Pima Cotton Basic Tee (2-pack),1,23.09,23.09,digital_wallet,1,delivered,2026-02-02,5.0,,,
LT-102629,2026-01-28,Mexico,urban,Fashion,Pima Cotton Basic Tee (2-pack),1,22.07,22.07,digital_wallet,1,delivered,2026-01-31,3.0,,,
LT-100364,2026-01-28,United States,capital,Electronics,Pulse S2 Smartwatch,1,91.49,91.49,cash_on_delivery,1,delivered,2026-02-03,6.0,,,
LT-103462,2026-01-28,United States,capital,Home,Stackable Kitchen Organizer x3,1,14.87,14.87,credit_card,3,delivered,2026-02-01,4.0,,,
LT-102372,2026-01-28,Peru,urban,Electronics,65W Fast Charger,2,23.52,47.04,credit_card,12,delivered,2026-01-31,3.0,,,
LT-101002,2026-01-28,Argentina,capital,Fashion,Strida Urban Sneakers,2,51.93,103.86,cash_on_delivery,1,delivered,2026-02-01,4.0,,,
LT-101544,2026-01-28,Argentina,urban,Fashion,TrailFit Waterproof Jacket,1,67.58,67.58,cash_on_delivery,1,delivered,2026-02-01,4.0,,,
LT-103319,2026-01-28,Mexico,extended_zone,Electronics,Nova Wireless Earbuds,1,39.58,39.58,digital_wallet,1,delivered,2026-02-05,8.0,,,
LT-101556,2026-01-28,Mexico,urban,Electronics,Nova Wireless Earbuds,1,37.18,37.18,bank_transfer,1,delivered,2026-02-01,4.0,,,
LT-101245,2026-01-28,United States,urban,Fashion,Andino Slim Fit Jeans,1,33.81,33.81,debit_card,1,delivered,2026-02-01,4.0,,,
LT-104779,2026-01-28,Colombia,urban,Sports,Pro Non-slip Yoga Mat,3,18.79,56.37,cash_on_delivery,1,delivered,2026-01-31,3.0,,,
LT-101832,2026-01-28,Peru,capital,Electronics,Kova K61 Mechanical Keyboard,1,52.4,52.4,bank_transfer,1,delivered,2026-01-31,3.0,,,
LT-100231,2026-01-29,Chile,urban,Home,Stackable Kitchen Organizer x3,1,16.18,16.18,credit_card,1,delivered,2026-02-02,4.0,,,
LT-104164,2026-01-29,United States,capital,Electronics,65W Fast Charger,1,24.02,24.02,bank_transfer,1,delivered,2026-02-04,6.0,,,
LT-102978,2026-01-29,Colombia,capital,Home,Stackable Kitchen Organizer x3,2,15.88,31.76,credit_card,6,delivered,2026-02-01,3.0,,,
LT-100853,2026-01-29,Argentina,extended_zone,Home,Stackable Kitchen Organizer x3,1,15.79,15.79,credit_card,1,delivered,2026-02-05,7.0,,,
LT-103490,2026-01-29,Peru,capital,Electronics,Boom Mini Bluetooth Speaker,1,28.79,28.79,credit_card,1,delivered,2026-02-03,5.0,,,
LT-103451,2026-01-29,United States,extended_zone,Home,Stackable Kitchen Organizer x3,3,15.61,46.83,digital_wallet,1,delivered,2026-02-03,5.0,,,
LT-100793,2026-01-29,Colombia,urban,Home,Flex LED Desk Lamp,1,19.1,19.1,debit_card,1,delivered,2026-01-31,2.0,,,
LT-104541,2026-01-29,Peru,urban,Fashion,Strida Urban Sneakers,1,47.87,47.87,credit_card,12,delivered,2026-02-02,4.0,,,
LT-103838,2026-01-29,Colombia,capital,Electronics,Boom Mini Bluetooth Speaker,1,29.33,29.33,credit_card,3,delivered,2026-02-04,6.0,,,
LT-102001,2026-01-29,Peru,extended_zone,Electronics,Kova K61 Mechanical Keyboard,1,53.35,53.35,digital_wallet,1,delivered,2026-02-08,10.0,,,
LT-102543,2026-01-30,Mexico,urban,Beauty,Complete Skincare Routine Kit,2,34.98,69.96,cash_on_delivery,1,delivered,2026-02-01,2.0,,,
LT-102546,2026-01-30,United States,urban,Electronics,Boom Mini Bluetooth Speaker,1,28.17,28.17,credit_card,1,delivered,2026-02-01,2.0,,,
LT-103704,2026-01-30,United States,capital,Electronics,Nova Wireless Earbuds,1,37.6,37.6,credit_card,3,delivered,2026-02-02,3.0,,,
LT-101742,2026-01-30,Argentina,extended_zone,Electronics,Nova Wireless Earbuds,2,37.73,75.46,credit_card,12,delivered,2026-02-06,7.0,,,
LT-100396,2026-01-30,United States,capital,Sports,SteelHydro 1L Thermal Bottle,2,16.22,32.44,cash_on_delivery,1,cancelled,,,,,
LT-104035,2026-01-30,United States,urban,Electronics,Boom Mini Bluetooth Speaker,1,30.22,30.22,credit_card,3,delivered,2026-02-02,3.0,2026-02-08,changed_mind,under_review
LT-104990,2026-01-30,Peru,extended_zone,Electronics,Pulse S2 Smartwatch,1,87.23,87.23,credit_card,6,delivered,2026-02-07,8.0,,,
LT-102881,2026-01-30,Mexico,extended_zone,Electronics,Kova K61 Mechanical Keyboard,1,52.5,52.5,debit_card,1,delivered,2026-02-10,11.0,,,
LT-102408,2026-01-30,United States,capital,Electronics,Vertex Ergonomic Mouse,1,20.96,20.96,debit_card,1,delivered,2026-02-02,3.0,,,
LT-104853,2026-01-30,Colombia,extended_zone,Electronics,360 WiFi Security Camera,1,46.89,46.89,credit_card,6,delivered,2026-02-07,8.0,,,
LT-102439,2026-01-30,Peru,extended_zone,Fashion,Strida Urban Sneakers,1,52.75,52.75,credit_card,12,delivered,2026-02-08,9.0,,,
LT-101370,2026-01-30,Colombia,urban,Electronics,Vertex Ergonomic Mouse,1,21.45,21.45,cash_on_delivery,1,delivered,2026-02-03,4.0,,,
LT-103826,2026-01-30,Canada,urban,Home,CompactChef 4L Air Fryer,1,72.9,72.9,credit_card,3,delivered,2026-02-02,3.0,,,
LT-102300,2026-01-31,Chile,urban,Home,CompactChef 4L Air Fryer,1,77.66,77.66,credit_card,1,delivered,2026-02-03,3.0,,,
LT-102302,2026-01-31,Mexico,urban,Fashion,Pima Cotton Basic Tee (2-pack),1,22.38,22.38,digital_wallet,1,delivered,2026-02-02,2.0,,,
LT-102280,2026-01-31,Colombia,urban,Home,CompactChef 4L Air Fryer,1,75.22,75.22,credit_card,3,delivered,2026-02-02,2.0,,,
LT-103987,2026-01-31,Colombia,urban,Electronics,Vertex Ergonomic Mouse,1,21.15,21.15,debit_card,1,delivered,2026-02-04,4.0,,,
LT-101097,2026-01-31,Mexico,extended_zone,Electronics,Nova Wireless Earbuds,1,40.08,40.08,credit_card,3,delivered,2026-02-05,5.0,,,
LT-102854,2026-01-31,Argentina,urban,Electronics,Nova Wireless Earbuds,2,41.14,82.28,credit_card,1,delivered,2026-02-03,3.0,,,
LT-103586,2026-01-31,Argentina,urban,Fashion,Strida Urban Sneakers,1,51.72,51.72,debit_card,1,delivered,2026-02-02,2.0,,,
LT-101872,2026-01-31,Mexico,extended_zone,Fashion,TrailFit Waterproof Jacket,1,64.79,64.79,digital_wallet,1,delivered,2026-02-05,5.0,,,
LT-104802,2026-01-31,Mexico,urban,Electronics,Kova K61 Mechanical Keyboard,1,50.25,50.25,digital_wallet,1,delivered,2026-02-03,3.0,,,
LT-100432,2026-01-31,Colombia,capital,Electronics,Boom Mini Bluetooth Speaker,1,30.72,30.72,debit_card,1,delivered,2026-02-05,5.0,,,
LT-101284,2026-01-31,Mexico,urban,Home,Stackable Kitchen Organizer x3,1,15.25,15.25,bank_transfer,1,delivered,2026-02-03,3.0,,,
LT-102995,2026-01-31,Canada,capital,Home,CleanBot Lite Robot Vacuum,1,135.97,135.97,credit_card,3,delivered,2026-02-06,6.0,,,
LT-101334,2026-02-01,United States,extended_zone,Sports,SteelHydro 1L Thermal Bottle,1,15.62,15.62,cash_on_delivery,1,delivered,2026-02-10,9.0,,,
LT-102426,2026-02-01,Argentina,capital,Fashion,TrailFit Waterproof Jacket,1,60.48,60.48,digital_wallet,1,delivered,2026-02-04,3.0,,,
LT-102122,2026-02-01,United States,extended_zone,Sports,SteelHydro 1L Thermal Bottle,1,16.57,16.57,debit_card,1,delivered,2026-02-13,12.0,,,
LT-100790,2026-02-01,Colombia,urban,Electronics,Vertex Ergonomic Mouse,1,21.58,21.58,credit_card,1,delivered,2026-02-03,2.0,,,
LT-103394,2026-02-01,Canada,capital,Fashion,UrbanPack 25L Anti-theft Backpack,1,37.05,37.05,debit_card,1,delivered,2026-02-07,6.0,,,
LT-100300,2026-02-01,Mexico,capital,Sports,Adjustable Dumbbells 2x10kg,1,59.95,59.95,debit_card,1,delivered,2026-02-05,4.0,2026-02-06,defective_product,under_review
LT-101436,2026-02-01,Chile,capital,Electronics,360 WiFi Security Camera,2,48.34,96.68,debit_card,1,delivered,2026-02-05,4.0,,,
LT-103117,2026-02-01,Argentina,capital,Electronics,Vertex Ergonomic Mouse,1,21.62,21.62,credit_card,12,delivered,2026-02-06,5.0,,,
LT-103582,2026-02-01,Argentina,urban,Electronics,360 WiFi Security Camera,2,45.1,90.2,credit_card,1,delivered,2026-02-05,4.0,,,
LT-103981,2026-02-01,United States,extended_zone,Electronics,Vertex Ergonomic Mouse,1,22.39,22.39,bank_transfer,1,delivered,2026-02-06,5.0,,,
LT-101902,2026-02-01,Mexico,capital,Home,CleanBot Lite Robot Vacuum,1,121.82,121.82,credit_card,12,delivered,2026-02-06,5.0,,,
LT-103814,2026-02-02,Colombia,urban,Electronics,Vertex Ergonomic Mouse,1,20.12,20.12,bank_transfer,1,delivered,2026-02-06,4.0,,,
LT-100450,2026-02-02,United States,urban,Beauty,Complete Skincare Routine Kit,1,37.8,37.8,bank_transfer,1,delivered,2026-02-04,2.0,,,
LT-100894,2026-02-02,Mexico,capital,Fashion,TrailFit Waterproof Jacket,3,61.61,184.83,digital_wallet,1,delivered,2026-02-05,3.0,2026-02-13,defective_product,refunded
LT-102481,2026-02-02,Argentina,capital,Electronics,Vertex Ergonomic Mouse,1,20.75,20.75,credit_card,1,delivered,2026-02-08,6.0,,,
LT-104711,2026-02-02,Mexico,urban,Fashion,Pima Cotton Basic Tee (2-pack),1,23.37,23.37,credit_card,6,delivered,2026-02-06,4.0,,,
LT-102503,2026-02-02,Chile,urban,Fashion,Andino Slim Fit Jeans,1,33.72,33.72,debit_card,1,delivered,2026-02-04,2.0,,,
LT-103465,2026-02-02,Colombia,extended_zone,Electronics,Boom Mini Bluetooth Speaker,1,29.32,29.32,bank_transfer,1,delivered,2026-02-13,11.0,,,
LT-101975,2026-02-02,United States,extended_zone,Electronics,65W Fast Charger,2,25.99,51.98,cash_on_delivery,1,delivered,2026-02-14,12.0,,,
LT-103778,2026-02-02,Peru,capital,Electronics,Kova K61 Mechanical Keyboard,1,51.32,51.32,bank_transfer,1,delivered,2026-02-07,5.0,,,
LT-100382,2026-02-02,United States,capital,Accessories,Interchangeable Watch Strap,1,8.61,8.61,digital_wallet,1,delivered,2026-02-08,6.0,,,
LT-101084,2026-02-02,Colombia,extended_zone,Fashion,Strida Urban Sneakers,1,52.64,52.64,debit_card,1,delivered,2026-02-07,5.0,,,
LT-101420,2026-02-02,Chile,urban,Home,CompactChef 4L Air Fryer,2,77.81,155.62,debit_card,1,delivered,2026-02-05,3.0,,,
LT-103011,2026-02-02,Canada,extended_zone,Accessories,14'' Hard Laptop Case,2,16.98,33.96,credit_card,6,delivered,2026-02-13,11.0,,,
LT-104606,2026-02-03,Colombia,capital,Sports,Resistance Bands Set x5,1,13.1,13.1,credit_card,3,delivered,2026-02-06,3.0,,,
LT-100968,2026-02-03,Peru,urban,Electronics,Boom Mini Bluetooth Speaker,1,29.2,29.2,credit_card,12,cancelled,,,,,
LT-102906,2026-02-03,Colombia,capital,Electronics,Vertex Ergonomic Mouse,1,21.5,21.5,debit_card,1,delivered,2026-02-09,6.0,,,
LT-103998,2026-02-03,Colombia,urban,Electronics,Pulse S2 Smartwatch,1,85.91,85.91,debit_card,1,delivered,2026-02-06,3.0,,,
LT-103438,2026-02-03,Colombia,extended_zone,Home,Premium Queen Bedsheet Set,1,40.35,40.35,digital_wallet,1,delivered,2026-02-12,9.0,,,
LT-102748,2026-02-03,Peru,extended_zone,Fashion,Andino Slim Fit Jeans,1,33.61,33.61,credit_card,3,delivered,2026-02-14,11.0,,,
LT-104059,2026-02-04,Colombia,urban,Electronics,65W Fast Charger,3,26.34,79.02,credit_card,1,delivered,2026-02-06,2.0,,,
LT-101218,2026-02-04,Canada,urban,Fashion,TrailFit Waterproof Jacket,2,66.0,132.0,debit_card,1,delivered,2026-02-08,4.0,,,
LT-103175,2026-02-04,Colombia,urban,Fashion,TrailFit Waterproof Jacket,2,67.29,134.58,digital_wallet,1,delivered,2026-02-06,2.0,,,
LT-102203,2026-02-04,Colombia,extended_zone,Electronics,360 WiFi Security Camera,1,49.88,49.88,credit_card,12,delivered,2026-02-09,5.0,,,
LT-101992,2026-02-04,United States,urban,Beauty,Complete Skincare Routine Kit,1,33.99,33.99,credit_card,12,delivered,2026-02-06,2.0,2026-02-18,changed_mind,refunded
LT-104254,2026-02-04,United States,urban,Home,Stackable Kitchen Organizer x3,1,16.01,16.01,debit_card,1,delivered,2026-02-06,2.0,,,
LT-103692,2026-02-04,United States,capital,Electronics,360 WiFi Security Camera,1,44.69,44.69,credit_card,6,delivered,2026-02-07,3.0,2026-02-13,not_as_described,rejected
LT-100383,2026-02-04,United States,urban,Electronics,Boom Mini Bluetooth Speaker,1,29.54,29.54,digital_wallet,1,delivered,2026-02-07,3.0,,,
LT-104294,2026-02-04,United States,urban,Fashion,Pima Cotton Basic Tee (2-pack),1,20.92,20.92,credit_card,3,delivered,2026-02-08,4.0,,,
LT-100419,2026-02-04,United States,capital,Electronics,360 WiFi Security Camera,1,45.58,45.58,debit_card,1,delivered,2026-02-07,3.0,,,
LT-103339,2026-02-04,United States,extended_zone,Electronics,Nova Wireless Earbuds,1,40.68,40.68,credit_card,1,delivered,2026-02-10,6.0,,,
LT-103054,2026-02-04,Colombia,capital,Home,Premium Queen Bedsheet Set,1,43.82,43.82,credit_card,12,delivered,2026-02-10,6.0,,,
LT-102754,2026-02-04,Argentina,urban,Home,CompactChef 4L Air Fryer,2,70.51,141.02,digital_wallet,1,cancelled,,,,,
LT-104719,2026-02-04,Mexico,urban,Fashion,TrailFit Waterproof Jacket,1,68.07,68.07,credit_card,6,delivered,2026-02-07,3.0,,,
LT-102264,2026-02-05,United States,extended_zone,Electronics,Nova Wireless Earbuds,2,39.07,78.14,cash_on_delivery,1,delivered,2026-02-15,10.0,,,
LT-101530,2026-02-05,Mexico,capital,Electronics,Nova Wireless Earbuds,1,42.34,42.34,credit_card,12,delivered,2026-02-11,6.0,,,
LT-100067,2026-02-05,Colombia,urban,Beauty,AirStyle Ionic Hair Dryer,1,44.06,44.06,credit_card,1,delivered,2026-02-08,3.0,,,
LT-100802,2026-02-05,Colombia,urban,Electronics,65W Fast Charger,1,26.34,26.34,credit_card,12,delivered,2026-02-08,3.0,,,
LT-104695,2026-02-05,Canada,capital,Fashion,UrbanPack 25L Anti-theft Backpack,1,36.06,36.06,credit_card,1,cancelled,,,,,
LT-103028,2026-02-05,Mexico,capital,Electronics,360 WiFi Security Camera,2,48.28,96.56,credit_card,1,delivered,2026-02-10,5.0,,,
LT-101332,2026-02-05,Colombia,urban,Electronics,65W Fast Charger,1,24.59,24.59,digital_wallet,1,delivered,2026-02-07,2.0,,,
LT-104504,2026-02-05,Colombia,capital,Fashion,Pima Cotton Basic Tee (2-pack),1,21.23,21.23,bank_transfer,1,delivered,2026-02-09,4.0,,,
LT-100157,2026-02-05,Chile,extended_zone,Sports,Pro Non-slip Yoga Mat,1,20.08,20.08,debit_card,1,delivered,2026-02-13,8.0,,,
LT-100469,2026-02-05,Colombia,extended_zone,Home,CleanBot Lite Robot Vacuum,1,124.1,124.1,debit_card,1,delivered,2026-02-16,11.0,,,
LT-104474,2026-02-05,Colombia,urban,Electronics,Pulse S2 Smartwatch,1,83.89,83.89,credit_card,1,delivered,2026-02-08,3.0,,,
LT-101836,2026-02-05,Chile,urban,Fashion,Pima Cotton Basic Tee (2-pack),1,21.02,21.02,credit_card,3,delivered,2026-02-09,4.0,,,
LT-101063,2026-02-05,Peru,capital,Electronics,Nova Wireless Earbuds,1,37.38,37.38,credit_card,1,delivered,2026-02-08,3.0,,,
LT-100962,2026-02-05,United States,extended_zone,Electronics,65W Fast Charger,1,25.59,25.59,credit_card,1,delivered,2026-02-12,7.0,,,
LT-104575,2026-02-05,Chile,extended_zone,Home,Stackable Kitchen Organizer x3,3,16.04,48.12,digital_wallet,1,delivered,2026-02-11,6.0,,,
LT-103867,2026-02-05,Mexico,capital,Fashion,TrailFit Waterproof Jacket,1,61.73,61.73,credit_card,3,delivered,2026-02-11,6.0,,,
LT-104910,2026-02-05,Mexico,capital,Home,Flex LED Desk Lamp,1,18.61,18.61,credit_card,1,delivered,2026-02-11,6.0,,,
LT-104439,2026-02-06,Peru,urban,Electronics,Vertex Ergonomic Mouse,1,21.87,21.87,credit_card,1,delivered,2026-02-09,3.0,,,
LT-102219,2026-02-06,Mexico,capital,Beauty,AirStyle Ionic Hair Dryer,1,43.76,43.76,credit_card,1,delivered,2026-02-10,4.0,,,
LT-101744,2026-02-06,Mexico,urban,Beauty,Complete Skincare Routine Kit,2,34.14,68.28,digital_wallet,1,delivered,2026-02-10,4.0,,,
LT-100463,2026-02-06,Chile,urban,Beauty,CeramicPro Hair Straightener,1,37.08,37.08,credit_card,3,delivered,2026-02-08,2.0,,,
LT-100297,2026-02-06,Mexico,capital,Electronics,65W Fast Charger,2,26.12,52.24,bank_transfer,1,delivered,2026-02-09,3.0,,,
LT-103026,2026-02-06,Argentina,urban,Fashion,Pima Cotton Basic Tee (2-pack),1,23.27,23.27,credit_card,6,delivered,2026-02-08,2.0,,,
LT-101255,2026-02-06,United States,extended_zone,Electronics,65W Fast Charger,1,23.16,23.16,credit_card,1,delivered,2026-02-14,8.0,,,
LT-104742,2026-02-06,Canada,urban,Sports,Resistance Bands Set x5,1,14.78,14.78,credit_card,1,delivered,2026-02-09,3.0,,,
LT-101817,2026-02-07,Chile,urban,Home,Stackable Kitchen Organizer x3,1,15.39,15.39,debit_card,1,delivered,2026-02-09,2.0,,,
LT-101456,2026-02-07,Peru,capital,Home,Stackable Kitchen Organizer x3,3,16.99,50.97,bank_transfer,1,delivered,2026-02-13,6.0,,,
LT-100025,2026-02-07,Peru,capital,Electronics,65W Fast Charger,1,25.96,25.96,debit_card,1,delivered,2026-02-13,6.0,,,
LT-104995,2026-02-07,United States,urban,Electronics,65W Fast Charger,1,25.12,25.12,credit_card,1,delivered,2026-02-10,3.0,,,
LT-102400,2026-02-07,United States,urban,Fashion,Pima Cotton Basic Tee (2-pack),1,21.79,21.79,digital_wallet,1,cancelled,,,,,
LT-102877,2026-02-07,Mexico,urban,Electronics,65W Fast Charger,2,26.18,52.36,bank_transfer,1,delivered,2026-02-09,2.0,,,
LT-102865,2026-02-07,Canada,capital,Home,Stackable Kitchen Organizer x3,1,16.13,16.13,digital_wallet,1,delivered,2026-02-11,4.0,,,
LT-101100,2026-02-07,Colombia,urban,Electronics,360 WiFi Security Camera,2,46.46,92.92,credit_card,1,delivered,2026-02-09,2.0,,,
LT-104069,2026-02-08,Argentina,urban,Home,CompactChef 4L Air Fryer,1,69.75,69.75,debit_card,1,delivered,2026-02-12,4.0,,,
LT-102948,2026-02-08,Colombia,urban,Home,CleanBot Lite Robot Vacuum,1,127.73,127.73,cash_on_delivery,1,delivered,2026-02-11,3.0,,,
LT-101773,2026-02-08,Mexico,urban,Electronics,360 WiFi Security Camera,1,50.81,50.81,bank_transfer,1,cancelled,,,,,
LT-100431,2026-02-08,Colombia,extended_zone,Beauty,CeramicPro Hair Straightener,2,41.18,82.36,digital_wallet,1,delivered,2026-02-13,5.0,,,
LT-103999,2026-02-08,Chile,capital,Fashion,UrbanPack 25L Anti-theft Backpack,1,36.03,36.03,bank_transfer,1,delivered,2026-02-13,5.0,,,
LT-100536,2026-02-08,Argentina,urban,Beauty,CeramicPro Hair Straightener,1,39.45,39.45,digital_wallet,1,delivered,2026-02-11,3.0,,,
LT-101717,2026-02-08,Mexico,capital,Home,Stackable Kitchen Organizer x3,1,14.83,14.83,credit_card,1,delivered,2026-02-14,6.0,,,
LT-103909,2026-02-08,Colombia,capital,Electronics,65W Fast Charger,2,25.64,51.28,credit_card,3,delivered,2026-02-12,4.0,,,
LT-102251,2026-02-08,Mexico,urban,Sports,Pro Non-slip Yoga Mat,1,20.1,20.1,credit_card,6,delivered,2026-02-12,4.0,,,
LT-104906,2026-02-08,Chile,urban,Fashion,UrbanPack 25L Anti-theft Backpack,1,39.76,39.76,debit_card,1,delivered,2026-02-10,2.0,,,
LT-103024,2026-02-08,Argentina,capital,Beauty,CeramicPro Hair Straightener,1,36.8,36.8,debit_card,1,delivered,2026-02-11,3.0,,,
LT-100449,2026-02-08,Peru,urban,Accessories,14'' Hard Laptop Case,1,18.11,18.11,cash_on_delivery,1,delivered,2026-02-12,4.0,,,
LT-101771,2026-02-08,Argentina,capital,Electronics,Pulse S2 Smartwatch,1,88.75,88.75,bank_transfer,1,delivered,2026-02-11,3.0,,,
LT-102808,2026-02-09,Argentina,urban,Home,Stackable Kitchen Organizer x3,1,16.37,16.37,debit_card,1,delivered,2026-02-13,4.0,,,
LT-103008,2026-02-09,Colombia,capital,Fashion,TrailFit Waterproof Jacket,1,64.6,64.6,debit_card,1,delivered,2026-02-12,3.0,,,
LT-100322,2026-02-09,Colombia,urban,Home,Flex LED Desk Lamp,1,17.37,17.37,debit_card,1,delivered,2026-02-11,2.0,,,
LT-101791,2026-02-09,Colombia,urban,Electronics,Pulse S2 Smartwatch,1,86.0,86.0,credit_card,12,delivered,2026-02-12,3.0,,,
LT-103801,2026-02-09,United States,capital,Accessories,14'' Hard Laptop Case,1,18.18,18.18,debit_card,1,delivered,2026-02-12,3.0,,,
LT-101169,2026-02-09,Argentina,capital,Electronics,Vertex Ergonomic Mouse,1,21.36,21.36,digital_wallet,1,delivered,2026-02-14,5.0,,,
LT-104334,2026-02-09,Colombia,capital,Sports,SteelHydro 1L Thermal Bottle,1,16.7,16.7,credit_card,3,delivered,2026-02-14,5.0,,,
LT-103252,2026-02-09,Colombia,capital,Home,CompactChef 4L Air Fryer,1,70.58,70.58,digital_wallet,1,delivered,2026-02-12,3.0,,,
LT-104043,2026-02-09,Mexico,urban,Accessories,Vista Polarized Sunglasses,1,26.52,26.52,debit_card,1,delivered,2026-02-11,2.0,,,
LT-101035,2026-02-09,Mexico,urban,Electronics,65W Fast Charger,1,23.45,23.45,credit_card,1,delivered,2026-02-12,3.0,,,
LT-101403,2026-02-09,Argentina,capital,Electronics,Kova K61 Mechanical Keyboard,1,55.92,55.92,debit_card,1,cancelled,,,,,
LT-100569,2026-02-10,Colombia,urban,Home,Premium Queen Bedsheet Set,1,44.24,44.24,debit_card,1,delivered,2026-02-14,4.0,,,
LT-100583,2026-02-10,United States,urban,Electronics,Kova K61 Mechanical Keyboard,1,50.92,50.92,cash_on_delivery,1,delivered,2026-02-14,4.0,2026-02-17,not_as_described,refunded
LT-104889,2026-02-10,Chile,urban,Electronics,Nova Wireless Earbuds,2,37.82,75.64,credit_card,1,delivered,2026-02-13,3.0,,,
LT-104572,2026-02-10,Mexico,urban,Electronics,Boom Mini Bluetooth Speaker,1,30.47,30.47,bank_transfer,1,delivered,2026-02-12,2.0,,,
LT-104324,2026-02-10,Peru,urban,Electronics,360 WiFi Security Camera,1,50.34,50.34,credit_card,1,delivered,2026-02-12,2.0,,,
LT-100222,2026-02-10,Chile,extended_zone,Sports,SteelHydro 1L Thermal Bottle,2,16.86,33.72,debit_card,1,delivered,2026-02-19,9.0,,,
LT-101675,2026-02-10,Colombia,urban,Electronics,Vertex Ergonomic Mouse,1,20.17,20.17,digital_wallet,1,delivered,2026-02-13,3.0,2026-02-18,defective_product,under_review
LT-103793,2026-02-10,Chile,urban,Electronics,Vertex Ergonomic Mouse,1,20.91,20.91,debit_card,1,delivered,2026-02-14,4.0,2026-02-17,changed_mind,rejected
LT-100129,2026-02-10,Mexico,urban,Fashion,Pima Cotton Basic Tee (2-pack),1,20.47,20.47,debit_card,1,delivered,2026-02-12,2.0,,,
LT-102578,2026-02-10,Mexico,extended_zone,Electronics,Vertex Ergonomic Mouse,1,21.13,21.13,debit_card,1,delivered,2026-02-21,11.0,,,
LT-100616,2026-02-10,Mexico,extended_zone,Home,Stackable Kitchen Organizer x3,1,15.87,15.87,digital_wallet,1,delivered,2026-02-18,8.0,,,
LT-103200,2026-02-11,United States,capital,Fashion,Pima Cotton Basic Tee (2-pack),2,22.74,45.48,cash_on_delivery,1,delivered,2026-02-14,3.0,,,
LT-103388,2026-02-11,Colombia,capital,Electronics,360 WiFi Security Camera,2,47.3,94.6,bank_transfer,1,delivered,2026-02-17,6.0,,,
LT-103382,2026-02-11,United States,capital,Fashion,UrbanPack 25L Anti-theft Backpack,2,38.2,76.4,credit_card,1,cancelled,,,,,
LT-103285,2026-02-11,United States,capital,Fashion,UrbanPack 25L Anti-theft Backpack,3,36.67,110.01,credit_card,1,delivered,2026-02-17,6.0,,,
LT-101423,2026-02-11,United States,urban,Home,Premium Queen Bedsheet Set,2,41.26,82.52,debit_card,1,delivered,2026-02-14,3.0,,,
LT-104073,2026-02-11,Mexico,capital,Electronics,Boom Mini Bluetooth Speaker,1,29.74,29.74,debit_card,1,delivered,2026-02-14,3.0,,,
LT-102842,2026-02-11,Peru,capital,Electronics,65W Fast Charger,2,26.3,52.6,digital_wallet,1,delivered,2026-02-14,3.0,,,
LT-102014,2026-02-11,Argentina,urban,Home,CompactChef 4L Air Fryer,1,77.31,77.31,digital_wallet,1,delivered,2026-02-14,3.0,,,
LT-101225,2026-02-11,United States,urban,Sports,Pro Non-slip Yoga Mat,1,19.53,19.53,credit_card,1,delivered,2026-02-13,2.0,,,
LT-104819,2026-02-11,Peru,capital,Electronics,Boom Mini Bluetooth Speaker,1,28.89,28.89,cash_on_delivery,1,delivered,2026-02-15,4.0,,,
LT-101014,2026-02-11,Canada,capital,Electronics,Vertex Ergonomic Mouse,1,20.76,20.76,digital_wallet,1,delivered,2026-02-16,5.0,,,
LT-103584,2026-02-11,Canada,extended_zone,Electronics,Pulse S2 Smartwatch,2,92.02,184.04,credit_card,1,delivered,2026-02-16,5.0,,,
LT-101604,2026-02-11,United States,extended_zone,Electronics,360 WiFi Security Camera,2,45.27,90.54,digital_wallet,1,cancelled,,,,,
LT-100307,2026-02-11,Mexico,urban,Electronics,Vertex Ergonomic Mouse,1,21.33,21.33,bank_transfer,1,delivered,2026-02-15,4.0,,,
LT-102732,2026-02-11,United States,urban,Sports,SteelHydro 1L Thermal Bottle,1,16.89,16.89,digital_wallet,1,delivered,2026-02-14,3.0,,,
LT-104211,2026-02-12,Peru,urban,Fashion,UrbanPack 25L Anti-theft Backpack,2,39.26,78.52,cash_on_delivery,1,delivered,2026-02-16,4.0,,,
LT-102502,2026-02-12,Argentina,extended_zone,Home,Stackable Kitchen Organizer x3,2,16.86,33.72,credit_card,6,delivered,2026-02-24,12.0,,,
LT-100438,2026-02-12,Colombia,capital,Home,Premium Queen Bedsheet Set,1,42.53,42.53,bank_transfer,1,delivered,2026-02-16,4.0,,,
LT-100411,2026-02-12,Colombia,urban,Fashion,Strida Urban Sneakers,1,52.64,52.64,digital_wallet,1,delivered,2026-02-15,3.0,,,
LT-100271,2026-02-12,Peru,urban,Electronics,Kova K61 Mechanical Keyboard,1,50.86,50.86,digital_wallet,1,delivered,2026-02-15,3.0,,,
LT-101819,2026-02-12,Colombia,extended_zone,Sports,Pro Non-slip Yoga Mat,2,19.76,39.52,credit_card,12,delivered,2026-02-22,10.0,,,
LT-100032,2026-02-12,Colombia,capital,Beauty,Complete Skincare Routine Kit,1,37.11,37.11,credit_card,3,delivered,2026-02-15,3.0,,,
LT-103166,2026-02-12,Colombia,urban,Fashion,Pima Cotton Basic Tee (2-pack),2,23.48,46.96,digital_wallet,1,delivered,2026-02-14,2.0,,,
LT-100421,2026-02-13,Colombia,extended_zone,Beauty,Complete Skincare Routine Kit,2,34.5,69.0,bank_transfer,1,delivered,2026-02-19,6.0,,,
LT-100392,2026-02-13,Colombia,extended_zone,Fashion,Strida Urban Sneakers,1,47.68,47.68,credit_card,3,delivered,2026-02-18,5.0,,,
LT-101853,2026-02-13,Canada,urban,Electronics,360 WiFi Security Camera,1,45.73,45.73,bank_transfer,1,delivered,2026-02-17,4.0,,,
LT-102605,2026-02-13,Chile,capital,Sports,SteelHydro 1L Thermal Bottle,1,15.92,15.92,credit_card,1,delivered,2026-02-17,4.0,,,
LT-101633,2026-02-13,Argentina,urban,Sports,Resistance Bands Set x5,1,14.09,14.09,digital_wallet,1,delivered,2026-02-17,4.0,,,
LT-101161,2026-02-13,Peru,capital,Sports,Pro Non-slip Yoga Mat,1,20.75,20.75,credit_card,1,delivered,2026-02-18,5.0,,,
LT-102620,2026-02-13,United States,extended_zone,Electronics,360 WiFi Security Camera,1,46.62,46.62,credit_card,1,delivered,2026-02-25,12.0,,,
LT-102807,2026-02-13,Canada,capital,Beauty,CeramicPro Hair Straightener,1,40.46,40.46,digital_wallet,1,delivered,2026-02-16,3.0,,,
LT-101043,2026-02-13,Mexico,extended_zone,Beauty,CeramicPro Hair Straightener,1,41.7,41.7,digital_wallet,1,delivered,2026-02-18,5.0,,,
LT-102422,2026-02-14,United States,urban,Electronics,Nova Wireless Earbuds,1,41.78,41.78,bank_transfer,1,cancelled,,,,,
LT-102547,2026-02-14,Argentina,capital,Fashion,Andino Slim Fit Jeans,1,30.34,30.34,cash_on_delivery,1,delivered,2026-02-17,3.0,,,
LT-104920,2026-02-14,Peru,urban,Sports,Pro Non-slip Yoga Mat,1,20.27,20.27,credit_card,1,delivered,2026-02-16,2.0,,,
LT-104684,2026-02-14,United States,urban,Fashion,TrailFit Waterproof Jacket,1,68.84,68.84,credit_card,3,delivered,2026-02-16,2.0,,,
LT-102336,2026-02-14,Argentina,urban,Electronics,Nova Wireless Earbuds,1,41.64,41.64,bank_transfer,1,delivered,2026-02-16,2.0,,,
LT-101690,2026-02-14,Argentina,urban,Fashion,Pima Cotton Basic Tee (2-pack),1,20.46,20.46,cash_on_delivery,1,delivered,2026-02-17,3.0,,,
LT-104942,2026-02-14,Argentina,urban,Fashion,UrbanPack 25L Anti-theft Backpack,3,36.59,109.77,credit_card,6,delivered,2026-02-17,3.0,,,
LT-104794,2026-02-14,Peru,capital,Electronics,Pulse S2 Smartwatch,3,85.41,256.23,digital_wallet,1,delivered,2026-02-19,5.0,,,
LT-102461,2026-02-14,Chile,urban,Electronics,Vertex Ergonomic Mouse,2,21.62,43.24,debit_card,1,delivered,2026-02-16,2.0,,,
LT-104841,2026-02-14,Mexico,extended_zone,Electronics,65W Fast Charger,1,24.07,24.07,bank_transfer,1,cancelled,,,,,
LT-102524,2026-02-15,Peru,capital,Fashion,TrailFit Waterproof Jacket,1,67.17,67.17,bank_transfer,1,delivered,2026-02-18,3.0,,,
LT-103087,2026-02-15,Mexico,extended_zone,Electronics,360 WiFi Security Camera,1,49.8,49.8,credit_card,3,delivered,2026-02-25,10.0,,,
LT-100947,2026-02-15,United States,urban,Electronics,65W Fast Charger,1,24.77,24.77,credit_card,1,delivered,2026-02-19,4.0,,,
LT-103079,2026-02-15,Peru,extended_zone,Beauty,CeramicPro Hair Straightener,1,38.73,38.73,credit_card,1,delivered,2026-02-23,8.0,,,
LT-104365,2026-02-15,Colombia,capital,Sports,Adjustable Dumbbells 2x10kg,1,56.95,56.95,credit_card,1,delivered,2026-02-21,6.0,,,
LT-104281,2026-02-15,Canada,capital,Sports,SteelHydro 1L Thermal Bottle,1,17.62,17.62,credit_card,12,delivered,2026-02-19,4.0,,,
LT-104751,2026-02-15,Argentina,capital,Fashion,TrailFit Waterproof Jacket,1,66.25,66.25,cash_on_delivery,1,delivered,2026-02-18,3.0,,,
LT-104447,2026-02-15,Chile,capital,Electronics,65W Fast Charger,1,25.34,25.34,digital_wallet,1,delivered,2026-02-20,5.0,,,
LT-102201,2026-02-15,Colombia,urban,Beauty,CeramicPro Hair Straightener,1,36.51,36.51,digital_wallet,1,delivered,2026-02-17,2.0,,,
LT-104048,2026-02-15,Chile,urban,Electronics,Vertex Ergonomic Mouse,1,20.94,20.94,debit_card,1,delivered,2026-02-17,2.0,,,
LT-102768,2026-02-15,United States,urban,Fashion,Andino Slim Fit Jeans,1,31.16,31.16,credit_card,6,delivered,2026-02-18,3.0,,,
LT-103951,2026-02-15,Peru,extended_zone,Sports,SteelHydro 1L Thermal Bottle,1,16.66,16.66,credit_card,1,delivered,2026-02-21,6.0,,,
LT-100091,2026-02-15,United States,capital,Sports,SteelHydro 1L Thermal Bottle,3,17.18,51.54,credit_card,1,delivered,2026-02-18,3.0,,,
LT-104453,2026-02-16,Chile,urban,Electronics,65W Fast Charger,1,26.35,26.35,debit_card,1,delivered,2026-02-20,4.0,,,
LT-104594,2026-02-16,Argentina,capital,Electronics,65W Fast Charger,1,23.61,23.61,bank_transfer,1,delivered,2026-02-19,3.0,,,
LT-104287,2026-02-16,Mexico,urban,Fashion,UrbanPack 25L Anti-theft Backpack,1,37.15,37.15,bank_transfer,1,delivered,2026-02-19,3.0,,,
LT-101133,2026-02-16,Chile,capital,Electronics,Kova K61 Mechanical Keyboard,1,51.37,51.37,credit_card,6,delivered,2026-02-19,3.0,2026-02-23,changed_mind,rejected
LT-101033,2026-02-16,Peru,extended_zone,Electronics,65W Fast Charger,1,25.58,25.58,digital_wallet,1,cancelled,,,,,
LT-103877,2026-02-16,Mexico,capital,Electronics,360 WiFi Security Camera,1,47.66,47.66,credit_card,12,delivered,2026-02-19,3.0,,,
LT-100052,2026-02-16,Canada,urban,Electronics,Kova K61 Mechanical Keyboard,1,53.83,53.83,credit_card,3,delivered,2026-02-20,4.0,,,
LT-100049,2026-02-16,Colombia,extended_zone,Electronics,Nova Wireless Earbuds,3,38.41,115.23,credit_card,3,delivered,2026-02-25,9.0,,,
LT-102681,2026-02-16,Chile,capital,Electronics,Vertex Ergonomic Mouse,1,21.62,21.62,digital_wallet,1,delivered,2026-02-21,5.0,,,
LT-104425,2026-02-16,Mexico,urban,Accessories,Interchangeable Watch Strap,2,7.93,15.86,credit_card,1,delivered,2026-02-18,2.0,,,
LT-101746,2026-02-16,Colombia,capital,Home,Stackable Kitchen Organizer x3,1,16.58,16.58,credit_card,1,delivered,2026-02-20,4.0,,,
LT-100036,2026-02-17,United States,capital,Electronics,Vertex Ergonomic Mouse,1,20.5,20.5,digital_wallet,1,delivered,2026-02-20,3.0,,,
LT-100194,2026-02-17,Mexico,urban,Electronics,Nova Wireless Earbuds,1,39.24,39.24,digital_wallet,1,delivered,2026-02-21,4.0,,,
LT-104996,2026-02-17,Mexico,extended_zone,Fashion,TrailFit Waterproof Jacket,2,63.91,127.82,digital_wallet,1,delivered,2026-02-27,10.0,,,
LT-100690,2026-02-17,Colombia,extended_zone,Electronics,360 WiFi Security Camera,1,44.95,44.95,debit_card,1,delivered,2026-02-22,5.0,,,
LT-103660,2026-02-17,Peru,urban,Electronics,65W Fast Charger,2,25.91,51.82,debit_card,1,delivered,2026-02-21,4.0,,,
LT-103019,2026-02-17,Peru,capital,Electronics,360 WiFi Security Camera,1,48.38,48.38,debit_card,1,delivered,2026-02-21,4.0,,,
LT-103257,2026-02-17,Canada,capital,Sports,Resistance Bands Set x5,1,13.85,13.85,debit_card,1,delivered,2026-02-22,5.0,,,
LT-103741,2026-02-17,United States,urban,Electronics,Boom Mini Bluetooth Speaker,2,28.22,56.44,credit_card,3,delivered,2026-02-21,4.0,,,
LT-102961,2026-02-17,Colombia,capital,Fashion,Strida Urban Sneakers,2,51.49,102.98,debit_card,1,delivered,2026-02-20,3.0,,,
LT-103767,2026-02-17,Mexico,capital,Sports,SteelHydro 1L Thermal Bottle,1,17.01,17.01,digital_wallet,1,delivered,2026-02-23,6.0,2026-02-25,defective_product,rejected
LT-103768,2026-02-17,Mexico,extended_zone,Fashion,UrbanPack 25L Anti-theft Backpack,1,38.65,38.65,debit_card,1,delivered,2026-02-26,9.0,,,
LT-102943,2026-02-17,Canada,capital,Home,Stackable Kitchen Organizer x3,1,15.21,15.21,cash_on_delivery,1,delivered,2026-02-23,6.0,,,
LT-100535,2026-02-17,Colombia,capital,Fashion,Andino Slim Fit Jeans,3,30.82,92.46,debit_card,1,delivered,2026-02-23,6.0,,,
LT-100656,2026-02-18,United States,capital,Electronics,360 WiFi Security Camera,1,44.41,44.41,digital_wallet,1,delivered,2026-02-21,3.0,,,
LT-100982,2026-02-18,Peru,extended_zone,Electronics,Vertex Ergonomic Mouse,1,21.75,21.75,debit_card,1,delivered,2026-02-24,6.0,,,
LT-103915,2026-02-18,Colombia,urban,Electronics,Nova Wireless Earbuds,2,40.56,81.12,digital_wallet,1,delivered,2026-02-21,3.0,,,
LT-100571,2026-02-18,Canada,urban,Beauty,CeramicPro Hair Straightener,1,37.95,37.95,debit_card,1,delivered,2026-02-21,3.0,,,
LT-101050,2026-02-18,United States,urban,Fashion,Strida Urban Sneakers,2,46.7,93.4,bank_transfer,1,delivered,2026-02-22,4.0,,,
LT-100976,2026-02-18,Mexico,extended_zone,Fashion,TrailFit Waterproof Jacket,1,65.44,65.44,digital_wallet,1,delivered,2026-02-27,9.0,,,
LT-103371,2026-02-18,Colombia,capital,Electronics,Pulse S2 Smartwatch,1,92.65,92.65,credit_card,3,delivered,2026-02-24,6.0,,,
LT-104646,2026-02-18,Colombia,urban,Beauty,CeramicPro Hair Straightener,1,37.3,37.3,credit_card,3,delivered,2026-02-22,4.0,,,
LT-100748,2026-02-18,Peru,extended_zone,Electronics,360 WiFi Security Camera,1,49.76,49.76,credit_card,12,delivered,2026-03-02,12.0,,,
LT-104136,2026-02-18,Colombia,urban,Fashion,UrbanPack 25L Anti-theft Backpack,1,40.16,40.16,credit_card,3,delivered,2026-02-21,3.0,,,
LT-104444,2026-02-18,Peru,extended_zone,Beauty,CeramicPro Hair Straightener,2,40.55,81.1,credit_card,12,delivered,2026-02-23,5.0,,,
LT-101956,2026-02-18,Argentina,urban,Fashion,Andino Slim Fit Jeans,1,30.35,30.35,credit_card,6,delivered,2026-02-21,3.0,,,
LT-102828,2026-02-18,Colombia,urban,Home,CleanBot Lite Robot Vacuum,1,121.26,121.26,credit_card,1,delivered,2026-02-20,2.0,,,
LT-101195,2026-02-18,Canada,capital,Fashion,Andino Slim Fit Jeans,1,33.7,33.7,bank_transfer,1,delivered,2026-02-24,6.0,,,
LT-101772,2026-02-18,Mexico,capital,Fashion,Pima Cotton Basic Tee (2-pack),3,21.33,63.99,digital_wallet,1,delivered,2026-02-22,4.0,,,
LT-103475,2026-02-19,United States,capital,Accessories,14'' Hard Laptop Case,1,17.03,17.03,digital_wallet,1,delivered,2026-02-25,6.0,,,
LT-103530,2026-02-19,Colombia,extended_zone,Beauty,CeramicPro Hair Straightener,1,38.28,38.28,digital_wallet,1,cancelled,,,,,
LT-100336,2026-02-19,Colombia,urban,Fashion,Andino Slim Fit Jeans,1,32.83,32.83,bank_transfer,1,delivered,2026-02-22,3.0,,,
LT-101903,2026-02-19,United States,urban,Electronics,65W Fast Charger,1,23.51,23.51,bank_transfer,1,delivered,2026-02-22,3.0,,,
LT-103779,2026-02-19,Mexico,capital,Sports,Resistance Bands Set x5,1,14.8,14.8,credit_card,1,delivered,2026-02-24,5.0,,,
LT-104979,2026-02-19,Peru,capital,Home,Premium Queen Bedsheet Set,1,40.61,40.61,bank_transfer,1,delivered,2026-02-24,5.0,,,
LT-102532,2026-02-19,United States,extended_zone,Sports,Resistance Bands Set x5,1,13.03,13.03,bank_transfer,1,delivered,2026-03-01,10.0,,,
LT-104941,2026-02-19,United States,capital,Electronics,65W Fast Charger,1,25.54,25.54,debit_card,1,delivered,2026-02-23,4.0,,,
LT-103813,2026-02-19,Peru,extended_zone,Electronics,Boom Mini Bluetooth Speaker,1,28.16,28.16,credit_card,6,delivered,2026-02-26,7.0,,,
LT-101990,2026-02-19,Mexico,capital,Electronics,Vertex Ergonomic Mouse,1,21.03,21.03,cash_on_delivery,1,delivered,2026-02-22,3.0,,,
LT-100795,2026-02-19,Chile,capital,Beauty,CeramicPro Hair Straightener,3,40.89,122.67,debit_card,1,delivered,2026-02-23,4.0,,,
LT-104958,2026-02-19,Chile,capital,Electronics,Boom Mini Bluetooth Speaker,1,31.24,31.24,credit_card,1,delivered,2026-02-22,3.0,,,
LT-104738,2026-02-19,Peru,urban,Home,Premium Queen Bedsheet Set,1,42.94,42.94,digital_wallet,1,delivered,2026-02-22,3.0,,,
LT-104537,2026-02-20,Mexico,urban,Home,CompactChef 4L Air Fryer,1,79.97,79.97,debit_card,1,delivered,2026-02-24,4.0,,,
LT-100741,2026-02-20,Canada,extended_zone,Electronics,Vertex Ergonomic Mouse,2,19.87,39.74,digital_wallet,1,delivered,2026-02-25,5.0,,,
LT-102573,2026-02-20,Chile,capital,Fashion,Pima Cotton Basic Tee (2-pack),1,20.75,20.75,cash_on_delivery,1,delivered,2026-02-23,3.0,,,
LT-102870,2026-02-20,Mexico,urban,Beauty,AirStyle Ionic Hair Dryer,3,46.76,140.28,credit_card,3,delivered,2026-02-24,4.0,,,
LT-101464,2026-02-20,United States,extended_zone,Electronics,Boom Mini Bluetooth Speaker,1,27.99,27.99,digital_wallet,1,delivered,2026-02-28,8.0,,,
LT-103815,2026-02-20,Colombia,capital,Electronics,65W Fast Charger,1,25.24,25.24,debit_card,1,delivered,2026-02-24,4.0,,,
LT-103085,2026-02-20,United States,capital,Electronics,Boom Mini Bluetooth Speaker,1,28.05,28.05,credit_card,1,delivered,2026-02-24,4.0,,,
LT-104394,2026-02-20,Canada,urban,Fashion,UrbanPack 25L Anti-theft Backpack,2,37.53,75.06,bank_transfer,1,delivered,2026-02-22,2.0,,,
LT-104971,2026-02-20,Argentina,urban,Electronics,65W Fast Charger,1,25.98,25.98,credit_card,12,delivered,2026-02-22,2.0,2026-03-29,arrived_damaged,refunded
LT-104829,2026-02-20,United States,capital,Electronics,65W Fast Charger,1,23.56,23.56,credit_card,12,delivered,2026-02-24,4.0,,,
LT-102642,2026-02-21,Colombia,urban,Home,Premium Queen Bedsheet Set,1,39.6,39.6,digital_wallet,1,delivered,2026-02-25,4.0,,,
LT-104508,2026-02-21,United States,capital,Home,Premium Queen Bedsheet Set,3,40.87,122.61,debit_card,1,delivered,2026-02-25,4.0,,,
LT-100362,2026-02-21,United States,capital,Home,Flex LED Desk Lamp,1,17.79,17.79,credit_card,1,delivered,2026-02-27,6.0,,,
LT-101263,2026-02-21,Chile,urban,Sports,SteelHydro 1L Thermal Bottle,2,17.25,34.5,cash_on_delivery,1,delivered,2026-02-25,4.0,,,
LT-103244,2026-02-21,Mexico,urban,Electronics,360 WiFi Security Camera,1,49.89,49.89,bank_transfer,1,delivered,2026-02-25,4.0,2026-03-04,wrong_size_or_model,refunded
LT-102243,2026-02-21,Mexico,urban,Fashion,Andino Slim Fit Jeans,1,31.11,31.11,credit_card,1,delivered,2026-02-23,2.0,,,
LT-103600,2026-02-21,Mexico,urban,Electronics,Pulse S2 Smartwatch,1,84.03,84.03,debit_card,1,delivered,2026-02-25,4.0,,,
LT-103076,2026-02-21,Canada,urban,Electronics,360 WiFi Security Camera,1,45.4,45.4,debit_card,1,delivered,2026-02-25,4.0,,,
LT-101022,2026-02-21,Mexico,urban,Home,Stackable Kitchen Organizer x3,1,15.8,15.8,digital_wallet,1,delivered,2026-02-24,3.0,,,
LT-100279,2026-02-21,United States,extended_zone,Electronics,Vertex Ergonomic Mouse,2,21.57,43.14,bank_transfer,1,delivered,2026-03-01,8.0,,,
LT-103596,2026-02-21,Peru,capital,Accessories,14'' Hard Laptop Case,1,16.38,16.38,cash_on_delivery,1,delivered,2026-02-26,5.0,,,
LT-101469,2026-02-21,Argentina,capital,Home,CompactChef 4L Air Fryer,1,78.96,78.96,debit_card,1,delivered,2026-02-24,3.0,,,
LT-102495,2026-02-21,Canada,urban,Accessories,Vista Polarized Sunglasses,1,25.61,25.61,credit_card,3,delivered,2026-02-24,3.0,,,
LT-104973,2026-02-21,Canada,urban,Electronics,Pulse S2 Smartwatch,3,89.55,268.65,credit_card,1,delivered,2026-02-25,4.0,,,
LT-101888,2026-02-21,Chile,extended_zone,Electronics,360 WiFi Security Camera,2,50.82,101.64,debit_card,1,delivered,2026-03-01,8.0,,,
LT-102501,2026-02-21,Argentina,urban,Fashion,Strida Urban Sneakers,1,52.73,52.73,credit_card,6,delivered,2026-02-25,4.0,,,
LT-104836,2026-02-22,Colombia,urban,Accessories,Interchangeable Watch Strap,1,8.84,8.84,digital_wallet,1,cancelled,,,,,
LT-102968,2026-02-22,Colombia,urban,Electronics,Vertex Ergonomic Mouse,1,20.17,20.17,bank_transfer,1,delivered,2026-02-26,4.0,,,
LT-101015,2026-02-22,Canada,extended_zone,Accessories,Foldable Phone Stand,1,10.25,10.25,debit_card,1,delivered,2026-03-04,10.0,,,
LT-102540,2026-02-22,Mexico,extended_zone,Electronics,65W Fast Charger,1,23.59,23.59,debit_card,1,delivered,2026-03-01,7.0,,,
LT-104560,2026-02-22,Peru,urban,Electronics,Pulse S2 Smartwatch,1,85.92,85.92,credit_card,12,delivered,2026-02-26,4.0,,,
LT-100200,2026-02-22,Argentina,urban,Home,Stackable Kitchen Organizer x3,1,15.99,15.99,cash_on_delivery,1,delivered,2026-02-24,2.0,,,
LT-104997,2026-02-22,Mexico,capital,Electronics,Boom Mini Bluetooth Speaker,1,30.62,30.62,digital_wallet,1,delivered,2026-02-28,6.0,,,
LT-103258,2026-02-22,Mexico,extended_zone,Fashion,Andino Slim Fit Jeans,3,34.07,102.21,credit_card,1,delivered,2026-03-06,12.0,,,
LT-104667,2026-02-22,Mexico,extended_zone,Electronics,Boom Mini Bluetooth Speaker,2,27.71,55.42,bank_transfer,1,delivered,2026-02-27,5.0,,,
LT-103592,2026-02-22,Mexico,extended_zone,Beauty,Complete Skincare Routine Kit,1,36.89,36.89,credit_card,1,cancelled,,,,,
LT-101643,2026-02-22,Mexico,urban,Fashion,TrailFit Waterproof Jacket,1,67.38,67.38,digital_wallet,1,delivered,2026-02-25,3.0,,,
LT-101533,2026-02-22,Mexico,capital,Beauty,Complete Skincare Routine Kit,1,37.96,37.96,bank_transfer,1,delivered,2026-02-25,3.0,,,
LT-102409,2026-02-23,Peru,capital,Electronics,Kova K61 Mechanical Keyboard,1,50.38,50.38,credit_card,12,delivered,2026-03-01,6.0,,,
LT-101484,2026-02-23,Chile,extended_zone,Beauty,AirStyle Ionic Hair Dryer,2,45.77,91.54,debit_card,1,delivered,2026-03-05,10.0,,,
LT-103331,2026-02-23,Chile,capital,Home,CleanBot Lite Robot Vacuum,3,125.81,377.43,credit_card,3,delivered,2026-03-01,6.0,,,
LT-104004,2026-02-23,United States,urban,Electronics,Nova Wireless Earbuds,2,37.35,74.7,digital_wallet,1,delivered,2026-02-27,4.0,,,
LT-100670,2026-02-23,Canada,extended_zone,Home,CompactChef 4L Air Fryer,1,69.68,69.68,bank_transfer,1,delivered,2026-03-01,6.0,,,
LT-102242,2026-02-23,Chile,extended_zone,Electronics,360 WiFi Security Camera,1,46.05,46.05,credit_card,1,delivered,2026-03-05,10.0,,,
LT-100877,2026-02-23,Colombia,urban,Sports,Pro Non-slip Yoga Mat,1,19.58,19.58,digital_wallet,1,delivered,2026-02-26,3.0,,,
LT-103049,2026-02-24,Colombia,capital,Electronics,360 WiFi Security Camera,1,49.67,49.67,digital_wallet,1,delivered,2026-02-28,4.0,,,
LT-101007,2026-02-24,United States,capital,Electronics,65W Fast Charger,1,26.35,26.35,credit_card,12,delivered,2026-02-27,3.0,,,
LT-101092,2026-02-24,Canada,urban,Beauty,CeramicPro Hair Straightener,1,41.2,41.2,credit_card,3,delivered,2026-02-27,3.0,,,
LT-101348,2026-02-24,Peru,extended_zone,Sports,Resistance Bands Set x5,1,14.15,14.15,credit_card,6,delivered,2026-03-07,11.0,,,
LT-101013,2026-02-24,Mexico,urban,Electronics,Nova Wireless Earbuds,3,40.56,121.68,digital_wallet,1,delivered,2026-02-27,3.0,,,
LT-104148,2026-02-24,Mexico,urban,Electronics,Vertex Ergonomic Mouse,2,22.42,44.84,bank_transfer,1,delivered,2026-02-28,4.0,,,
LT-104150,2026-02-24,Colombia,urban,Home,Premium Queen Bedsheet Set,2,42.53,85.06,credit_card,6,delivered,2026-02-27,3.0,,,
LT-103890,2026-02-24,Peru,capital,Sports,Pro Non-slip Yoga Mat,1,18.91,18.91,debit_card,1,delivered,2026-03-02,6.0,,,
LT-103740,2026-02-25,Colombia,extended_zone,Electronics,Nova Wireless Earbuds,2,37.93,75.86,cash_on_delivery,1,delivered,2026-03-07,10.0,,,
LT-102564,2026-02-25,Mexico,urban,Electronics,Boom Mini Bluetooth Speaker,1,27.66,27.66,debit_card,1,delivered,2026-02-27,2.0,,,
LT-102580,2026-02-25,Chile,urban,Sports,Resistance Bands Set x5,1,14.29,14.29,digital_wallet,1,delivered,2026-02-27,2.0,,,
LT-101279,2026-02-25,Chile,urban,Fashion,Pima Cotton Basic Tee (2-pack),1,22.15,22.15,credit_card,6,delivered,2026-02-27,2.0,,,
LT-104023,2026-02-26,Mexico,capital,Sports,Resistance Bands Set x5,1,14.17,14.17,digital_wallet,1,delivered,2026-03-01,3.0,,,
LT-100850,2026-02-26,Colombia,urban,Electronics,360 WiFi Security Camera,2,48.05,96.1,cash_on_delivery,1,delivered,2026-03-02,4.0,,,
LT-104903,2026-02-26,Mexico,capital,Sports,SteelHydro 1L Thermal Bottle,1,16.9,16.9,bank_transfer,1,delivered,2026-03-03,5.0,,,
LT-104175,2026-02-26,Mexico,urban,Home,Premium Queen Bedsheet Set,1,41.61,41.61,debit_card,1,delivered,2026-03-02,4.0,,,
LT-103488,2026-02-26,Mexico,urban,Home,Premium Queen Bedsheet Set,1,44.36,44.36,debit_card,1,delivered,2026-03-02,4.0,2026-03-05,defective_product,refunded
LT-102085,2026-02-26,United States,urban,Electronics,65W Fast Charger,1,23.56,23.56,credit_card,3,delivered,2026-03-01,3.0,,,
LT-102864,2026-02-26,Mexico,urban,Home,Stackable Kitchen Organizer x3,2,14.87,29.74,credit_card,3,delivered,2026-02-28,2.0,,,
LT-103050,2026-02-26,Colombia,extended_zone,Electronics,Kova K61 Mechanical Keyboard,1,54.66,54.66,credit_card,6,delivered,2026-03-07,9.0,,,
LT-103863,2026-02-26,Chile,extended_zone,Home,CompactChef 4L Air Fryer,2,74.36,148.72,digital_wallet,1,delivered,2026-03-07,9.0,,,
LT-101931,2026-02-26,Mexico,capital,Accessories,Foldable Phone Stand,1,9.84,9.84,credit_card,1,delivered,2026-03-02,4.0,,,
LT-102952,2026-02-26,Colombia,urban,Accessories,Foldable Phone Stand,1,9.93,9.93,debit_card,1,delivered,2026-03-02,4.0,,,
LT-101467,2026-02-26,United States,urban,Beauty,CeramicPro Hair Straightener,1,41.24,41.24,bank_transfer,1,delivered,2026-03-02,4.0,2026-03-06,not_as_described,refunded
LT-103643,2026-02-27,Mexico,capital,Fashion,UrbanPack 25L Anti-theft Backpack,1,38.18,38.18,bank_transfer,1,delivered,2026-03-04,5.0,,,
LT-101722,2026-02-27,Colombia,capital,Electronics,65W Fast Charger,1,23.98,23.98,debit_card,1,delivered,2026-03-03,4.0,,,
LT-104103,2026-02-27,Mexico,urban,Home,Premium Queen Bedsheet Set,1,43.65,43.65,credit_card,3,delivered,2026-03-01,2.0,,,
LT-100996,2026-02-27,Colombia,extended_zone,Electronics,Boom Mini Bluetooth Speaker,1,28.45,28.45,debit_card,1,delivered,2026-03-09,10.0,,,
LT-101471,2026-02-27,Argentina,urban,Fashion,Strida Urban Sneakers,1,52.05,52.05,digital_wallet,1,delivered,2026-03-02,3.0,,,
LT-102171,2026-02-27,Colombia,capital,Electronics,65W Fast Charger,1,25.97,25.97,digital_wallet,1,delivered,2026-03-02,3.0,,,
LT-104424,2026-02-27,Mexico,capital,Electronics,Pulse S2 Smartwatch,3,89.21,267.63,cash_on_delivery,1,delivered,2026-03-05,6.0,2026-03-13,changed_mind,refunded
LT-100505,2026-02-27,Canada,urban,Electronics,Vertex Ergonomic Mouse,1,21.89,21.89,bank_transfer,1,delivered,2026-03-03,4.0,,,
LT-101350,2026-02-27,Argentina,capital,Electronics,Boom Mini Bluetooth Speaker,2,27.5,55.0,debit_card,1,delivered,2026-03-03,4.0,,,
LT-101932,2026-02-28,Argentina,capital,Sports,Resistance Bands Set x5,1,14.28,14.28,credit_card,1,delivered,2026-03-06,6.0,,,
LT-100464,2026-02-28,Mexico,capital,Electronics,Pulse S2 Smartwatch,1,83.38,83.38,digital_wallet,1,delivered,2026-03-04,4.0,,,
LT-103803,2026-02-28,Argentina,extended_zone,Accessories,14'' Hard Laptop Case,1,17.3,17.3,credit_card,6,delivered,2026-03-10,10.0,,,
LT-100557,2026-02-28,United States,urban,Sports,Pro Non-slip Yoga Mat,1,21.03,21.03,credit_card,1,delivered,2026-03-04,4.0,,,
LT-104597,2026-02-28,Canada,urban,Sports,Pro Non-slip Yoga Mat,2,18.79,37.58,credit_card,1,delivered,2026-03-02,2.0,,,
LT-103840,2026-02-28,United States,urban,Fashion,Strida Urban Sneakers,1,51.22,51.22,debit_card,1,delivered,2026-03-02,2.0,,,
LT-101868,2026-02-28,Canada,urban,Home,Stackable Kitchen Organizer x3,1,15.28,15.28,debit_card,1,delivered,2026-03-04,4.0,2026-03-10,wrong_size_or_model,under_review
LT-102424,2026-02-28,Mexico,urban,Sports,Pro Non-slip Yoga Mat,1,18.54,18.54,debit_card,1,delivered,2026-03-03,3.0,,,
LT-100093,2026-02-28,United States,urban,Fashion,Andino Slim Fit Jeans,1,33.01,33.01,credit_card,12,delivered,2026-03-03,3.0,,,
LT-104556,2026-03-01,Chile,urban,Beauty,AirStyle Ionic Hair Dryer,2,42.6,85.2,debit_card,1,delivered,2026-03-04,3.0,,,
LT-103476,2026-03-01,Chile,capital,Fashion,Andino Slim Fit Jeans,1,31.01,31.01,digital_wallet,1,delivered,2026-03-05,4.0,,,
LT-102316,2026-03-01,United States,capital,Electronics,65W Fast Charger,1,25.65,25.65,cash_on_delivery,1,delivered,2026-03-06,5.0,,,
LT-100309,2026-03-01,Peru,urban,Fashion,UrbanPack 25L Anti-theft Backpack,1,36.67,36.67,debit_card,1,delivered,2026-03-05,4.0,,,
LT-100806,2026-03-01,Chile,urban,Electronics,65W Fast Charger,1,23.85,23.85,credit_card,1,delivered,2026-03-03,2.0,2026-03-23,defective_product,refunded
LT-104923,2026-03-01,Chile,capital,Sports,SteelHydro 1L Thermal Bottle,1,17.48,17.48,credit_card,1,delivered,2026-03-04,3.0,,,
LT-103118,2026-03-01,Canada,capital,Home,CleanBot Lite Robot Vacuum,1,122.69,122.69,bank_transfer,1,delivered,2026-03-04,3.0,,,
LT-104143,2026-03-01,Colombia,capital,Fashion,Strida Urban Sneakers,2,52.93,105.86,debit_card,1,delivered,2026-03-07,6.0,,,
LT-103294,2026-03-02,Chile,capital,Electronics,Boom Mini Bluetooth Speaker,1,31.55,31.55,digital_wallet,1,delivered,2026-03-07,5.0,,,
LT-100846,2026-03-02,United States,capital,Fashion,Strida Urban Sneakers,2,48.97,97.94,credit_card,6,delivered,2026-03-07,5.0,,,
LT-102895,2026-03-02,Mexico,urban,Electronics,Kova K61 Mechanical Keyboard,1,50.96,50.96,credit_card,1,delivered,2026-03-04,2.0,,,
LT-100063,2026-03-02,Peru,capital,Beauty,Complete Skincare Routine Kit,2,37.65,75.3,debit_card,1,delivered,2026-03-08,6.0,2026-03-17,arrived_damaged,refunded
LT-103679,2026-03-02,Mexico,capital,Fashion,Strida Urban Sneakers,1,53.26,53.26,digital_wallet,1,delivered,2026-03-05,3.0,,,
LT-104985,2026-03-02,Canada,capital,Fashion,UrbanPack 25L Anti-theft Backpack,1,39.51,39.51,digital_wallet,1,delivered,2026-03-06,4.0,,,
LT-103040,2026-03-02,Chile,urban,Electronics,Vertex Ergonomic Mouse,1,21.06,21.06,digital_wallet,1,delivered,2026-03-06,4.0,,,
LT-100580,2026-03-02,Peru,urban,Home,Stackable Kitchen Organizer x3,2,16.74,33.48,debit_card,1,delivered,2026-03-06,4.0,,,
LT-103854,2026-03-02,Colombia,urban,Home,CompactChef 4L Air Fryer,2,78.43,156.86,credit_card,1,delivered,2026-03-05,3.0,,,
LT-103635,2026-03-03,Mexico,extended_zone,Beauty,CeramicPro Hair Straightener,1,38.43,38.43,credit_card,3,delivered,2026-03-09,6.0,,,
LT-102314,2026-03-03,Argentina,capital,Electronics,Boom Mini Bluetooth Speaker,1,30.2,30.2,cash_on_delivery,1,delivered,2026-03-07,4.0,,,
LT-103370,2026-03-03,Argentina,urban,Electronics,Nova Wireless Earbuds,1,42.27,42.27,digital_wallet,1,delivered,2026-03-05,2.0,,,
LT-102793,2026-03-03,Argentina,extended_zone,Home,Premium Queen Bedsheet Set,1,44.31,44.31,bank_transfer,1,delivered,2026-03-10,7.0,,,
LT-103506,2026-03-03,Chile,urban,Sports,Resistance Bands Set x5,1,13.15,13.15,digital_wallet,1,delivered,2026-03-05,2.0,,,
LT-104054,2026-03-03,Mexico,urban,Electronics,Vertex Ergonomic Mouse,1,19.67,19.67,cash_on_delivery,1,delivered,2026-03-06,3.0,,,
LT-104496,2026-03-03,United States,extended_zone,Fashion,TrailFit Waterproof Jacket,1,64.44,64.44,digital_wallet,1,delivered,2026-03-09,6.0,,,
LT-104783,2026-03-03,Argentina,urban,Home,Premium Queen Bedsheet Set,1,40.64,40.64,cash_on_delivery,1,delivered,2026-03-06,3.0,,,
LT-101567,2026-03-03,Mexico,extended_zone,Home,Stackable Kitchen Organizer x3,1,16.61,16.61,debit_card,1,delivered,2026-03-15,12.0,,,
LT-101270,2026-03-04,United States,urban,Electronics,Boom Mini Bluetooth Speaker,1,27.69,27.69,cash_on_delivery,1,delivered,2026-03-08,4.0,,,
LT-104931,2026-03-04,United States,capital,Electronics,Boom Mini Bluetooth Speaker,1,29.69,29.69,cash_on_delivery,1,delivered,2026-03-09,5.0,,,
LT-103925,2026-03-04,Canada,urban,Electronics,Pulse S2 Smartwatch,1,86.0,86.0,debit_card,1,delivered,2026-03-07,3.0,,,
LT-101694,2026-03-04,Mexico,extended_zone,Electronics,Vertex Ergonomic Mouse,2,20.91,41.82,credit_card,1,delivered,2026-03-16,12.0,,,
LT-101648,2026-03-04,Mexico,urban,Home,CleanBot Lite Robot Vacuum,1,131.94,131.94,digital_wallet,1,delivered,2026-03-06,2.0,,,
LT-102797,2026-03-04,Colombia,capital,Electronics,Nova Wireless Earbuds,1,39.87,39.87,bank_transfer,1,delivered,2026-03-09,5.0,,,
LT-101381,2026-03-04,Mexico,extended_zone,Electronics,65W Fast Charger,1,24.88,24.88,debit_card,1,delivered,2026-03-10,6.0,,,
LT-102255,2026-03-04,Mexico,urban,Electronics,65W Fast Charger,2,24.16,48.32,credit_card,6,delivered,2026-03-08,4.0,,,
LT-102784,2026-03-04,United States,urban,Home,Stackable Kitchen Organizer x3,1,16.36,16.36,debit_card,1,delivered,2026-03-08,4.0,,,
LT-102758,2026-03-04,Mexico,capital,Beauty,AirStyle Ionic Hair Dryer,2,46.12,92.24,bank_transfer,1,delivered,2026-03-08,4.0,,,
LT-100778,2026-03-04,Canada,capital,Fashion,TrailFit Waterproof Jacket,2,61.36,122.72,digital_wallet,1,delivered,2026-03-09,5.0,,,
LT-103158,2026-03-04,Mexico,extended_zone,Sports,Pro Non-slip Yoga Mat,2,20.84,41.68,cash_on_delivery,1,delivered,2026-03-12,8.0,2026-03-19,defective_product,refunded
LT-100732,2026-03-04,Mexico,extended_zone,Electronics,360 WiFi Security Camera,1,50.7,50.7,digital_wallet,1,delivered,2026-03-11,7.0,,,
LT-104070,2026-03-05,Mexico,extended_zone,Fashion,UrbanPack 25L Anti-theft Backpack,2,39.39,78.78,debit_card,1,delivered,2026-03-17,12.0,,,
LT-104236,2026-03-05,Argentina,urban,Beauty,CeramicPro Hair Straightener,2,39.13,78.26,digital_wallet,1,delivered,2026-03-07,2.0,,,
LT-103934,2026-03-05,Peru,urban,Fashion,Strida Urban Sneakers,1,46.45,46.45,credit_card,1,delivered,2026-03-08,3.0,,,
LT-103532,2026-03-05,Chile,urban,Electronics,360 WiFi Security Camera,1,50.4,50.4,cash_on_delivery,1,delivered,2026-03-07,2.0,,,
LT-102739,2026-03-05,Argentina,capital,Electronics,Vertex Ergonomic Mouse,1,21.2,21.2,digital_wallet,1,delivered,2026-03-11,6.0,,,
LT-101906,2026-03-05,United States,urban,Fashion,Pima Cotton Basic Tee (2-pack),1,20.81,20.81,bank_transfer,1,delivered,2026-03-07,2.0,,,
LT-100246,2026-03-05,Colombia,capital,Fashion,TrailFit Waterproof Jacket,1,61.41,61.41,bank_transfer,1,cancelled,,,,,
LT-104921,2026-03-05,Mexico,capital,Home,CompactChef 4L Air Fryer,1,71.9,71.9,digital_wallet,1,delivered,2026-03-08,3.0,,,
LT-104163,2026-03-05,Canada,urban,Fashion,Andino Slim Fit Jeans,2,33.46,66.92,debit_card,1,cancelled,,,,,
LT-103363,2026-03-05,Colombia,urban,Electronics,65W Fast Charger,1,25.65,25.65,credit_card,1,delivered,2026-03-08,3.0,,,
LT-102533,2026-03-05,Argentina,extended_zone,Home,CleanBot Lite Robot Vacuum,3,127.25,381.75,credit_card,3,delivered,2026-03-12,7.0,,,
LT-104792,2026-03-05,Colombia,extended_zone,Home,CompactChef 4L Air Fryer,1,75.16,75.16,bank_transfer,1,delivered,2026-03-13,8.0,,,
LT-104531,2026-03-05,United States,capital,Home,Premium Queen Bedsheet Set,1,42.32,42.32,digital_wallet,1,delivered,2026-03-09,4.0,,,
LT-101000,2026-03-05,Colombia,capital,Fashion,Andino Slim Fit Jeans,1,31.55,31.55,digital_wallet,1,delivered,2026-03-09,4.0,,,
LT-100828,2026-03-05,Mexico,capital,Fashion,TrailFit Waterproof Jacket,1,67.17,67.17,credit_card,1,delivered,2026-03-09,4.0,,,
LT-104964,2026-03-05,Chile,urban,Home,CleanBot Lite Robot Vacuum,1,134.63,134.63,digital_wallet,1,delivered,2026-03-09,4.0,,,
LT-100417,2026-03-06,Argentina,urban,Electronics,65W Fast Charger,1,24.83,24.83,bank_transfer,1,delivered,2026-03-08,2.0,,,
LT-102433,2026-03-06,Mexico,urban,Home,CompactChef 4L Air Fryer,1,70.89,70.89,credit_card,3,delivered,2026-03-09,3.0,,,
LT-102351,2026-03-06,Mexico,urban,Electronics,Vertex Ergonomic Mouse,1,19.59,19.59,digital_wallet,1,delivered,2026-03-10,4.0,,,
LT-104523,2026-03-06,Mexico,capital,Electronics,Boom Mini Bluetooth Speaker,1,31.5,31.5,credit_card,1,delivered,2026-03-09,3.0,2026-03-11,defective_product,under_review
LT-100771,2026-03-06,United States,extended_zone,Electronics,Vertex Ergonomic Mouse,1,20.28,20.28,credit_card,3,delivered,2026-03-14,8.0,,,
LT-100861,2026-03-06,Mexico,extended_zone,Home,Stackable Kitchen Organizer x3,3,15.19,45.57,bank_transfer,1,delivered,2026-03-13,7.0,,,
LT-103357,2026-03-06,Peru,urban,Electronics,65W Fast Charger,1,26.31,26.31,credit_card,3,delivered,2026-03-10,4.0,,,
LT-101437,2026-03-06,Argentina,capital,Electronics,Boom Mini Bluetooth Speaker,3,29.38,88.14,cash_on_delivery,1,delivered,2026-03-11,5.0,,,
LT-104866,2026-03-06,Argentina,urban,Electronics,Pulse S2 Smartwatch,1,87.51,87.51,digital_wallet,1,delivered,2026-03-08,2.0,,,
LT-102444,2026-03-06,Mexico,extended_zone,Accessories,Interchangeable Watch Strap,1,8.0,8.0,bank_transfer,1,delivered,2026-03-16,10.0,,,
LT-101190,2026-03-06,Chile,urban,Home,Premium Queen Bedsheet Set,1,42.93,42.93,credit_card,3,delivered,2026-03-09,3.0,,,
LT-104795,2026-03-06,Mexico,extended_zone,Electronics,Vertex Ergonomic Mouse,1,20.21,20.21,credit_card,12,delivered,2026-03-17,11.0,,,
LT-104584,2026-03-07,Mexico,urban,Fashion,Andino Slim Fit Jeans,1,30.95,30.95,credit_card,6,delivered,2026-03-09,2.0,,,
LT-102779,2026-03-07,Chile,capital,Electronics,Boom Mini Bluetooth Speaker,2,28.65,57.3,credit_card,1,delivered,2026-03-11,4.0,,,
LT-102730,2026-03-07,United States,capital,Electronics,360 WiFi Security Camera,1,45.36,45.36,credit_card,12,delivered,2026-03-13,6.0,2026-03-14,not_as_described,under_review
LT-100026,2026-03-07,Colombia,urban,Fashion,TrailFit Waterproof Jacket,2,66.46,132.92,credit_card,6,delivered,2026-03-11,4.0,,,
LT-100819,2026-03-07,Colombia,extended_zone,Electronics,Boom Mini Bluetooth Speaker,2,31.14,62.28,digital_wallet,1,delivered,2026-03-19,12.0,,,
LT-102723,2026-03-07,United States,capital,Accessories,Interchangeable Watch Strap,1,7.92,7.92,cash_on_delivery,1,delivered,2026-03-10,3.0,,,
LT-104777,2026-03-07,Peru,capital,Electronics,360 WiFi Security Camera,2,49.57,99.14,credit_card,1,delivered,2026-03-13,6.0,,,
LT-100988,2026-03-07,Canada,urban,Beauty,CeramicPro Hair Straightener,1,37.08,37.08,digital_wallet,1,delivered,2026-03-10,3.0,,,
LT-102901,2026-03-08,Colombia,urban,Home,Stackable Kitchen Organizer x3,2,16.9,33.8,credit_card,1,delivered,2026-03-10,2.0,,,
LT-101175,2026-03-08,Peru,urban,Electronics,Vertex Ergonomic Mouse,1,22.3,22.3,credit_card,1,delivered,2026-03-11,3.0,2026-03-13,defective_product,refunded
LT-104564,2026-03-08,Canada,extended_zone,Electronics,Vertex Ergonomic Mouse,1,20.84,20.84,bank_transfer,1,delivered,2026-03-17,9.0,,,
LT-103137,2026-03-08,Chile,capital,Fashion,Strida Urban Sneakers,2,49.34,98.68,bank_transfer,1,delivered,2026-03-14,6.0,,,
LT-100014,2026-03-08,Peru,capital,Fashion,Strida Urban Sneakers,1,53.06,53.06,credit_card,1,delivered,2026-03-12,4.0,,,
LT-101811,2026-03-08,Mexico,capital,Electronics,Vertex Ergonomic Mouse,1,22.31,22.31,digital_wallet,1,delivered,2026-03-13,5.0,,,
LT-102060,2026-03-08,United States,urban,Fashion,Pima Cotton Basic Tee (2-pack),1,21.57,21.57,credit_card,12,delivered,2026-03-10,2.0,,,
LT-100609,2026-03-08,Colombia,urban,Electronics,Nova Wireless Earbuds,1,38.25,38.25,cash_on_delivery,1,delivered,2026-03-12,4.0,,,
LT-100832,2026-03-09,Colombia,urban,Electronics,Boom Mini Bluetooth Speaker,1,30.33,30.33,digital_wallet,1,delivered,2026-03-13,4.0,,,
LT-104327,2026-03-09,Mexico,urban,Electronics,Vertex Ergonomic Mouse,1,22.16,22.16,bank_transfer,1,delivered,2026-03-11,2.0,,,
LT-104661,2026-03-09,Colombia,urban,Electronics,Pulse S2 Smartwatch,1,93.41,93.41,digital_wallet,1,delivered,2026-03-12,3.0,,,
LT-102232,2026-03-09,Mexico,urban,Sports,Resistance Bands Set x5,1,13.68,13.68,digital_wallet,1,delivered,2026-03-13,4.0,,,
LT-100424,2026-03-09,Argentina,extended_zone,Beauty,AirStyle Ionic Hair Dryer,1,44.0,44.0,credit_card,6,delivered,2026-03-16,7.0,,,
LT-104119,2026-03-09,Argentina,capital,Electronics,Vertex Ergonomic Mouse,1,21.54,21.54,credit_card,3,delivered,2026-03-12,3.0,,,
LT-104102,2026-03-09,Chile,urban,Fashion,TrailFit Waterproof Jacket,1,66.75,66.75,credit_card,1,delivered,2026-03-12,3.0,2026-04-01,changed_mind,refunded
LT-100620,2026-03-09,Colombia,capital,Sports,Pro Non-slip Yoga Mat,1,18.74,18.74,bank_transfer,1,delivered,2026-03-12,3.0,,,
LT-100608,2026-03-09,Colombia,capital,Home,Flex LED Desk Lamp,1,17.68,17.68,credit_card,12,delivered,2026-03-13,4.0,,,
LT-102898,2026-03-09,Argentina,capital,Electronics,Pulse S2 Smartwatch,2,94.53,189.06,digital_wallet,1,delivered,2026-03-12,3.0,,,
LT-103183,2026-03-09,Colombia,urban,Home,CompactChef 4L Air Fryer,1,78.95,78.95,debit_card,1,delivered,2026-03-11,2.0,,,
LT-103688,2026-03-10,Colombia,urban,Beauty,AirStyle Ionic Hair Dryer,1,44.49,44.49,credit_card,3,delivered,2026-03-12,2.0,,,
LT-102729,2026-03-10,Mexico,urban,Electronics,360 WiFi Security Camera,1,48.71,48.71,debit_card,1,delivered,2026-03-13,3.0,,,
LT-104188,2026-03-10,Peru,extended_zone,Electronics,Vertex Ergonomic Mouse,1,20.2,20.2,credit_card,6,delivered,2026-03-16,6.0,,,
LT-102399,2026-03-10,Chile,capital,Electronics,Nova Wireless Earbuds,2,41.53,83.06,debit_card,1,cancelled,,,,,
LT-103830,2026-03-10,Colombia,capital,Electronics,65W Fast Charger,1,26.13,26.13,credit_card,1,delivered,2026-03-16,6.0,,,
LT-103458,2026-03-10,United States,capital,Electronics,Boom Mini Bluetooth Speaker,1,29.41,29.41,digital_wallet,1,delivered,2026-03-13,3.0,2026-03-19,defective_product,refunded
LT-102697,2026-03-10,Peru,extended_zone,Fashion,UrbanPack 25L Anti-theft Backpack,1,38.8,38.8,bank_transfer,1,delivered,2026-03-20,10.0,,,
LT-103084,2026-03-10,Argentina,extended_zone,Sports,Resistance Bands Set x5,1,13.62,13.62,credit_card,1,delivered,2026-03-18,8.0,,,
LT-104182,2026-03-10,Colombia,urban,Fashion,Strida Urban Sneakers,1,50.49,50.49,digital_wallet,1,delivered,2026-03-13,3.0,,,
LT-100187,2026-03-10,Chile,capital,Electronics,Nova Wireless Earbuds,1,38.41,38.41,digital_wallet,1,delivered,2026-03-15,5.0,,,
LT-100683,2026-03-10,Mexico,capital,Accessories,Foldable Phone Stand,1,9.77,9.77,digital_wallet,1,delivered,2026-03-13,3.0,,,
LT-104039,2026-03-11,Colombia,extended_zone,Fashion,UrbanPack 25L Anti-theft Backpack,1,35.42,35.42,digital_wallet,1,cancelled,,,,,
LT-102657,2026-03-11,Colombia,extended_zone,Electronics,Pulse S2 Smartwatch,1,94.66,94.66,bank_transfer,1,delivered,2026-03-16,5.0,,,
LT-103796,2026-03-11,Colombia,capital,Electronics,Boom Mini Bluetooth Speaker,1,28.87,28.87,debit_card,1,delivered,2026-03-14,3.0,,,
LT-103652,2026-03-11,United States,capital,Electronics,65W Fast Charger,2,25.12,50.24,debit_card,1,delivered,2026-03-16,5.0,,,
LT-101899,2026-03-11,Argentina,urban,Home,CompactChef 4L Air Fryer,1,76.32,76.32,digital_wallet,1,delivered,2026-03-15,4.0,,,
LT-103135,2026-03-11,Peru,extended_zone,Fashion,Pima Cotton Basic Tee (2-pack),1,21.43,21.43,credit_card,3,delivered,2026-03-20,9.0,,,
LT-100358,2026-03-11,United States,urban,Electronics,Vertex Ergonomic Mouse,1,21.01,21.01,bank_transfer,1,delivered,2026-03-13,2.0,,,
LT-104520,2026-03-11,Mexico,extended_zone,Home,Flex LED Desk Lamp,1,19.76,19.76,digital_wallet,1,delivered,2026-03-18,7.0,,,
LT-100339,2026-03-11,Argentina,capital,Electronics,Boom Mini Bluetooth Speaker,1,30.26,30.26,credit_card,1,delivered,2026-03-14,3.0,,,
LT-104552,2026-03-11,United States,urban,Beauty,Complete Skincare Routine Kit,2,35.48,70.96,digital_wallet,1,delivered,2026-03-14,3.0,,,
LT-103675,2026-03-11,Chile,urban,Electronics,Boom Mini Bluetooth Speaker,1,27.74,27.74,debit_card,1,delivered,2026-03-15,4.0,,,
LT-104154,2026-03-12,Mexico,capital,Sports,Resistance Bands Set x5,1,14.24,14.24,debit_card,1,delivered,2026-03-17,5.0,,,
LT-102054,2026-03-12,Canada,capital,Electronics,65W Fast Charger,1,23.74,23.74,credit_card,3,delivered,2026-03-18,6.0,,,
LT-104655,2026-03-12,Colombia,extended_zone,Fashion,Strida Urban Sneakers,1,47.74,47.74,credit_card,1,delivered,2026-03-20,8.0,,,
LT-104525,2026-03-12,Canada,extended_zone,Home,CompactChef 4L Air Fryer,1,72.59,72.59,credit_card,6,delivered,2026-03-24,12.0,,,
LT-104632,2026-03-12,Argentina,urban,Electronics,Nova Wireless Earbuds,2,40.11,80.22,credit_card,3,delivered,2026-03-16,4.0,,,
LT-100805,2026-03-12,Argentina,capital,Home,Stackable Kitchen Organizer x3,1,16.81,16.81,cash_on_delivery,1,delivered,2026-03-16,4.0,,,
LT-103456,2026-03-12,Chile,urban,Fashion,UrbanPack 25L Anti-theft Backpack,1,38.67,38.67,credit_card,1,delivered,2026-03-14,2.0,,,
LT-104609,2026-03-12,United States,urban,Fashion,Andino Slim Fit Jeans,1,30.43,30.43,credit_card,6,delivered,2026-03-14,2.0,,,
LT-104900,2026-03-12,Colombia,capital,Accessories,Vista Polarized Sunglasses,1,27.26,27.26,digital_wallet,1,delivered,2026-03-16,4.0,,,
LT-104498,2026-03-12,Colombia,capital,Beauty,Complete Skincare Routine Kit,2,35.1,70.2,credit_card,12,delivered,2026-03-18,6.0,,,
LT-101716,2026-03-13,Argentina,urban,Electronics,360 WiFi Security Camera,1,44.27,44.27,debit_card,1,delivered,2026-03-15,2.0,2026-03-27,arrived_damaged,refunded
LT-103100,2026-03-13,United States,urban,Sports,SteelHydro 1L Thermal Bottle,1,16.73,16.73,digital_wallet,1,delivered,2026-03-15,2.0,,,
LT-100612,2026-03-13,Mexico,capital,Electronics,Kova K61 Mechanical Keyboard,1,54.52,54.52,digital_wallet,1,delivered,2026-03-16,3.0,,,
LT-100182,2026-03-13,Canada,capital,Home,CompactChef 4L Air Fryer,1,69.86,69.86,cash_on_delivery,1,delivered,2026-03-18,5.0,,,
LT-101440,2026-03-13,Argentina,capital,Beauty,Complete Skincare Routine Kit,1,36.45,36.45,debit_card,1,delivered,2026-03-19,6.0,,,
LT-103483,2026-03-13,United States,urban,Sports,SteelHydro 1L Thermal Bottle,1,17.1,17.1,cash_on_delivery,1,delivered,2026-03-15,2.0,2026-03-21,defective_product,refunded
LT-102885,2026-03-13,Colombia,capital,Home,Premium Queen Bedsheet Set,1,43.13,43.13,cash_on_delivery,1,delivered,2026-03-16,3.0,,,
LT-104849,2026-03-13,United States,capital,Sports,Resistance Bands Set x5,2,13.69,27.38,bank_transfer,1,delivered,2026-03-16,3.0,,,
LT-103709,2026-03-13,Colombia,capital,Fashion,Andino Slim Fit Jeans,1,32.61,32.61,debit_card,1,delivered,2026-03-17,4.0,2026-03-19,defective_product,refunded
LT-103422,2026-03-13,Chile,urban,Electronics,360 WiFi Security Camera,1,49.06,49.06,cash_on_delivery,1,delivered,2026-03-15,2.0,,,
LT-103744,2026-03-13,Canada,urban,Accessories,14'' Hard Laptop Case,1,18.13,18.13,bank_transfer,1,delivered,2026-03-15,2.0,,,
LT-102504,2026-03-13,Chile,capital,Fashion,UrbanPack 25L Anti-theft Backpack,1,38.31,38.31,digital_wallet,1,cancelled,,,,,
LT-103143,2026-03-13,Colombia,extended_zone,Sports,Adjustable Dumbbells 2x10kg,1,55.47,55.47,credit_card,1,delivered,2026-03-19,6.0,,,
LT-100575,2026-03-13,Mexico,capital,Fashion,UrbanPack 25L Anti-theft Backpack,1,38.38,38.38,debit_card,1,delivered,2026-03-18,5.0,,,
LT-101358,2026-03-14,United States,capital,Electronics,Nova Wireless Earbuds,3,41.4,124.2,debit_card,1,delivered,2026-03-20,6.0,,,
LT-103852,2026-03-14,Mexico,capital,Fashion,Strida Urban Sneakers,3,51.78,155.34,digital_wallet,1,delivered,2026-03-18,4.0,,,
LT-102403,2026-03-14,Mexico,urban,Fashion,TrailFit Waterproof Jacket,1,63.52,63.52,debit_card,1,delivered,2026-03-16,2.0,,,
LT-100726,2026-03-14,Canada,urban,Fashion,TrailFit Waterproof Jacket,1,61.69,61.69,bank_transfer,1,delivered,2026-03-17,3.0,,,
LT-103263,2026-03-14,United States,capital,Sports,Pro Non-slip Yoga Mat,2,20.34,40.68,debit_card,1,delivered,2026-03-19,5.0,,,
LT-100304,2026-03-14,Argentina,urban,Electronics,Pulse S2 Smartwatch,1,92.15,92.15,debit_card,1,delivered,2026-03-18,4.0,,,
LT-100365,2026-03-14,Chile,capital,Electronics,Boom Mini Bluetooth Speaker,1,29.79,29.79,credit_card,1,delivered,2026-03-20,6.0,,,
LT-102710,2026-03-14,Peru,capital,Electronics,Vertex Ergonomic Mouse,1,20.03,20.03,bank_transfer,1,delivered,2026-03-19,5.0,2026-03-31,arrived_damaged,refunded
LT-102764,2026-03-14,Chile,urban,Sports,SteelHydro 1L Thermal Bottle,1,16.63,16.63,credit_card,1,delivered,2026-03-18,4.0,,,
LT-103453,2026-03-14,Chile,capital,Electronics,Kova K61 Mechanical Keyboard,1,56.63,56.63,digital_wallet,1,delivered,2026-03-20,6.0,,,
LT-100980,2026-03-14,Canada,capital,Beauty,CeramicPro Hair Straightener,1,36.52,36.52,debit_card,1,delivered,2026-03-19,5.0,,,
LT-101205,2026-03-14,Colombia,capital,Home,CleanBot Lite Robot Vacuum,1,135.33,135.33,cash_on_delivery,1,delivered,2026-03-20,6.0,,,
LT-100130,2026-03-14,Argentina,capital,Electronics,Boom Mini Bluetooth Speaker,2,31.32,62.64,credit_card,12,cancelled,,,,,
LT-103717,2026-03-14,Canada,urban,Home,CompactChef 4L Air Fryer,1,76.62,76.62,digital_wallet,1,delivered,2026-03-17,3.0,,,
LT-102987,2026-03-14,Peru,urban,Electronics,Boom Mini Bluetooth Speaker,1,31.35,31.35,credit_card,1,delivered,2026-03-18,4.0,,,
LT-102473,2026-03-15,United States,extended_zone,Fashion,UrbanPack 25L Anti-theft Backpack,1,38.31,38.31,cash_on_delivery,1,delivered,2026-03-21,6.0,,,
LT-103338,2026-03-15,Colombia,capital,Electronics,Nova Wireless Earbuds,1,37.94,37.94,credit_card,1,delivered,2026-03-20,5.0,2026-03-26,wrong_size_or_model,refunded
LT-100089,2026-03-15,Mexico,urban,Fashion,TrailFit Waterproof Jacket,1,60.79,60.79,credit_card,1,delivered,2026-03-18,3.0,,,
LT-102801,2026-03-15,Chile,capital,Beauty,AirStyle Ionic Hair Dryer,1,43.9,43.9,bank_transfer,1,delivered,2026-03-21,6.0,,,
LT-101143,2026-03-15,United States,urban,Electronics,Vertex Ergonomic Mouse,2,20.83,41.66,digital_wallet,1,delivered,2026-03-19,4.0,,,
LT-103991,2026-03-15,Peru,urban,Home,Stackable Kitchen Organizer x3,1,15.89,15.89,bank_transfer,1,delivered,2026-03-17,2.0,,,
LT-103790,2026-03-15,United States,urban,Fashion,TrailFit Waterproof Jacket,1,61.1,61.1,digital_wallet,1,delivered,2026-03-17,2.0,2026-03-18,defective_product,refunded
LT-100351,2026-03-15,Colombia,urban,Beauty,CeramicPro Hair Straightener,1,41.6,41.6,debit_card,1,delivered,2026-03-18,3.0,,,
LT-102770,2026-03-16,Chile,urban,Home,Stackable Kitchen Organizer x3,1,14.8,14.8,cash_on_delivery,1,delivered,2026-03-18,2.0,,,
LT-104331,2026-03-16,Canada,capital,Home,Flex LED Desk Lamp,2,18.27,36.54,cash_on_delivery,1,delivered,2026-03-20,4.0,,,
LT-103480,2026-03-16,Argentina,capital,Electronics,Vertex Ergonomic Mouse,1,20.16,20.16,debit_card,1,delivered,2026-03-21,5.0,,,
LT-102397,2026-03-16,Peru,capital,Accessories,Foldable Phone Stand,1,9.39,9.39,digital_wallet,1,delivered,2026-03-19,3.0,,,
LT-101944,2026-03-16,Mexico,capital,Electronics,Nova Wireless Earbuds,1,37.63,37.63,debit_card,1,delivered,2026-03-20,4.0,,,
LT-101796,2026-03-16,Canada,urban,Home,CompactChef 4L Air Fryer,1,72.56,72.56,cash_on_delivery,1,delivered,2026-03-20,4.0,,,
LT-102077,2026-03-16,Peru,urban,Beauty,CeramicPro Hair Straightener,2,40.77,81.54,debit_card,1,delivered,2026-03-18,2.0,,,
LT-100437,2026-03-16,Mexico,capital,Sports,Pro Non-slip Yoga Mat,1,19.37,19.37,digital_wallet,1,delivered,2026-03-20,4.0,,,
LT-100462,2026-03-17,United States,capital,Home,Flex LED Desk Lamp,1,17.47,17.47,credit_card,1,delivered,2026-03-21,4.0,,,
LT-102950,2026-03-17,Chile,urban,Electronics,65W Fast Charger,1,26.56,26.56,debit_card,1,delivered,2026-03-19,2.0,,,
LT-103198,2026-03-17,Colombia,urban,Fashion,UrbanPack 25L Anti-theft Backpack,1,37.11,37.11,debit_card,1,delivered,2026-03-20,3.0,,,
LT-104078,2026-03-17,Mexico,urban,Fashion,Strida Urban Sneakers,3,48.31,144.93,debit_card,1,delivered,2026-03-21,4.0,,,
LT-102307,2026-03-17,United States,capital,Electronics,Nova Wireless Earbuds,1,42.41,42.41,digital_wallet,1,delivered,2026-03-23,6.0,,,
LT-100954,2026-03-17,Peru,extended_zone,Sports,Pro Non-slip Yoga Mat,1,20.35,20.35,debit_card,1,delivered,2026-03-22,5.0,,,
LT-101889,2026-03-17,Argentina,urban,Fashion,Andino Slim Fit Jeans,1,31.73,31.73,credit_card,3,delivered,2026-03-21,4.0,2026-03-23,defective_product,rejected
LT-104844,2026-03-17,Colombia,capital,Electronics,Boom Mini Bluetooth Speaker,1,27.78,27.78,debit_card,1,delivered,2026-03-23,6.0,,,
LT-102382,2026-03-17,Mexico,capital,Electronics,Pulse S2 Smartwatch,1,84.8,84.8,credit_card,3,delivered,2026-03-21,4.0,2026-03-28,changed_mind,refunded
LT-100011,2026-03-17,Mexico,extended_zone,Electronics,Kova K61 Mechanical Keyboard,1,56.85,56.85,digital_wallet,1,delivered,2026-03-27,10.0,,,
LT-101330,2026-03-17,Peru,capital,Electronics,65W Fast Charger,1,23.83,23.83,credit_card,1,delivered,2026-03-20,3.0,,,
LT-104664,2026-03-18,Chile,capital,Electronics,Pulse S2 Smartwatch,1,87.82,87.82,credit_card,1,delivered,2026-03-24,6.0,,,
LT-104216,2026-03-18,Peru,capital,Electronics,360 WiFi Security Camera,1,48.5,48.5,debit_card,1,delivered,2026-03-24,6.0,,,
LT-103077,2026-03-18,Peru,urban,Electronics,Boom Mini Bluetooth Speaker,1,29.25,29.25,digital_wallet,1,delivered,2026-03-20,2.0,,,
LT-100186,2026-03-18,Colombia,capital,Electronics,Kova K61 Mechanical Keyboard,1,55.43,55.43,digital_wallet,1,cancelled,,,,,
LT-103144,2026-03-18,Chile,urban,Electronics,Vertex Ergonomic Mouse,1,19.72,19.72,cash_on_delivery,1,delivered,2026-03-21,3.0,,,
LT-102423,2026-03-18,Mexico,extended_zone,Accessories,Vista Polarized Sunglasses,1,26.63,26.63,debit_card,1,delivered,2026-03-23,5.0,,,
LT-101666,2026-03-18,Argentina,urban,Home,CleanBot Lite Robot Vacuum,2,123.81,247.62,cash_on_delivery,1,delivered,2026-03-20,2.0,,,
LT-101027,2026-03-18,Colombia,extended_zone,Electronics,Boom Mini Bluetooth Speaker,1,31.36,31.36,bank_transfer,1,delivered,2026-03-27,9.0,,,
LT-100502,2026-03-18,United States,extended_zone,Home,Stackable Kitchen Organizer x3,1,16.97,16.97,credit_card,12,delivered,2026-03-25,7.0,,,
LT-104909,2026-03-18,Canada,urban,Electronics,Nova Wireless Earbuds,1,40.85,40.85,credit_card,1,delivered,2026-03-21,3.0,,,
LT-102949,2026-03-18,Mexico,urban,Home,CompactChef 4L Air Fryer,2,73.38,146.76,digital_wallet,1,delivered,2026-03-22,4.0,,,
LT-102891,2026-03-18,Colombia,capital,Fashion,UrbanPack 25L Anti-theft Backpack,1,38.58,38.58,cash_on_delivery,1,delivered,2026-03-24,6.0,,,
LT-100020,2026-03-18,United States,extended_zone,Electronics,Pulse S2 Smartwatch,1,86.65,86.65,debit_card,1,delivered,2026-03-25,7.0,,,
LT-101950,2026-03-18,Mexico,extended_zone,Electronics,Vertex Ergonomic Mouse,1,19.78,19.78,credit_card,3,delivered,2026-03-23,5.0,,,
LT-103819,2026-03-18,Chile,urban,Electronics,Nova Wireless Earbuds,2,40.84,81.68,cash_on_delivery,1,delivered,2026-03-22,4.0,,,
LT-102271,2026-03-18,Peru,urban,Electronics,360 WiFi Security Camera,1,48.38,48.38,credit_card,1,delivered,2026-03-22,4.0,,,
LT-104251,2026-03-18,Argentina,urban,Beauty,CeramicPro Hair Straightener,1,36.38,36.38,debit_card,1,delivered,2026-03-21,3.0,,,
LT-100901,2026-03-18,Colombia,urban,Home,Stackable Kitchen Organizer x3,3,15.01,45.03,debit_card,1,delivered,2026-03-22,4.0,,,
LT-102618,2026-03-18,Chile,urban,Electronics,Nova Wireless Earbuds,3,39.16,117.48,digital_wallet,1,delivered,2026-03-21,3.0,,,
LT-101665,2026-03-19,Chile,extended_zone,Electronics,Kova K61 Mechanical Keyboard,2,53.47,106.94,bank_transfer,1,delivered,2026-03-25,6.0,,,
LT-103246,2026-03-19,Colombia,capital,Electronics,Boom Mini Bluetooth Speaker,1,29.52,29.52,digital_wallet,1,delivered,2026-03-25,6.0,,,
LT-101775,2026-03-19,Mexico,urban,Home,Stackable Kitchen Organizer x3,1,16.53,16.53,cash_on_delivery,1,delivered,2026-03-23,4.0,,,
LT-101574,2026-03-19,Peru,capital,Home,CleanBot Lite Robot Vacuum,2,136.81,273.62,digital_wallet,1,delivered,2026-03-24,5.0,,,
LT-103468,2026-03-19,Colombia,capital,Electronics,Vertex Ergonomic Mouse,3,21.73,65.19,bank_transfer,1,delivered,2026-03-25,6.0,,,
LT-101031,2026-03-19,Argentina,urban,Sports,Resistance Bands Set x5,1,13.65,13.65,digital_wallet,1,delivered,2026-03-22,3.0,,,
LT-100001,2026-03-19,Canada,urban,Electronics,Boom Mini Bluetooth Speaker,1,28.74,28.74,credit_card,1,delivered,2026-03-21,2.0,,,
LT-100414,2026-03-19,Mexico,urban,Fashion,TrailFit Waterproof Jacket,1,62.42,62.42,credit_card,1,delivered,2026-03-21,2.0,,,
LT-104761,2026-03-19,Argentina,urban,Electronics,Vertex Ergonomic Mouse,1,21.33,21.33,bank_transfer,1,delivered,2026-03-21,2.0,,,
LT-102806,2026-03-19,United States,extended_zone,Electronics,Boom Mini Bluetooth Speaker,1,31.05,31.05,credit_card,6,cancelled,,,,,
LT-100770,2026-03-19,Canada,capital,Electronics,Nova Wireless Earbuds,1,38.13,38.13,bank_transfer,1,delivered,2026-03-24,5.0,2026-04-08,arrived_damaged,under_review
LT-102676,2026-03-20,Colombia,capital,Fashion,UrbanPack 25L Anti-theft Backpack,1,37.01,37.01,digital_wallet,1,delivered,2026-03-24,4.0,,,
LT-104708,2026-03-20,Chile,capital,Fashion,TrailFit Waterproof Jacket,1,68.01,68.01,digital_wallet,1,delivered,2026-03-26,6.0,,,
LT-103233,2026-03-20,Chile,urban,Fashion,TrailFit Waterproof Jacket,3,60.5,181.5,bank_transfer,1,delivered,2026-03-24,4.0,,,
LT-103288,2026-03-20,Chile,urban,Fashion,Andino Slim Fit Jeans,1,33.24,33.24,digital_wallet,1,delivered,2026-03-22,2.0,,,
LT-102164,2026-03-20,Mexico,urban,Fashion,Andino Slim Fit Jeans,1,30.98,30.98,digital_wallet,1,delivered,2026-03-22,2.0,,,
LT-101039,2026-03-20,Argentina,capital,Home,CompactChef 4L Air Fryer,1,70.85,70.85,credit_card,3,delivered,2026-03-24,4.0,,,
LT-103366,2026-03-20,Chile,capital,Fashion,TrailFit Waterproof Jacket,1,69.22,69.22,debit_card,1,delivered,2026-03-24,4.0,2026-04-01,changed_mind,rejected
LT-100587,2026-03-20,Mexico,extended_zone,Beauty,CeramicPro Hair Straightener,2,40.01,80.02,credit_card,6,delivered,2026-03-26,6.0,,,
LT-100077,2026-03-20,Mexico,capital,Accessories,Interchangeable Watch Strap,1,8.78,8.78,debit_card,1,delivered,2026-03-24,4.0,,,
LT-101759,2026-03-20,Peru,capital,Home,Flex LED Desk Lamp,1,19.67,19.67,debit_card,1,delivered,2026-03-24,4.0,,,
LT-101611,2026-03-21,United States,extended_zone,Electronics,Boom Mini Bluetooth Speaker,2,30.92,61.84,digital_wallet,1,delivered,2026-03-29,8.0,,,
LT-101605,2026-03-21,Chile,urban,Home,Stackable Kitchen Organizer x3,1,16.64,16.64,debit_card,1,delivered,2026-03-23,2.0,,,
LT-101776,2026-03-21,Mexico,urban,Electronics,Nova Wireless Earbuds,2,37.85,75.7,cash_on_delivery,1,delivered,2026-03-25,4.0,,,
LT-103681,2026-03-21,Mexico,capital,Electronics,Boom Mini Bluetooth Speaker,1,28.89,28.89,credit_card,3,delivered,2026-03-27,6.0,,,
LT-103245,2026-03-21,Chile,urban,Home,Stackable Kitchen Organizer x3,1,15.19,15.19,bank_transfer,1,delivered,2026-03-25,4.0,,,
LT-104499,2026-03-21,United States,urban,Home,CompactChef 4L Air Fryer,1,73.98,73.98,credit_card,3,delivered,2026-03-25,4.0,,,
LT-102178,2026-03-21,Canada,urban,Fashion,Andino Slim Fit Jeans,1,31.88,31.88,digital_wallet,1,delivered,2026-03-24,3.0,,,
LT-101171,2026-03-21,Mexico,urban,Electronics,Pulse S2 Smartwatch,1,91.95,91.95,debit_card,1,delivered,2026-03-25,4.0,,,
LT-103089,2026-03-21,Colombia,extended_zone,Fashion,TrailFit Waterproof Jacket,1,64.24,64.24,cash_on_delivery,1,delivered,2026-04-02,12.0,,,
LT-101099,2026-03-21,Argentina,urban,Beauty,Complete Skincare Routine Kit,1,37.72,37.72,credit_card,12,delivered,2026-03-23,2.0,,,
LT-104876,2026-03-22,Colombia,urban,Beauty,CeramicPro Hair Straightener,1,39.6,39.6,debit_card,1,delivered,2026-03-24,2.0,,,
LT-101748,2026-03-22,Colombia,extended_zone,Sports,SteelHydro 1L Thermal Bottle,1,16.39,16.39,credit_card,3,delivered,2026-03-30,8.0,,,
LT-100707,2026-03-22,Colombia,urban,Electronics,Pulse S2 Smartwatch,1,89.17,89.17,digital_wallet,1,delivered,2026-03-25,3.0,,,
LT-100772,2026-03-22,Peru,urban,Fashion,UrbanPack 25L Anti-theft Backpack,1,37.62,37.62,digital_wallet,1,delivered,2026-03-25,3.0,,,
LT-100058,2026-03-22,Mexico,extended_zone,Electronics,Boom Mini Bluetooth Speaker,1,30.0,30.0,bank_transfer,1,delivered,2026-03-29,7.0,,,
LT-101496,2026-03-22,Mexico,urban,Fashion,UrbanPack 25L Anti-theft Backpack,1,35.93,35.93,bank_transfer,1,delivered,2026-03-24,2.0,2026-03-27,wrong_size_or_model,refunded
LT-103812,2026-03-22,Peru,extended_zone,Home,Stackable Kitchen Organizer x3,1,15.99,15.99,bank_transfer,1,delivered,2026-03-28,6.0,,,
LT-101105,2026-03-22,Peru,urban,Fashion,Strida Urban Sneakers,1,52.49,52.49,credit_card,1,delivered,2026-03-24,2.0,,,
LT-103165,2026-03-23,Mexico,extended_zone,Electronics,65W Fast Charger,2,26.55,53.1,bank_transfer,1,delivered,2026-03-31,8.0,,,
LT-103748,2026-03-23,Peru,capital,Electronics,Boom Mini Bluetooth Speaker,1,30.46,30.46,credit_card,1,delivered,2026-03-29,6.0,2026-04-01,not_as_described,refunded
LT-100503,2026-03-23,Mexico,extended_zone,Electronics,360 WiFi Security Camera,1,44.49,44.49,cash_on_delivery,1,cancelled,,,,,
LT-101671,2026-03-23,Chile,urban,Home,Premium Queen Bedsheet Set,1,41.37,41.37,credit_card,1,delivered,2026-03-26,3.0,,,
LT-100637,2026-03-23,Mexico,urban,Fashion,TrailFit Waterproof Jacket,1,64.41,64.41,credit_card,1,delivered,2026-03-26,3.0,,,
LT-101111,2026-03-23,Mexico,extended_zone,Electronics,Nova Wireless Earbuds,1,41.4,41.4,cash_on_delivery,1,delivered,2026-04-01,9.0,,,
LT-102240,2026-03-23,Mexico,capital,Fashion,TrailFit Waterproof Jacket,1,69.49,69.49,digital_wallet,1,delivered,2026-03-27,4.0,,,
LT-103700,2026-03-23,Mexico,urban,Fashion,TrailFit Waterproof Jacket,1,60.97,60.97,credit_card,1,delivered,2026-03-26,3.0,,,
LT-100179,2026-03-24,United States,urban,Home,CompactChef 4L Air Fryer,1,70.19,70.19,credit_card,3,delivered,2026-03-28,4.0,2026-03-31,wrong_size_or_model,refunded
LT-103972,2026-03-24,United States,extended_zone,Home,Premium Queen Bedsheet Set,2,40.46,80.92,credit_card,6,delivered,2026-04-03,10.0,,,
LT-100127,2026-03-24,Colombia,capital,Fashion,Pima Cotton Basic Tee (2-pack),1,20.51,20.51,digital_wallet,1,delivered,2026-03-28,4.0,,,
LT-101981,2026-03-24,Colombia,capital,Electronics,Pulse S2 Smartwatch,2,82.91,165.82,digital_wallet,1,delivered,2026-03-28,4.0,,,
LT-103555,2026-03-24,Mexico,urban,Fashion,UrbanPack 25L Anti-theft Backpack,2,39.59,79.18,bank_transfer,1,delivered,2026-03-27,3.0,,,
LT-101936,2026-03-24,United States,urban,Accessories,Foldable Phone Stand,1,10.52,10.52,credit_card,12,delivered,2026-03-28,4.0,,,
LT-103834,2026-03-24,Mexico,urban,Sports,Resistance Bands Set x5,2,12.97,25.94,digital_wallet,1,delivered,2026-03-26,2.0,,,
LT-102078,2026-03-25,Colombia,capital,Home,Premium Queen Bedsheet Set,1,41.94,41.94,cash_on_delivery,1,delivered,2026-03-30,5.0,,,
LT-101777,2026-03-25,Canada,urban,Home,CompactChef 4L Air Fryer,1,75.16,75.16,credit_card,3,delivered,2026-03-29,4.0,,,
LT-104271,2026-03-25,Peru,extended_zone,Electronics,Vertex Ergonomic Mouse,1,20.31,20.31,credit_card,1,delivered,2026-04-04,10.0,,,
LT-104152,2026-03-25,Canada,extended_zone,Electronics,360 WiFi Security Camera,1,46.06,46.06,credit_card,6,delivered,2026-03-30,5.0,,,
LT-102337,2026-03-25,Chile,capital,Electronics,360 WiFi Security Camera,1,47.54,47.54,debit_card,1,delivered,2026-03-30,5.0,,,
LT-102882,2026-03-25,Peru,urban,Home,Premium Queen Bedsheet Set,2,44.08,88.16,credit_card,1,delivered,2026-03-28,3.0,,,
LT-103276,2026-03-25,United States,capital,Home,Flex LED Desk Lamp,1,19.14,19.14,credit_card,12,delivered,2026-03-31,6.0,,,
LT-104805,2026-03-26,United States,extended_zone,Electronics,Vertex Ergonomic Mouse,2,20.57,41.14,debit_card,1,delivered,2026-04-07,12.0,,,
LT-100472,2026-03-26,Peru,extended_zone,Home,Flex LED Desk Lamp,1,18.53,18.53,credit_card,6,delivered,2026-04-06,11.0,,,
LT-100289,2026-03-26,Mexico,capital,Fashion,TrailFit Waterproof Jacket,2,62.11,124.22,credit_card,1,delivered,2026-03-31,5.0,,,
LT-101478,2026-03-26,Argentina,urban,Electronics,Boom Mini Bluetooth Speaker,2,28.89,57.78,cash_on_delivery,1,delivered,2026-03-29,3.0,,,
LT-101003,2026-03-26,United States,extended_zone,Electronics,Nova Wireless Earbuds,1,42.51,42.51,bank_transfer,1,delivered,2026-04-05,10.0,,,
LT-101472,2026-03-26,Chile,capital,Sports,Resistance Bands Set x5,1,13.66,13.66,credit_card,12,delivered,2026-04-01,6.0,,,
LT-100918,2026-03-26,Mexico,urban,Home,CompactChef 4L Air Fryer,2,71.87,143.74,debit_card,1,delivered,2026-03-28,2.0,,,
LT-104859,2026-03-26,Chile,urban,Home,Stackable Kitchen Organizer x3,1,16.43,16.43,digital_wallet,1,delivered,2026-03-30,4.0,,,
LT-104576,2026-03-26,Chile,urban,Home,Stackable Kitchen Organizer x3,1,15.73,15.73,credit_card,3,delivered,2026-03-30,4.0,,,
LT-104529,2026-03-26,Colombia,urban,Beauty,Complete Skincare Routine Kit,2,36.19,72.38,bank_transfer,1,delivered,2026-03-30,4.0,,,
LT-103599,2026-03-27,Canada,urban,Electronics,65W Fast Charger,1,23.21,23.21,debit_card,1,delivered,2026-03-29,2.0,,,
LT-101287,2026-03-27,Peru,urban,Electronics,Vertex Ergonomic Mouse,3,21.53,64.59,bank_transfer,1,delivered,2026-03-30,3.0,2026-04-04,defective_product,refunded
LT-101963,2026-03-27,Mexico,urban,Beauty,CeramicPro Hair Straightener,1,39.07,39.07,bank_transfer,1,delivered,2026-03-30,3.0,,,
LT-103045,2026-03-27,Colombia,extended_zone,Electronics,360 WiFi Security Camera,1,48.03,48.03,digital_wallet,1,delivered,2026-04-06,10.0,,,
LT-101959,2026-03-27,Argentina,capital,Home,Premium Queen Bedsheet Set,2,41.24,82.48,digital_wallet,1,delivered,2026-04-01,5.0,,,
LT-103146,2026-03-27,Colombia,urban,Beauty,CeramicPro Hair Straightener,1,39.45,39.45,debit_card,1,cancelled,,,,,
LT-102612,2026-03-27,United States,urban,Electronics,Nova Wireless Earbuds,1,37.34,37.34,credit_card,12,delivered,2026-03-30,3.0,,,
LT-104191,2026-03-27,Peru,extended_zone,Accessories,Interchangeable Watch Strap,1,8.2,8.2,debit_card,1,delivered,2026-04-05,9.0,,,
LT-102548,2026-03-27,Mexico,urban,Home,Flex LED Desk Lamp,1,17.23,17.23,credit_card,3,delivered,2026-03-31,4.0,,,
LT-104360,2026-03-28,Chile,capital,Sports,Adjustable Dumbbells 2x10kg,1,56.83,56.83,debit_card,1,delivered,2026-04-03,6.0,,,
LT-100624,2026-03-28,Canada,urban,Home,Stackable Kitchen Organizer x3,1,15.03,15.03,credit_card,12,delivered,2026-04-01,4.0,,,
LT-103818,2026-03-28,Peru,urban,Fashion,Andino Slim Fit Jeans,1,31.26,31.26,digital_wallet,1,delivered,2026-04-01,4.0,,,
LT-103330,2026-03-28,United States,urban,Fashion,TrailFit Waterproof Jacket,1,63.36,63.36,credit_card,1,delivered,2026-03-30,2.0,,,
LT-104021,2026-03-28,United States,extended_zone,Fashion,Strida Urban Sneakers,1,47.15,47.15,debit_card,1,delivered,2026-04-03,6.0,,,
LT-104348,2026-03-28,Canada,capital,Fashion,Pima Cotton Basic Tee (2-pack),1,21.48,21.48,digital_wallet,1,delivered,2026-03-31,3.0,,,
LT-104110,2026-03-28,United States,capital,Beauty,Complete Skincare Routine Kit,1,37.59,37.59,bank_transfer,1,delivered,2026-04-01,4.0,2026-04-07,defective_product,refunded
LT-103874,2026-03-29,United States,capital,Electronics,Boom Mini Bluetooth Speaker,2,27.72,55.44,debit_card,1,delivered,2026-04-03,5.0,,,
LT-104980,2026-03-29,Colombia,urban,Sports,SteelHydro 1L Thermal Bottle,2,17.41,34.82,digital_wallet,1,delivered,2026-03-31,2.0,,,
LT-100645,2026-03-29,United States,capital,Home,Flex LED Desk Lamp,1,18.83,18.83,bank_transfer,1,delivered,2026-04-03,5.0,,,
LT-102527,2026-03-29,Colombia,extended_zone,Electronics,Boom Mini Bluetooth Speaker,2,27.55,55.1,credit_card,1,cancelled,,,,,
LT-104880,2026-03-29,United States,urban,Fashion,Strida Urban Sneakers,2,49.66,99.32,credit_card,12,delivered,2026-04-01,3.0,,,
LT-100073,2026-03-29,Chile,capital,Accessories,Interchangeable Watch Strap,2,8.46,16.92,credit_card,6,delivered,2026-04-03,5.0,,,
LT-102263,2026-03-29,Colombia,capital,Electronics,Boom Mini Bluetooth Speaker,1,29.83,29.83,digital_wallet,1,delivered,2026-04-02,4.0,,,
LT-104823,2026-03-29,United States,urban,Home,Premium Queen Bedsheet Set,1,42.72,42.72,debit_card,1,delivered,2026-04-02,4.0,,,
LT-103195,2026-03-29,Chile,capital,Electronics,Boom Mini Bluetooth Speaker,1,29.04,29.04,credit_card,1,delivered,2026-04-01,3.0,,,
LT-102268,2026-03-29,Chile,urban,Electronics,Nova Wireless Earbuds,1,38.11,38.11,digital_wallet,1,delivered,2026-04-01,3.0,,,
LT-104804,2026-03-29,Peru,capital,Fashion,TrailFit Waterproof Jacket,1,66.29,66.29,debit_card,1,delivered,2026-04-03,5.0,,,
LT-104273,2026-03-29,Peru,urban,Electronics,360 WiFi Security Camera,1,50.1,50.1,digital_wallet,1,delivered,2026-04-02,4.0,,,
LT-103418,2026-03-29,Peru,urban,Accessories,14'' Hard Laptop Case,1,16.93,16.93,debit_card,1,delivered,2026-04-01,3.0,,,
LT-102437,2026-03-30,Chile,capital,Electronics,Nova Wireless Earbuds,1,41.41,41.41,digital_wallet,1,delivered,2026-04-02,3.0,,,
LT-100833,2026-03-30,United States,extended_zone,Beauty,Complete Skincare Routine Kit,1,37.64,37.64,digital_wallet,1,delivered,2026-04-08,9.0,,,
LT-103808,2026-03-30,Colombia,capital,Electronics,65W Fast Charger,1,24.8,24.8,debit_card,1,delivered,2026-04-04,5.0,,,
LT-102406,2026-03-30,Mexico,extended_zone,Sports,Resistance Bands Set x5,2,14.03,28.06,digital_wallet,1,delivered,2026-04-10,11.0,2026-04-15,defective_product,refunded
LT-102659,2026-03-30,Colombia,capital,Electronics,Vertex Ergonomic Mouse,2,22.23,44.46,debit_card,1,delivered,2026-04-05,6.0,,,
LT-103317,2026-03-30,Mexico,urban,Beauty,Complete Skincare Routine Kit,1,34.03,34.03,digital_wallet,1,cancelled,,,,,
LT-104033,2026-03-30,Argentina,urban,Home,Flex LED Desk Lamp,1,18.74,18.74,bank_transfer,1,delivered,2026-04-03,4.0,,,
LT-103119,2026-03-30,Peru,urban,Sports,Pro Non-slip Yoga Mat,2,19.73,39.46,digital_wallet,1,delivered,2026-04-01,2.0,,,
LT-101938,2026-03-30,Peru,urban,Electronics,65W Fast Charger,1,23.16,23.16,credit_card,1,delivered,2026-04-01,2.0,,,
LT-101765,2026-03-30,Mexico,urban,Electronics,Pulse S2 Smartwatch,2,92.09,184.18,credit_card,1,delivered,2026-04-03,4.0,,,
LT-103587,2026-03-30,United States,urban,Home,CleanBot Lite Robot Vacuum,1,127.88,127.88,credit_card,3,delivered,2026-04-01,2.0,,,
LT-104079,2026-03-30,Colombia,capital,Electronics,360 WiFi Security Camera,1,47.17,47.17,cash_on_delivery,1,delivered,2026-04-03,4.0,,,
LT-102672,2026-03-30,Chile,urban,Fashion,Strida Urban Sneakers,1,51.13,51.13,credit_card,1,delivered,2026-04-01,2.0,,,
LT-103106,2026-03-30,United States,capital,Fashion,Strida Urban Sneakers,1,51.16,51.16,credit_card,1,delivered,2026-04-03,4.0,,,
LT-102056,2026-03-30,Argentina,capital,Sports,Pro Non-slip Yoga Mat,2,19.63,39.26,credit_card,1,delivered,2026-04-04,5.0,,,
LT-102757,2026-03-30,Mexico,capital,Electronics,Boom Mini Bluetooth Speaker,1,28.79,28.79,credit_card,12,delivered,2026-04-05,6.0,,,
LT-104299,2026-03-31,Mexico,extended_zone,Electronics,Boom Mini Bluetooth Speaker,1,27.76,27.76,credit_card,1,delivered,2026-04-08,8.0,,,
LT-103007,2026-03-31,Mexico,urban,Electronics,Vertex Ergonomic Mouse,1,19.87,19.87,debit_card,1,delivered,2026-04-02,2.0,,,
LT-102198,2026-03-31,Mexico,urban,Electronics,65W Fast Charger,1,25.51,25.51,digital_wallet,1,delivered,2026-04-04,4.0,,,
LT-104204,2026-03-31,Mexico,urban,Accessories,14'' Hard Laptop Case,1,17.51,17.51,bank_transfer,1,delivered,2026-04-02,2.0,,,
LT-100302,2026-03-31,Argentina,capital,Accessories,14'' Hard Laptop Case,1,17.11,17.11,digital_wallet,1,delivered,2026-04-06,6.0,,,
LT-100537,2026-03-31,Argentina,capital,Electronics,Boom Mini Bluetooth Speaker,1,30.04,30.04,digital_wallet,1,delivered,2026-04-04,4.0,,,
LT-100568,2026-03-31,United States,extended_zone,Electronics,Pulse S2 Smartwatch,1,89.32,89.32,credit_card,6,cancelled,,,,,
LT-102985,2026-03-31,Argentina,urban,Electronics,360 WiFi Security Camera,1,50.78,50.78,credit_card,6,delivered,2026-04-03,3.0,,,
LT-104316,2026-03-31,Colombia,urban,Home,CompactChef 4L Air Fryer,2,74.14,148.28,digital_wallet,1,delivered,2026-04-04,4.0,,,
LT-101392,2026-03-31,Mexico,urban,Electronics,360 WiFi Security Camera,1,45.71,45.71,cash_on_delivery,1,delivered,2026-04-04,4.0,,,
LT-103761,2026-03-31,Argentina,urban,Electronics,65W Fast Charger,1,25.96,25.96,debit_card,1,delivered,2026-04-02,2.0,,,
LT-100404,2026-03-31,Mexico,capital,Electronics,Pulse S2 Smartwatch,1,93.03,93.03,credit_card,3,delivered,2026-04-05,5.0,,,
LT-101505,2026-03-31,United States,capital,Beauty,AirStyle Ionic Hair Dryer,1,41.43,41.43,bank_transfer,1,delivered,2026-04-04,4.0,,,
LT-104741,2026-03-31,Mexico,urban,Electronics,Boom Mini Bluetooth Speaker,1,29.54,29.54,debit_card,1,delivered,2026-04-02,2.0,,,
LT-100905,2026-04-01,Canada,capital,Fashion,Strida Urban Sneakers,1,51.04,51.04,debit_card,1,delivered,2026-04-06,5.0,,,
LT-103697,2026-04-01,United States,urban,Electronics,65W Fast Charger,1,24.24,24.24,credit_card,1,delivered,2026-04-03,2.0,,,
LT-103552,2026-04-01,Chile,urban,Fashion,TrailFit Waterproof Jacket,1,67.44,67.44,debit_card,1,delivered,2026-04-05,4.0,,,
LT-103239,2026-04-01,Canada,urban,Electronics,360 WiFi Security Camera,2,45.15,90.3,credit_card,1,delivered,2026-04-04,3.0,,,
LT-104919,2026-04-01,Mexico,urban,Home,Stackable Kitchen Organizer x3,1,15.41,15.41,bank_transfer,1,delivered,2026-04-05,4.0,,,
LT-100317,2026-04-01,Canada,capital,Electronics,Kova K61 Mechanical Keyboard,1,52.4,52.4,credit_card,1,delivered,2026-04-05,4.0,2026-04-09,changed_mind,under_review
LT-104538,2026-04-01,Chile,capital,Electronics,Boom Mini Bluetooth Speaker,1,30.31,30.31,bank_transfer,1,delivered,2026-04-06,5.0,,,
LT-101131,2026-04-01,Chile,capital,Electronics,360 WiFi Security Camera,1,48.57,48.57,debit_card,1,delivered,2026-04-07,6.0,,,
LT-102158,2026-04-01,Mexico,capital,Sports,SteelHydro 1L Thermal Bottle,1,17.46,17.46,debit_card,1,delivered,2026-04-07,6.0,,,
LT-104283,2026-04-01,Chile,capital,Home,CompactChef 4L Air Fryer,2,74.1,148.2,credit_card,1,delivered,2026-04-06,5.0,,,
LT-103431,2026-04-01,Peru,urban,Accessories,Interchangeable Watch Strap,1,8.99,8.99,bank_transfer,1,delivered,2026-04-04,3.0,,,
LT-104471,2026-04-01,United States,extended_zone,Fashion,Strida Urban Sneakers,1,48.83,48.83,debit_card,1,delivered,2026-04-10,9.0,,,
LT-104212,2026-04-01,Mexico,capital,Home,Stackable Kitchen Organizer x3,1,15.43,15.43,debit_card,1,delivered,2026-04-04,3.0,,,
LT-102011,2026-04-01,Colombia,capital,Electronics,Pulse S2 Smartwatch,1,83.47,83.47,debit_card,1,delivered,2026-04-06,5.0,,,
LT-103193,2026-04-01,Mexico,extended_zone,Electronics,Kova K61 Mechanical Keyboard,1,55.55,55.55,debit_card,1,delivered,2026-04-12,11.0,,,
LT-102562,2026-04-02,Peru,capital,Fashion,TrailFit Waterproof Jacket,1,65.22,65.22,digital_wallet,1,delivered,2026-04-06,4.0,,,
LT-101495,2026-04-02,Peru,urban,Home,CleanBot Lite Robot Vacuum,1,133.67,133.67,debit_card,1,delivered,2026-04-04,2.0,,,
LT-103617,2026-04-02,United States,urban,Fashion,TrailFit Waterproof Jacket,1,67.28,67.28,credit_card,3,delivered,2026-04-06,4.0,,,
LT-102984,2026-04-02,Argentina,capital,Electronics,Boom Mini Bluetooth Speaker,3,31.06,93.18,digital_wallet,1,delivered,2026-04-06,4.0,,,
LT-101387,2026-04-02,Mexico,extended_zone,Electronics,Kova K61 Mechanical Keyboard,1,54.17,54.17,credit_card,12,delivered,2026-04-11,9.0,,,
LT-102125,2026-04-02,Colombia,capital,Fashion,TrailFit Waterproof Jacket,1,65.89,65.89,bank_transfer,1,delivered,2026-04-05,3.0,,,
LT-101743,2026-04-02,Canada,urban,Fashion,Andino Slim Fit Jeans,2,34.61,69.22,credit_card,1,delivered,2026-04-06,4.0,,,
LT-102259,2026-04-02,Chile,urban,Electronics,360 WiFi Security Camera,2,48.58,97.16,bank_transfer,1,delivered,2026-04-06,4.0,,,
LT-100577,2026-04-02,Mexico,capital,Electronics,Nova Wireless Earbuds,1,40.21,40.21,digital_wallet,1,delivered,2026-04-05,3.0,,,
LT-101118,2026-04-03,United States,urban,Fashion,TrailFit Waterproof Jacket,1,66.23,66.23,credit_card,6,delivered,2026-04-05,2.0,,,
LT-103873,2026-04-03,Mexico,extended_zone,Home,Stackable Kitchen Organizer x3,1,14.87,14.87,debit_card,1,delivered,2026-04-15,12.0,,,
LT-100172,2026-04-03,Argentina,urban,Electronics,Boom Mini Bluetooth Speaker,1,27.75,27.75,digital_wallet,1,delivered,2026-04-05,2.0,,,
LT-102229,2026-04-03,Mexico,urban,Home,Premium Queen Bedsheet Set,2,42.49,84.98,credit_card,1,delivered,2026-04-07,4.0,,,
LT-104557,2026-04-03,United States,capital,Fashion,Pima Cotton Basic Tee (2-pack),1,22.77,22.77,debit_card,1,delivered,2026-04-09,6.0,,,
LT-101465,2026-04-03,Peru,capital,Electronics,360 WiFi Security Camera,1,44.29,44.29,bank_transfer,1,delivered,2026-04-07,4.0,,,
LT-104084,2026-04-03,Colombia,urban,Electronics,65W Fast Charger,1,23.2,23.2,debit_card,1,delivered,2026-04-06,3.0,,,
LT-101147,2026-04-03,Argentina,capital,Fashion,UrbanPack 25L Anti-theft Backpack,3,40.48,121.44,credit_card,1,delivered,2026-04-06,3.0,,,
LT-103710,2026-04-03,Peru,urban,Fashion,Andino Slim Fit Jeans,1,33.14,33.14,debit_card,1,delivered,2026-04-06,3.0,,,
LT-103433,2026-04-03,Mexico,extended_zone,Electronics,Boom Mini Bluetooth Speaker,1,29.03,29.03,credit_card,1,delivered,2026-04-14,11.0,,,
LT-100389,2026-04-03,Mexico,urban,Electronics,Nova Wireless Earbuds,2,39.58,79.16,debit_card,1,delivered,2026-04-07,4.0,2026-04-10,arrived_damaged,refunded
LT-100906,2026-04-03,Mexico,capital,Fashion,Pima Cotton Basic Tee (2-pack),2,21.03,42.06,bank_transfer,1,delivered,2026-04-06,3.0,,,
LT-100329,2026-04-04,United States,extended_zone,Electronics,65W Fast Charger,1,24.39,24.39,digital_wallet,1,delivered,2026-04-10,6.0,,,
LT-100051,2026-04-04,Chile,extended_zone,Electronics,360 WiFi Security Camera,1,50.32,50.32,debit_card,1,delivered,2026-04-10,6.0,,,
LT-104528,2026-04-04,Colombia,urban,Electronics,Vertex Ergonomic Mouse,2,19.72,39.44,cash_on_delivery,1,delivered,2026-04-08,4.0,,,
LT-100269,2026-04-04,Mexico,capital,Sports,Resistance Bands Set x5,1,13.14,13.14,credit_card,3,delivered,2026-04-07,3.0,,,
LT-102459,2026-04-04,Colombia,capital,Sports,Pro Non-slip Yoga Mat,1,18.75,18.75,digital_wallet,1,delivered,2026-04-07,3.0,,,
LT-100314,2026-04-04,United States,capital,Electronics,Pulse S2 Smartwatch,2,94.95,189.9,digital_wallet,1,delivered,2026-04-07,3.0,,,
LT-101510,2026-04-04,Mexico,extended_zone,Electronics,Vertex Ergonomic Mouse,2,19.62,39.24,debit_card,1,delivered,2026-04-15,11.0,,,
LT-100024,2026-04-04,United States,capital,Electronics,Vertex Ergonomic Mouse,1,20.04,20.04,credit_card,6,delivered,2026-04-08,4.0,,,
LT-101634,2026-04-04,Chile,urban,Fashion,TrailFit Waterproof Jacket,2,63.83,127.66,credit_card,3,delivered,2026-04-07,3.0,,,
LT-102800,2026-04-04,United States,urban,Electronics,360 WiFi Security Camera,1,47.71,47.71,digital_wallet,1,delivered,2026-04-07,3.0,,,
LT-102534,2026-04-04,Chile,urban,Sports,Pro Non-slip Yoga Mat,1,19.24,19.24,credit_card,12,delivered,2026-04-08,4.0,,,
LT-101322,2026-04-04,Mexico,urban,Electronics,360 WiFi Security Camera,1,44.86,44.86,credit_card,3,delivered,2026-04-07,3.0,,,
LT-101069,2026-04-04,United States,urban,Fashion,Strida Urban Sneakers,2,47.38,94.76,credit_card,3,delivered,2026-04-06,2.0,,,
LT-100397,2026-04-05,Mexico,urban,Electronics,65W Fast Charger,1,25.56,25.56,debit_card,1,delivered,2026-04-08,3.0,,,
LT-101788,2026-04-05,Chile,capital,Beauty,AirStyle Ionic Hair Dryer,1,45.24,45.24,debit_card,1,delivered,2026-04-10,5.0,,,
LT-102327,2026-04-05,Argentina,extended_zone,Electronics,Pulse S2 Smartwatch,1,84.96,84.96,credit_card,3,delivered,2026-04-13,8.0,,,
LT-104013,2026-04-05,United States,extended_zone,Electronics,Nova Wireless Earbuds,1,39.71,39.71,credit_card,3,cancelled,,,,,
LT-100027,2026-04-05,United States,urban,Beauty,Complete Skincare Routine Kit,1,34.31,34.31,credit_card,1,delivered,2026-04-07,2.0,,,
LT-100758,2026-04-05,Peru,urban,Electronics,360 WiFi Security Camera,2,49.68,99.36,debit_card,1,delivered,2026-04-09,4.0,,,
LT-103295,2026-04-05,Chile,extended_zone,Electronics,360 WiFi Security Camera,1,46.14,46.14,digital_wallet,1,delivered,2026-04-15,10.0,,,
LT-103172,2026-04-06,United States,capital,Fashion,Pima Cotton Basic Tee (2-pack),2,21.32,42.64,cash_on_delivery,1,delivered,2026-04-10,4.0,,,
LT-104387,2026-04-06,Colombia,urban,Sports,Pro Non-slip Yoga Mat,1,19.24,19.24,credit_card,12,delivered,2026-04-09,3.0,,,
LT-101508,2026-04-06,Argentina,urban,Beauty,Complete Skincare Routine Kit,2,33.8,67.6,credit_card,1,delivered,2026-04-10,4.0,,,
LT-101140,2026-04-06,Colombia,capital,Home,Stackable Kitchen Organizer x3,1,16.91,16.91,debit_card,1,delivered,2026-04-10,4.0,,,
LT-100401,2026-04-06,United States,capital,Fashion,TrailFit Waterproof Jacket,1,65.2,65.2,digital_wallet,1,delivered,2026-04-11,5.0,,,
LT-100207,2026-04-06,Chile,capital,Electronics,360 WiFi Security Camera,3,50.17,150.51,cash_on_delivery,1,delivered,2026-04-09,3.0,,,
LT-101422,2026-04-06,Peru,urban,Electronics,Vertex Ergonomic Mouse,2,20.68,41.36,bank_transfer,1,delivered,2026-04-08,2.0,,,
LT-104821,2026-04-07,United States,extended_zone,Electronics,65W Fast Charger,1,24.15,24.15,digital_wallet,1,delivered,2026-04-19,12.0,,,
LT-104244,2026-04-07,Peru,urban,Electronics,Vertex Ergonomic Mouse,3,20.8,62.4,debit_card,1,delivered,2026-04-10,3.0,,,
LT-102411,2026-04-07,Colombia,capital,Fashion,UrbanPack 25L Anti-theft Backpack,1,40.37,40.37,debit_card,1,delivered,2026-04-12,5.0,,,
LT-101682,2026-04-07,Mexico,capital,Beauty,CeramicPro Hair Straightener,2,38.16,76.32,digital_wallet,1,delivered,2026-04-11,4.0,2026-04-16,changed_mind,refunded
LT-101704,2026-04-07,Peru,capital,Home,Stackable Kitchen Organizer x3,2,14.9,29.8,debit_card,1,cancelled,,,,,
LT-102585,2026-04-07,Peru,capital,Sports,Resistance Bands Set x5,2,13.94,27.88,debit_card,1,delivered,2026-04-13,6.0,,,
LT-100342,2026-04-07,Mexico,extended_zone,Electronics,Nova Wireless Earbuds,2,40.09,80.18,bank_transfer,1,delivered,2026-04-19,12.0,,,
LT-104494,2026-04-07,Canada,extended_zone,Electronics,Vertex Ergonomic Mouse,1,22.34,22.34,bank_transfer,1,delivered,2026-04-14,7.0,,,
LT-103002,2026-04-07,Canada,urban,Fashion,TrailFit Waterproof Jacket,3,62.32,186.96,debit_card,1,delivered,2026-04-10,3.0,,,
LT-100088,2026-04-07,Chile,capital,Electronics,Vertex Ergonomic Mouse,1,20.7,20.7,bank_transfer,1,delivered,2026-04-12,5.0,,,
LT-100209,2026-04-07,United States,urban,Home,CompactChef 4L Air Fryer,2,70.14,140.28,digital_wallet,1,delivered,2026-04-10,3.0,,,
LT-104031,2026-04-07,Mexico,capital,Home,Stackable Kitchen Organizer x3,1,15.62,15.62,digital_wallet,1,delivered,2026-04-13,6.0,,,
LT-104714,2026-04-07,United States,capital,Home,Premium Queen Bedsheet Set,1,43.04,43.04,credit_card,3,delivered,2026-04-11,4.0,,,
LT-101707,2026-04-07,Mexico,urban,Electronics,Vertex Ergonomic Mouse,1,20.6,20.6,credit_card,1,delivered,2026-04-10,3.0,,,
LT-103194,2026-04-07,Colombia,capital,Electronics,Nova Wireless Earbuds,2,40.23,80.46,credit_card,3,delivered,2026-04-13,6.0,,,
LT-102981,2026-04-07,Peru,urban,Fashion,Pima Cotton Basic Tee (2-pack),1,22.1,22.1,credit_card,6,delivered,2026-04-10,3.0,,,
LT-104111,2026-04-07,Chile,urban,Accessories,Foldable Phone Stand,1,9.8,9.8,debit_card,1,delivered,2026-04-11,4.0,,,
LT-100598,2026-04-08,Chile,urban,Electronics,360 WiFi Security Camera,1,46.88,46.88,credit_card,1,delivered,2026-04-11,3.0,,,
LT-104384,2026-04-08,Chile,extended_zone,Beauty,Complete Skincare Routine Kit,1,35.49,35.49,debit_card,1,delivered,2026-04-14,6.0,2026-04-22,defective_product,refunded
LT-103110,2026-04-08,Colombia,urban,Home,Flex LED Desk Lamp,1,18.81,18.81,credit_card,3,delivered,2026-04-11,3.0,,,
LT-104917,2026-04-08,Mexico,extended_zone,Electronics,Boom Mini Bluetooth Speaker,1,31.4,31.4,credit_card,1,delivered,2026-04-20,12.0,,,
LT-102373,2026-04-08,Chile,urban,Electronics,65W Fast Charger,1,23.74,23.74,debit_card,1,delivered,2026-04-10,2.0,,,
LT-100403,2026-04-08,Mexico,capital,Home,Flex LED Desk Lamp,1,19.7,19.7,debit_card,1,delivered,2026-04-13,5.0,,,
LT-102717,2026-04-09,Mexico,extended_zone,Fashion,Pima Cotton Basic Tee (2-pack),3,20.48,61.44,credit_card,1,delivered,2026-04-20,11.0,,,
LT-103781,2026-04-09,Argentina,capital,Electronics,65W Fast Charger,3,24.18,72.54,credit_card,1,delivered,2026-04-12,3.0,,,
LT-102693,2026-04-09,Chile,urban,Fashion,UrbanPack 25L Anti-theft Backpack,1,35.94,35.94,digital_wallet,1,delivered,2026-04-12,3.0,,,
LT-103996,2026-04-09,Argentina,urban,Beauty,AirStyle Ionic Hair Dryer,1,43.29,43.29,digital_wallet,1,delivered,2026-04-13,4.0,,,
LT-103187,2026-04-09,Mexico,urban,Electronics,Vertex Ergonomic Mouse,1,20.07,20.07,credit_card,3,delivered,2026-04-11,2.0,,,
LT-101119,2026-04-09,United States,extended_zone,Electronics,65W Fast Charger,1,25.54,25.54,bank_transfer,1,delivered,2026-04-18,9.0,,,
LT-100338,2026-04-09,United States,capital,Electronics,Nova Wireless Earbuds,1,37.22,37.22,credit_card,6,delivered,2026-04-12,3.0,,,
LT-102374,2026-04-09,Mexico,urban,Fashion,UrbanPack 25L Anti-theft Backpack,1,38.91,38.91,cash_on_delivery,1,delivered,2026-04-11,2.0,,,
LT-104527,2026-04-09,Mexico,urban,Home,Flex LED Desk Lamp,1,17.82,17.82,credit_card,1,delivered,2026-04-13,4.0,,,
LT-103044,2026-04-09,Mexico,urban,Electronics,360 WiFi Security Camera,1,45.7,45.7,debit_card,1,delivered,2026-04-12,3.0,2026-04-13,defective_product,refunded
LT-101687,2026-04-09,Argentina,urban,Fashion,Andino Slim Fit Jeans,1,32.76,32.76,bank_transfer,1,delivered,2026-04-13,4.0,,,
LT-100993,2026-04-09,Colombia,capital,Electronics,360 WiFi Security Camera,2,45.99,91.98,credit_card,3,delivered,2026-04-12,3.0,,,
LT-103810,2026-04-09,Peru,capital,Home,Premium Queen Bedsheet Set,1,41.5,41.5,bank_transfer,1,delivered,2026-04-14,5.0,,,
LT-100477,2026-04-10,Argentina,extended_zone,Fashion,UrbanPack 25L Anti-theft Backpack,1,38.76,38.76,digital_wallet,1,delivered,2026-04-18,8.0,,,
LT-104800,2026-04-10,Peru,capital,Electronics,65W Fast Charger,1,23.67,23.67,digital_wallet,1,delivered,2026-04-13,3.0,,,
LT-101057,2026-04-10,United States,capital,Electronics,Vertex Ergonomic Mouse,3,20.74,62.22,credit_card,1,delivered,2026-04-15,5.0,,,
LT-103268,2026-04-10,Argentina,urban,Electronics,Boom Mini Bluetooth Speaker,1,30.75,30.75,digital_wallet,1,delivered,2026-04-14,4.0,,,
LT-100316,2026-04-10,United States,capital,Electronics,Pulse S2 Smartwatch,1,89.04,89.04,digital_wallet,1,delivered,2026-04-15,5.0,,,
LT-103527,2026-04-10,United States,urban,Fashion,Andino Slim Fit Jeans,3,32.71,98.13,credit_card,1,delivered,2026-04-12,2.0,2026-04-18,changed_mind,refunded
LT-102746,2026-04-10,Colombia,urban,Electronics,Boom Mini Bluetooth Speaker,1,30.77,30.77,digital_wallet,1,delivered,2026-04-12,2.0,,,
LT-100466,2026-04-10,Argentina,capital,Electronics,Nova Wireless Earbuds,2,40.34,80.68,credit_card,6,delivered,2026-04-13,3.0,2026-04-21,changed_mind,refunded
LT-101863,2026-04-10,Canada,urban,Sports,SteelHydro 1L Thermal Bottle,1,15.87,15.87,credit_card,6,delivered,2026-04-13,3.0,,,
LT-102206,2026-04-10,Mexico,urban,Electronics,Pulse S2 Smartwatch,1,92.51,92.51,digital_wallet,1,delivered,2026-04-12,2.0,,,
LT-102932,2026-04-10,Chile,urban,Accessories,Foldable Phone Stand,1,10.48,10.48,digital_wallet,1,delivered,2026-04-14,4.0,,,
LT-100410,2026-04-10,Colombia,capital,Electronics,65W Fast Charger,1,26.34,26.34,debit_card,1,delivered,2026-04-13,3.0,,,
LT-101059,2026-04-10,Colombia,capital,Home,CompactChef 4L Air Fryer,2,78.43,156.86,credit_card,1,cancelled,,,,,
LT-104266,2026-04-11,Chile,urban,Fashion,TrailFit Waterproof Jacket,1,63.1,63.1,debit_card,1,delivered,2026-04-14,3.0,,,
LT-102675,2026-04-11,Mexico,capital,Home,CleanBot Lite Robot Vacuum,2,129.99,259.98,bank_transfer,1,delivered,2026-04-15,4.0,,,
LT-103427,2026-04-11,Colombia,extended_zone,Accessories,14'' Hard Laptop Case,2,16.89,33.78,bank_transfer,1,delivered,2026-04-16,5.0,,,
LT-100839,2026-04-11,Argentina,urban,Fashion,Andino Slim Fit Jeans,1,30.79,30.79,debit_card,1,delivered,2026-04-15,4.0,,,
LT-103320,2026-04-11,Chile,extended_zone,Sports,Adjustable Dumbbells 2x10kg,3,55.78,167.34,credit_card,1,delivered,2026-04-21,10.0,,,
LT-104311,2026-04-11,Colombia,urban,Electronics,Nova Wireless Earbuds,2,39.22,78.44,cash_on_delivery,1,delivered,2026-04-13,2.0,,,
LT-101481,2026-04-11,United States,extended_zone,Electronics,Nova Wireless Earbuds,1,40.79,40.79,digital_wallet,1,delivered,2026-04-22,11.0,,,
LT-104902,2026-04-11,Peru,urban,Electronics,Kova K61 Mechanical Keyboard,1,55.95,55.95,debit_card,1,delivered,2026-04-13,2.0,2026-04-28,wrong_size_or_model,under_review
LT-100110,2026-04-11,United States,urban,Home,Stackable Kitchen Organizer x3,1,16.48,16.48,cash_on_delivery,1,cancelled,,,,,
LT-102619,2026-04-11,Peru,urban,Electronics,Nova Wireless Earbuds,3,40.04,120.12,debit_card,1,delivered,2026-04-15,4.0,,,
LT-100613,2026-04-11,Colombia,capital,Electronics,Kova K61 Mechanical Keyboard,1,52.05,52.05,debit_card,1,delivered,2026-04-15,4.0,,,
LT-101880,2026-04-11,United States,extended_zone,Fashion,UrbanPack 25L Anti-theft Backpack,1,39.1,39.1,digital_wallet,1,delivered,2026-04-16,5.0,,,
LT-103745,2026-04-11,Colombia,extended_zone,Electronics,65W Fast Charger,1,23.88,23.88,credit_card,1,delivered,2026-04-17,6.0,,,
LT-100131,2026-04-11,Peru,extended_zone,Home,Flex LED Desk Lamp,1,17.55,17.55,credit_card,1,delivered,2026-04-20,9.0,,,
LT-104888,2026-04-11,Colombia,capital,Beauty,Complete Skincare Routine Kit,1,37.24,37.24,bank_transfer,1,delivered,2026-04-15,4.0,,,
LT-101432,2026-04-11,Colombia,urban,Electronics,65W Fast Charger,2,24.78,49.56,credit_card,6,delivered,2026-04-13,2.0,,,
LT-102993,2026-04-11,Chile,capital,Fashion,Andino Slim Fit Jeans,1,33.46,33.46,credit_card,1,delivered,2026-04-14,3.0,,,
LT-104240,2026-04-11,United States,urban,Electronics,Nova Wireless Earbuds,1,40.35,40.35,cash_on_delivery,1,delivered,2026-04-14,3.0,,,
LT-100573,2026-04-11,Chile,capital,Electronics,Boom Mini Bluetooth Speaker,1,29.58,29.58,digital_wallet,1,delivered,2026-04-16,5.0,,,
LT-104480,2026-04-11,Mexico,capital,Fashion,Pima Cotton Basic Tee (2-pack),1,23.39,23.39,debit_card,1,delivered,2026-04-17,6.0,2026-04-22,wrong_size_or_model,refunded
LT-100592,2026-04-11,Argentina,extended_zone,Electronics,360 WiFi Security Camera,1,46.91,46.91,digital_wallet,1,delivered,2026-04-16,5.0,,,
LT-103507,2026-04-12,Mexico,urban,Beauty,Complete Skincare Routine Kit,2,33.53,67.06,credit_card,6,delivered,2026-04-14,2.0,,,
LT-104458,2026-04-12,Mexico,urban,Electronics,Pulse S2 Smartwatch,1,90.51,90.51,credit_card,1,delivered,2026-04-15,3.0,,,
LT-103055,2026-04-12,Peru,urban,Home,CompactChef 4L Air Fryer,1,78.96,78.96,credit_card,6,delivered,2026-04-16,4.0,,,
LT-102289,2026-04-12,United States,urban,Electronics,Nova Wireless Earbuds,2,42.11,84.22,credit_card,3,delivered,2026-04-14,2.0,2026-04-22,arrived_damaged,refunded
LT-101302,2026-04-12,Canada,urban,Electronics,Nova Wireless Earbuds,1,38.71,38.71,bank_transfer,1,delivered,2026-04-15,3.0,2026-04-30,defective_product,rejected
LT-104177,2026-04-12,Colombia,extended_zone,Electronics,360 WiFi Security Camera,1,47.11,47.11,credit_card,1,delivered,2026-04-22,10.0,,,
LT-104950,2026-04-12,Mexico,urban,Accessories,14'' Hard Laptop Case,1,17.31,17.31,debit_card,1,delivered,2026-04-15,3.0,,,
LT-103436,2026-04-12,Argentina,capital,Home,Flex LED Desk Lamp,1,17.3,17.3,digital_wallet,1,delivered,2026-04-18,6.0,,,
LT-100678,2026-04-12,Argentina,capital,Electronics,360 WiFi Security Camera,1,45.73,45.73,bank_transfer,1,delivered,2026-04-17,5.0,,,
LT-104037,2026-04-12,Canada,urban,Home,CompactChef 4L Air Fryer,1,74.74,74.74,digital_wallet,1,delivered,2026-04-14,2.0,,,
LT-104100,2026-04-12,Mexico,urban,Electronics,Vertex Ergonomic Mouse,1,19.92,19.92,debit_card,1,delivered,2026-04-15,3.0,,,
LT-102357,2026-04-12,Argentina,urban,Sports,Resistance Bands Set x5,1,13.24,13.24,credit_card,1,delivered,2026-04-14,2.0,,,
LT-102167,2026-04-12,United States,urban,Electronics,360 WiFi Security Camera,1,45.63,45.63,credit_card,3,delivered,2026-04-16,4.0,,,
LT-104707,2026-04-12,Peru,capital,Beauty,Complete Skincare Routine Kit,1,35.07,35.07,credit_card,6,delivered,2026-04-16,4.0,,,
LT-104824,2026-04-12,Argentina,urban,Home,CompactChef 4L Air Fryer,1,79.37,79.37,credit_card,3,cancelled,,,,,
LT-102650,2026-04-12,Mexico,urban,Electronics,Kova K61 Mechanical Keyboard,1,52.08,52.08,credit_card,1,delivered,2026-04-16,4.0,,,
LT-101583,2026-04-13,United States,urban,Electronics,360 WiFi Security Camera,1,47.38,47.38,credit_card,6,delivered,2026-04-16,3.0,,,
LT-104063,2026-04-13,Mexico,urban,Electronics,65W Fast Charger,1,25.64,25.64,debit_card,1,delivered,2026-04-17,4.0,,,
LT-103389,2026-04-13,United States,urban,Fashion,Strida Urban Sneakers,1,53.21,53.21,credit_card,1,delivered,2026-04-15,2.0,,,
LT-101652,2026-04-13,Mexico,extended_zone,Electronics,360 WiFi Security Camera,1,44.4,44.4,debit_card,1,delivered,2026-04-22,9.0,,,
LT-101400,2026-04-13,United States,extended_zone,Electronics,360 WiFi Security Camera,1,44.4,44.4,digital_wallet,1,delivered,2026-04-19,6.0,,,
LT-100720,2026-04-13,Argentina,urban,Electronics,360 WiFi Security Camera,2,46.06,92.12,cash_on_delivery,1,delivered,2026-04-17,4.0,,,
LT-101313,2026-04-13,United States,capital,Electronics,Boom Mini Bluetooth Speaker,1,28.4,28.4,debit_card,1,delivered,2026-04-16,3.0,,,
LT-104776,2026-04-14,United States,urban,Fashion,TrailFit Waterproof Jacket,2,69.47,138.94,digital_wallet,1,cancelled,,,,,
LT-103056,2026-04-14,Canada,capital,Electronics,360 WiFi Security Camera,2,45.44,90.88,digital_wallet,1,delivered,2026-04-18,4.0,,,
LT-101753,2026-04-14,Colombia,urban,Accessories,Interchangeable Watch Strap,1,8.83,8.83,debit_card,1,delivered,2026-04-18,4.0,,,
LT-102007,2026-04-14,Colombia,urban,Electronics,Vertex Ergonomic Mouse,1,21.14,21.14,bank_transfer,1,delivered,2026-04-17,3.0,,,
LT-101847,2026-04-14,Colombia,urban,Electronics,65W Fast Charger,1,23.25,23.25,debit_card,1,delivered,2026-04-17,3.0,,,
LT-104205,2026-04-14,Peru,capital,Electronics,Boom Mini Bluetooth Speaker,1,31.02,31.02,credit_card,1,delivered,2026-04-18,4.0,,,
LT-102223,2026-04-14,Mexico,urban,Beauty,AirStyle Ionic Hair Dryer,1,43.18,43.18,digital_wallet,1,delivered,2026-04-16,2.0,,,
LT-103016,2026-04-14,United States,urban,Electronics,65W Fast Charger,2,25.75,51.5,credit_card,3,delivered,2026-04-17,3.0,,,
LT-100610,2026-04-14,United States,urban,Fashion,Pima Cotton Basic Tee (2-pack),1,23.29,23.29,debit_card,1,delivered,2026-04-16,2.0,,,
LT-102401,2026-04-14,Argentina,urban,Home,Premium Queen Bedsheet Set,1,42.3,42.3,cash_on_delivery,1,delivered,2026-04-16,2.0,2026-04-21,wrong_size_or_model,refunded
LT-100964,2026-04-14,Mexico,urban,Electronics,360 WiFi Security Camera,2,44.85,89.7,credit_card,1,delivered,2026-04-16,2.0,,,
LT-103689,2026-04-14,Peru,extended_zone,Electronics,360 WiFi Security Camera,1,48.58,48.58,digital_wallet,1,delivered,2026-04-26,12.0,,,
LT-100601,2026-04-14,Chile,urban,Home,CompactChef 4L Air Fryer,1,77.83,77.83,debit_card,1,delivered,2026-04-16,2.0,,,
LT-101509,2026-04-14,Mexico,extended_zone,Home,Flex LED Desk Lamp,1,18.41,18.41,credit_card,1,delivered,2026-04-21,7.0,,,
LT-102975,2026-04-15,Colombia,extended_zone,Fashion,Strida Urban Sneakers,3,50.81,152.43,cash_on_delivery,1,delivered,2026-04-21,6.0,,,
LT-100686,2026-04-15,Peru,urban,Electronics,65W Fast Charger,2,26.33,52.66,bank_transfer,1,delivered,2026-04-18,3.0,,,
LT-101621,2026-04-15,United States,capital,Electronics,Pulse S2 Smartwatch,2,90.64,181.28,credit_card,1,delivered,2026-04-21,6.0,,,
LT-100834,2026-04-15,Colombia,capital,Home,CleanBot Lite Robot Vacuum,1,137.95,137.95,credit_card,1,delivered,2026-04-21,6.0,,,
LT-103479,2026-04-15,Chile,urban,Fashion,Strida Urban Sneakers,1,51.34,51.34,cash_on_delivery,1,delivered,2026-04-19,4.0,2026-04-27,changed_mind,rejected
LT-101594,2026-04-15,Argentina,urban,Sports,Resistance Bands Set x5,1,13.1,13.1,cash_on_delivery,1,delivered,2026-04-17,2.0,,,
LT-101718,2026-04-15,Chile,capital,Home,CompactChef 4L Air Fryer,1,75.35,75.35,credit_card,3,delivered,2026-04-20,5.0,,,
LT-104978,2026-04-15,Canada,capital,Fashion,UrbanPack 25L Anti-theft Backpack,1,38.81,38.81,debit_card,1,delivered,2026-04-21,6.0,,,
LT-104502,2026-04-15,Mexico,capital,Electronics,65W Fast Charger,1,25.24,25.24,digital_wallet,1,delivered,2026-04-18,3.0,,,
LT-101145,2026-04-16,Argentina,extended_zone,Electronics,Boom Mini Bluetooth Speaker,1,31.3,31.3,digital_wallet,1,delivered,2026-04-27,11.0,,,
LT-103014,2026-04-16,Chile,urban,Electronics,Boom Mini Bluetooth Speaker,1,29.56,29.56,bank_transfer,1,delivered,2026-04-18,2.0,,,
LT-101570,2026-04-16,Canada,capital,Home,Flex LED Desk Lamp,2,18.64,37.28,credit_card,12,delivered,2026-04-19,3.0,,,
LT-103828,2026-04-16,Peru,capital,Home,Premium Queen Bedsheet Set,1,41.6,41.6,bank_transfer,1,delivered,2026-04-20,4.0,,,
LT-101619,2026-04-16,Mexico,capital,Home,CompactChef 4L Air Fryer,2,77.0,154.0,bank_transfer,1,delivered,2026-04-19,3.0,,,
LT-102812,2026-04-16,Argentina,capital,Fashion,Pima Cotton Basic Tee (2-pack),1,21.69,21.69,debit_card,1,delivered,2026-04-21,5.0,,,
LT-101089,2026-04-16,Mexico,extended_zone,Fashion,TrailFit Waterproof Jacket,3,66.83,200.49,debit_card,1,delivered,2026-04-24,8.0,,,
LT-102624,2026-04-16,Mexico,capital,Electronics,Nova Wireless Earbuds,2,39.62,79.24,bank_transfer,1,delivered,2026-04-22,6.0,,,
LT-104904,2026-04-16,Peru,urban,Electronics,Pulse S2 Smartwatch,1,90.77,90.77,bank_transfer,1,delivered,2026-04-19,3.0,,,
LT-100002,2026-04-16,Peru,capital,Electronics,Pulse S2 Smartwatch,1,93.9,93.9,digital_wallet,1,delivered,2026-04-20,4.0,,,
LT-102575,2026-04-16,Argentina,urban,Sports,Pro Non-slip Yoga Mat,1,18.88,18.88,cash_on_delivery,1,delivered,2026-04-20,4.0,,,
LT-101784,2026-04-16,Colombia,urban,Electronics,65W Fast Charger,2,24.83,49.66,digital_wallet,1,delivered,2026-04-20,4.0,,,
LT-101584,2026-04-16,Argentina,extended_zone,Home,CleanBot Lite Robot Vacuum,1,136.08,136.08,digital_wallet,1,delivered,2026-04-26,10.0,,,
LT-104553,2026-04-16,Argentina,urban,Sports,Resistance Bands Set x5,1,13.93,13.93,credit_card,1,delivered,2026-04-18,2.0,,,
LT-101152,2026-04-16,Argentina,extended_zone,Electronics,Boom Mini Bluetooth Speaker,1,28.25,28.25,cash_on_delivery,1,delivered,2026-04-21,5.0,,,
LT-103557,2026-04-16,United States,urban,Accessories,Vista Polarized Sunglasses,1,26.68,26.68,credit_card,1,delivered,2026-04-20,4.0,,,
LT-101905,2026-04-16,Colombia,urban,Home,CompactChef 4L Air Fryer,2,70.83,141.66,credit_card,6,delivered,2026-04-20,4.0,,,
LT-103792,2026-04-17,Peru,extended_zone,Electronics,Vertex Ergonomic Mouse,2,22.13,44.26,digital_wallet,1,delivered,2026-04-24,7.0,,,
LT-104372,2026-04-17,Colombia,urban,Electronics,Pulse S2 Smartwatch,1,89.13,89.13,credit_card,1,delivered,2026-04-21,4.0,,,
LT-103683,2026-04-17,Peru,urban,Fashion,Pima Cotton Basic Tee (2-pack),1,22.87,22.87,credit_card,3,delivered,2026-04-20,3.0,,,
LT-100545,2026-04-17,Mexico,urban,Home,CompactChef 4L Air Fryer,1,79.58,79.58,debit_card,1,delivered,2026-04-20,3.0,,,
LT-100054,2026-04-17,United States,extended_zone,Electronics,Boom Mini Bluetooth Speaker,1,27.77,27.77,debit_card,1,delivered,2026-04-26,9.0,,,
LT-100227,2026-04-17,Colombia,capital,Beauty,Complete Skincare Routine Kit,2,35.56,71.12,digital_wallet,1,cancelled,,,,,
LT-100228,2026-04-17,Colombia,urban,Electronics,Boom Mini Bluetooth Speaker,1,29.19,29.19,credit_card,6,delivered,2026-04-20,3.0,,,
LT-101058,2026-04-17,Chile,urban,Electronics,Boom Mini Bluetooth Speaker,1,27.76,27.76,credit_card,1,delivered,2026-04-19,2.0,,,
LT-103419,2026-04-18,Colombia,capital,Sports,Pro Non-slip Yoga Mat,1,20.89,20.89,digital_wallet,1,delivered,2026-04-21,3.0,,,
LT-104176,2026-04-18,United States,capital,Electronics,Boom Mini Bluetooth Speaker,1,31.53,31.53,credit_card,6,delivered,2026-04-21,3.0,,,
LT-103467,2026-04-18,United States,urban,Sports,Pro Non-slip Yoga Mat,1,20.53,20.53,digital_wallet,1,delivered,2026-04-20,2.0,,,
LT-101237,2026-04-18,Mexico,extended_zone,Electronics,360 WiFi Security Camera,1,50.39,50.39,debit_card,1,delivered,2026-04-29,11.0,,,
LT-100684,2026-04-18,United States,capital,Fashion,TrailFit Waterproof Jacket,1,67.08,67.08,credit_card,1,delivered,2026-04-24,6.0,,,
LT-103184,2026-04-18,Peru,urban,Home,CleanBot Lite Robot Vacuum,1,137.92,137.92,debit_card,1,delivered,2026-04-20,2.0,,,
LT-100963,2026-04-18,Colombia,urban,Beauty,CeramicPro Hair Straightener,1,39.04,39.04,bank_transfer,1,delivered,2026-04-21,3.0,2026-05-06,arrived_damaged,refunded
LT-103487,2026-04-18,Mexico,capital,Home,Stackable Kitchen Organizer x3,1,16.91,16.91,credit_card,3,delivered,2026-04-23,5.0,,,
LT-104759,2026-04-18,Chile,capital,Fashion,Pima Cotton Basic Tee (2-pack),1,21.56,21.56,credit_card,3,delivered,2026-04-22,4.0,,,
LT-101810,2026-04-18,Mexico,extended_zone,Home,Stackable Kitchen Organizer x3,1,16.65,16.65,bank_transfer,1,delivered,2026-04-25,7.0,,,
LT-100160,2026-04-18,Argentina,urban,Electronics,360 WiFi Security Camera,1,47.35,47.35,bank_transfer,1,delivered,2026-04-22,4.0,2026-04-24,defective_product,refunded
LT-102109,2026-04-18,United States,urban,Sports,Pro Non-slip Yoga Mat,1,18.65,18.65,bank_transfer,1,delivered,2026-04-20,2.0,,,
LT-104771,2026-04-18,Mexico,capital,Electronics,Boom Mini Bluetooth Speaker,1,29.06,29.06,credit_card,12,delivered,2026-04-21,3.0,,,
LT-100374,2026-04-18,Peru,urban,Beauty,CeramicPro Hair Straightener,2,41.55,83.1,cash_on_delivery,1,delivered,2026-04-20,2.0,,,
LT-103725,2026-04-19,Peru,capital,Electronics,65W Fast Charger,1,24.54,24.54,debit_card,1,delivered,2026-04-23,4.0,2026-05-01,defective_product,refunded
LT-103107,2026-04-19,United States,extended_zone,Electronics,Pulse S2 Smartwatch,2,84.14,168.28,digital_wallet,1,delivered,2026-04-28,9.0,,,
LT-104363,2026-04-19,United States,urban,Electronics,Boom Mini Bluetooth Speaker,1,30.68,30.68,bank_transfer,1,delivered,2026-04-23,4.0,2026-04-26,wrong_size_or_model,refunded
LT-104336,2026-04-19,Mexico,capital,Electronics,360 WiFi Security Camera,2,45.63,91.26,digital_wallet,1,delivered,2026-04-24,5.0,,,
LT-103437,2026-04-19,Peru,extended_zone,Electronics,Boom Mini Bluetooth Speaker,2,31.0,62.0,digital_wallet,1,delivered,2026-04-27,8.0,,,
LT-101654,2026-04-19,Mexico,urban,Electronics,360 WiFi Security Camera,1,49.83,49.83,credit_card,3,delivered,2026-04-22,3.0,,,
LT-100272,2026-04-19,Colombia,urban,Electronics,65W Fast Charger,2,25.38,50.76,debit_card,1,delivered,2026-04-23,4.0,,,
LT-104454,2026-04-19,United States,urban,Home,CompactChef 4L Air Fryer,1,79.73,79.73,cash_on_delivery,1,delivered,2026-04-21,2.0,,,
LT-101290,2026-04-19,Chile,capital,Fashion,Pima Cotton Basic Tee (2-pack),1,20.72,20.72,digital_wallet,1,delivered,2026-04-22,3.0,,,
LT-102727,2026-04-19,Canada,urban,Electronics,Vertex Ergonomic Mouse,1,22.36,22.36,credit_card,3,delivered,2026-04-23,4.0,,,
LT-100185,2026-04-19,Argentina,urban,Electronics,65W Fast Charger,1,25.58,25.58,debit_card,1,delivered,2026-04-22,3.0,,,
LT-100298,2026-04-19,Colombia,capital,Fashion,Pima Cotton Basic Tee (2-pack),2,23.32,46.64,credit_card,1,delivered,2026-04-24,5.0,,,
LT-104371,2026-04-19,United States,extended_zone,Beauty,CeramicPro Hair Straightener,1,39.63,39.63,bank_transfer,1,delivered,2026-04-28,9.0,,,
LT-101228,2026-04-19,Argentina,capital,Electronics,Kova K61 Mechanical Keyboard,2,53.25,106.5,debit_card,1,delivered,2026-04-22,3.0,,,
LT-100866,2026-04-19,Chile,urban,Electronics,Nova Wireless Earbuds,1,39.25,39.25,credit_card,1,delivered,2026-04-21,2.0,,,
LT-100151,2026-04-19,Mexico,capital,Accessories,Foldable Phone Stand,1,9.76,9.76,debit_card,1,delivered,2026-04-23,4.0,,,
LT-101019,2026-04-19,United States,capital,Home,Flex LED Desk Lamp,1,17.87,17.87,bank_transfer,1,delivered,2026-04-24,5.0,,,
LT-101612,2026-04-19,Canada,capital,Home,CompactChef 4L Air Fryer,1,76.79,76.79,digital_wallet,1,delivered,2026-04-23,4.0,,,
LT-104318,2026-04-20,United States,urban,Fashion,Pima Cotton Basic Tee (2-pack),1,22.82,22.82,credit_card,3,delivered,2026-04-24,4.0,2026-04-29,wrong_size_or_model,rejected
LT-100842,2026-04-20,Chile,urban,Electronics,360 WiFi Security Camera,1,46.04,46.04,digital_wallet,1,delivered,2026-04-23,3.0,,,
LT-103197,2026-04-20,United States,urban,Accessories,Vista Polarized Sunglasses,1,26.32,26.32,digital_wallet,1,cancelled,,,,,
LT-101924,2026-04-20,Peru,urban,Sports,Adjustable Dumbbells 2x10kg,1,54.6,54.6,digital_wallet,1,delivered,2026-04-23,3.0,,,
LT-102919,2026-04-20,Canada,urban,Electronics,Pulse S2 Smartwatch,1,91.33,91.33,credit_card,3,delivered,2026-04-23,3.0,,,
LT-102394,2026-04-20,United States,capital,Home,Stackable Kitchen Organizer x3,1,15.04,15.04,bank_transfer,1,delivered,2026-04-24,4.0,,,
LT-101536,2026-04-20,United States,capital,Electronics,65W Fast Charger,1,23.98,23.98,credit_card,3,delivered,2026-04-24,4.0,,,
LT-102425,2026-04-20,Argentina,capital,Home,CleanBot Lite Robot Vacuum,1,125.96,125.96,cash_on_delivery,1,delivered,2026-04-23,3.0,,,
LT-100354,2026-04-20,Mexico,urban,Electronics,Vertex Ergonomic Mouse,1,20.65,20.65,debit_card,1,delivered,2026-04-22,2.0,,,
LT-101855,2026-04-20,Colombia,capital,Beauty,CeramicPro Hair Straightener,1,37.68,37.68,digital_wallet,1,delivered,2026-04-26,6.0,,,
LT-104369,2026-04-20,United States,urban,Electronics,Kova K61 Mechanical Keyboard,3,50.79,152.37,cash_on_delivery,1,delivered,2026-04-22,2.0,,,
LT-104835,2026-04-20,Canada,extended_zone,Fashion,Strida Urban Sneakers,1,51.96,51.96,digital_wallet,1,delivered,2026-05-01,11.0,2026-05-07,not_as_described,under_review
LT-100538,2026-04-20,Colombia,capital,Electronics,Boom Mini Bluetooth Speaker,2,31.39,62.78,credit_card,3,cancelled,,,,,
LT-100660,2026-04-20,Chile,capital,Fashion,Strida Urban Sneakers,1,52.15,52.15,debit_card,1,delivered,2026-04-23,3.0,,,
LT-101669,2026-04-20,United States,extended_zone,Electronics,65W Fast Charger,1,23.75,23.75,digital_wallet,1,delivered,2026-05-02,12.0,2026-05-09,changed_mind,rejected
LT-102110,2026-04-20,Colombia,extended_zone,Home,Stackable Kitchen Organizer x3,1,15.07,15.07,credit_card,3,delivered,2026-04-28,8.0,2026-04-29,changed_mind,refunded
LT-101077,2026-04-20,Peru,urban,Electronics,360 WiFi Security Camera,1,44.45,44.45,credit_card,3,delivered,2026-04-23,3.0,,,
LT-102376,2026-04-20,Peru,urban,Home,Stackable Kitchen Organizer x3,1,15.24,15.24,debit_card,1,delivered,2026-04-24,4.0,,,
LT-101821,2026-04-20,Mexico,urban,Electronics,Nova Wireless Earbuds,2,41.23,82.46,bank_transfer,1,delivered,2026-04-24,4.0,,,
LT-103769,2026-04-20,Chile,urban,Sports,Resistance Bands Set x5,3,14.2,42.6,credit_card,6,delivered,2026-04-22,2.0,,,
LT-104157,2026-04-20,United States,urban,Sports,SteelHydro 1L Thermal Bottle,2,16.09,32.18,cash_on_delivery,1,delivered,2026-04-22,2.0,,,
LT-100139,2026-04-20,Canada,extended_zone,Electronics,360 WiFi Security Camera,1,50.06,50.06,debit_card,1,cancelled,,,,,
LT-100882,2026-04-21,Chile,extended_zone,Fashion,TrailFit Waterproof Jacket,2,68.26,136.52,bank_transfer,1,cancelled,,,,,
LT-101548,2026-04-21,Mexico,capital,Sports,Pro Non-slip Yoga Mat,1,20.7,20.7,debit_card,1,delivered,2026-04-25,4.0,,,
LT-103685,2026-04-21,Peru,urban,Electronics,Pulse S2 Smartwatch,1,89.96,89.96,credit_card,12,delivered,2026-04-23,2.0,2026-04-24,changed_mind,refunded
LT-102826,2026-04-21,United States,urban,Home,CompactChef 4L Air Fryer,1,78.07,78.07,credit_card,1,delivered,2026-04-23,2.0,2026-04-27,arrived_damaged,refunded
LT-101597,2026-04-21,Colombia,urban,Accessories,14'' Hard Laptop Case,2,16.29,32.58,bank_transfer,1,cancelled,,,,,
LT-103701,2026-04-21,Argentina,extended_zone,Fashion,Andino Slim Fit Jeans,2,33.42,66.84,credit_card,1,delivered,2026-05-01,10.0,,,
LT-102698,2026-04-21,United States,urban,Fashion,Andino Slim Fit Jeans,1,32.33,32.33,digital_wallet,1,delivered,2026-04-23,2.0,,,
LT-103560,2026-04-21,United States,urban,Sports,Resistance Bands Set x5,1,13.64,13.64,cash_on_delivery,1,delivered,2026-04-23,2.0,,,
LT-101527,2026-04-21,United States,urban,Beauty,CeramicPro Hair Straightener,1,37.31,37.31,debit_card,1,delivered,2026-04-24,3.0,,,
LT-102124,2026-04-21,Canada,urban,Electronics,Boom Mini Bluetooth Speaker,1,28.0,28.0,debit_card,1,delivered,2026-04-24,3.0,2026-05-09,wrong_size_or_model,refunded
LT-101825,2026-04-21,Argentina,capital,Fashion,UrbanPack 25L Anti-theft Backpack,1,39.79,39.79,credit_card,1,delivered,2026-04-25,4.0,,,
LT-101644,2026-04-21,United States,capital,Electronics,Nova Wireless Earbuds,1,39.01,39.01,credit_card,1,delivered,2026-04-27,6.0,,,
LT-102114,2026-04-21,United States,urban,Beauty,AirStyle Ionic Hair Dryer,1,41.7,41.7,credit_card,1,delivered,2026-04-23,2.0,2026-04-24,defective_product,refunded
LT-103075,2026-04-21,Mexico,capital,Fashion,Pima Cotton Basic Tee (2-pack),1,23.02,23.02,bank_transfer,1,delivered,2026-04-27,6.0,,,
LT-100813,2026-04-22,Chile,urban,Home,Stackable Kitchen Organizer x3,1,16.81,16.81,digital_wallet,1,delivered,2026-04-26,4.0,,,
LT-101113,2026-04-22,Mexico,extended_zone,Accessories,Interchangeable Watch Strap,1,9.07,9.07,credit_card,1,delivered,2026-05-01,9.0,,,
LT-102152,2026-04-22,Mexico,capital,Home,Stackable Kitchen Organizer x3,2,15.0,30.0,credit_card,3,delivered,2026-04-27,5.0,2026-05-07,not_as_described,under_review
LT-103219,2026-04-22,Argentina,extended_zone,Sports,SteelHydro 1L Thermal Bottle,1,16.12,16.12,credit_card,1,delivered,2026-04-29,7.0,,,
LT-102238,2026-04-22,United States,urban,Electronics,65W Fast Charger,1,24.44,24.44,credit_card,1,delivered,2026-04-24,2.0,,,
LT-104241,2026-04-22,United States,extended_zone,Electronics,65W Fast Charger,1,25.63,25.63,debit_card,1,delivered,2026-04-30,8.0,2026-05-04,defective_product,refunded
LT-104235,2026-04-22,Chile,capital,Electronics,Boom Mini Bluetooth Speaker,1,28.54,28.54,credit_card,1,delivered,2026-04-28,6.0,,,
LT-101967,2026-04-22,Colombia,capital,Electronics,Boom Mini Bluetooth Speaker,1,30.53,30.53,debit_card,1,delivered,2026-04-27,5.0,,,
LT-101998,2026-04-22,Argentina,urban,Home,Premium Queen Bedsheet Set,2,40.76,81.52,credit_card,1,delivered,2026-04-26,4.0,,,
LT-102977,2026-04-22,Mexico,urban,Fashion,Andino Slim Fit Jeans,2,33.38,66.76,digital_wallet,1,delivered,2026-04-25,3.0,,,
LT-104221,2026-04-22,United States,urban,Fashion,Pima Cotton Basic Tee (2-pack),1,21.3,21.3,debit_card,1,delivered,2026-04-25,3.0,,,
LT-100750,2026-04-23,Canada,extended_zone,Beauty,Complete Skincare Routine Kit,1,37.74,37.74,credit_card,6,delivered,2026-05-05,12.0,,,
LT-101074,2026-04-23,Peru,capital,Electronics,Vertex Ergonomic Mouse,1,20.41,20.41,credit_card,6,delivered,2026-04-28,5.0,,,
LT-102508,2026-04-23,Mexico,capital,Beauty,AirStyle Ionic Hair Dryer,2,46.38,92.76,debit_card,1,delivered,2026-04-27,4.0,,,
LT-100760,2026-04-23,Peru,urban,Electronics,Vertex Ergonomic Mouse,1,21.82,21.82,credit_card,6,delivered,2026-04-25,2.0,,,
LT-104239,2026-04-23,Colombia,capital,Fashion,Andino Slim Fit Jeans,1,30.88,30.88,credit_card,1,delivered,2026-04-27,4.0,,,
LT-102824,2026-04-23,Peru,capital,Home,Flex LED Desk Lamp,2,19.06,38.12,credit_card,3,delivered,2026-04-28,5.0,,,
LT-102649,2026-04-23,United States,urban,Fashion,UrbanPack 25L Anti-theft Backpack,1,36.39,36.39,bank_transfer,1,delivered,2026-04-26,3.0,,,
LT-104289,2026-04-23,Mexico,urban,Electronics,65W Fast Charger,1,26.55,26.55,bank_transfer,1,delivered,2026-04-27,4.0,,,
LT-104638,2026-04-23,Colombia,urban,Home,CompactChef 4L Air Fryer,1,74.64,74.64,digital_wallet,1,delivered,2026-04-26,3.0,,,
LT-100328,2026-04-23,United States,urban,Electronics,65W Fast Charger,1,23.67,23.67,digital_wallet,1,delivered,2026-04-26,3.0,,,
LT-100500,2026-04-23,United States,capital,Accessories,14'' Hard Laptop Case,1,18.54,18.54,debit_card,1,delivered,2026-04-28,5.0,,,
LT-103377,2026-04-23,Mexico,capital,Electronics,Nova Wireless Earbuds,1,39.63,39.63,credit_card,1,delivered,2026-04-29,6.0,,,
LT-103564,2026-04-23,Peru,extended_zone,Fashion,TrailFit Waterproof Jacket,1,64.33,64.33,debit_card,1,delivered,2026-05-03,10.0,,,
LT-102914,2026-04-23,Mexico,capital,Accessories,Interchangeable Watch Strap,1,7.91,7.91,debit_card,1,delivered,2026-04-29,6.0,,,
LT-102244,2026-04-23,Colombia,urban,Fashion,UrbanPack 25L Anti-theft Backpack,1,39.28,39.28,debit_card,1,delivered,2026-04-27,4.0,,,
LT-100638,2026-04-23,United States,urban,Fashion,TrailFit Waterproof Jacket,1,63.31,63.31,cash_on_delivery,1,delivered,2026-04-26,3.0,,,
LT-102613,2026-04-23,Canada,urban,Sports,Pro Non-slip Yoga Mat,2,21.01,42.02,credit_card,3,delivered,2026-04-26,3.0,,,
LT-104974,2026-04-24,Argentina,urban,Electronics,65W Fast Charger,1,25.62,25.62,credit_card,12,delivered,2026-04-28,4.0,,,
LT-103457,2026-04-24,Mexico,extended_zone,Electronics,65W Fast Charger,1,24.37,24.37,digital_wallet,1,delivered,2026-05-02,8.0,,,
LT-101575,2026-04-24,Peru,urban,Fashion,UrbanPack 25L Anti-theft Backpack,3,39.9,119.7,digital_wallet,1,delivered,2026-04-27,3.0,2026-04-29,changed_mind,rejected
LT-104093,2026-04-24,Mexico,extended_zone,Electronics,Vertex Ergonomic Mouse,1,20.23,20.23,credit_card,6,cancelled,,,,,
LT-103746,2026-04-24,Colombia,extended_zone,Electronics,Nova Wireless Earbuds,1,38.03,38.03,debit_card,1,delivered,2026-05-04,10.0,,,
LT-102652,2026-04-24,Colombia,capital,Sports,Resistance Bands Set x5,1,13.33,13.33,credit_card,1,delivered,2026-04-28,4.0,,,
LT-104086,2026-04-24,Colombia,urban,Sports,SteelHydro 1L Thermal Bottle,1,16.15,16.15,debit_card,1,delivered,2026-04-26,2.0,,,
LT-100679,2026-04-24,Canada,extended_zone,Electronics,Vertex Ergonomic Mouse,2,20.45,40.9,bank_transfer,1,delivered,2026-04-29,5.0,2026-05-02,arrived_damaged,refunded
LT-100961,2026-04-24,Argentina,urban,Fashion,UrbanPack 25L Anti-theft Backpack,3,39.34,118.02,credit_card,6,delivered,2026-04-27,3.0,,,
LT-103610,2026-04-24,Colombia,capital,Home,CleanBot Lite Robot Vacuum,1,130.38,130.38,credit_card,3,delivered,2026-04-27,3.0,2026-05-06,defective_product,refunded
LT-101762,2026-04-24,United States,capital,Electronics,360 WiFi Security Camera,2,48.12,96.24,credit_card,6,delivered,2026-04-30,6.0,,,
LT-103537,2026-04-24,Colombia,urban,Electronics,Vertex Ergonomic Mouse,2,19.54,39.08,digital_wallet,1,delivered,2026-04-27,3.0,,,
LT-100489,2026-04-25,Mexico,capital,Fashion,UrbanPack 25L Anti-theft Backpack,1,35.72,35.72,debit_card,1,delivered,2026-04-30,5.0,,,
LT-104173,2026-04-25,Peru,urban,Fashion,Pima Cotton Basic Tee (2-pack),1,22.86,22.86,digital_wallet,1,delivered,2026-04-29,4.0,,,
LT-102544,2026-04-25,Mexico,urban,Electronics,Vertex Ergonomic Mouse,1,21.58,21.58,credit_card,3,delivered,2026-04-29,4.0,2026-05-06,not_as_described,refunded
LT-102743,2026-04-25,Argentina,urban,Sports,SteelHydro 1L Thermal Bottle,1,16.45,16.45,digital_wallet,1,delivered,2026-04-27,2.0,2026-04-29,not_as_described,under_review
LT-101519,2026-04-25,Chile,urban,Electronics,360 WiFi Security Camera,2,44.83,89.66,credit_card,6,delivered,2026-04-27,2.0,2026-05-09,defective_product,rejected
LT-101485,2026-04-25,Argentina,urban,Electronics,Vertex Ergonomic Mouse,3,22.29,66.87,digital_wallet,1,delivered,2026-04-29,4.0,2026-05-04,changed_mind,refunded
LT-103318,2026-04-25,Mexico,urban,Fashion,UrbanPack 25L Anti-theft Backpack,1,36.98,36.98,digital_wallet,1,delivered,2026-04-27,2.0,,,
LT-104887,2026-04-25,United States,extended_zone,Accessories,14'' Hard Laptop Case,1,18.02,18.02,digital_wallet,1,delivered,2026-05-06,11.0,,,
LT-100808,2026-04-25,United States,extended_zone,Sports,Pro Non-slip Yoga Mat,1,19.03,19.03,credit_card,1,delivered,2026-05-05,10.0,,,
LT-102830,2026-04-25,Colombia,capital,Fashion,TrailFit Waterproof Jacket,1,65.96,65.96,credit_card,1,delivered,2026-04-29,4.0,,,
LT-102458,2026-04-25,Colombia,capital,Sports,Pro Non-slip Yoga Mat,2,19.68,39.36,digital_wallet,1,cancelled,,,,,
LT-104373,2026-04-25,United States,capital,Electronics,360 WiFi Security Camera,1,45.94,45.94,credit_card,1,delivered,2026-04-29,4.0,,,
LT-101345,2026-04-25,United States,urban,Fashion,Pima Cotton Basic Tee (2-pack),2,22.15,44.3,debit_card,1,cancelled,,,,,
LT-104671,2026-04-25,United States,urban,Fashion,Andino Slim Fit Jeans,2,34.24,68.48,bank_transfer,1,delivered,2026-04-27,2.0,,,
LT-102115,2026-04-25,Peru,capital,Electronics,Pulse S2 Smartwatch,1,92.83,92.83,credit_card,1,delivered,2026-04-29,4.0,,,
LT-104146,2026-04-25,Colombia,capital,Electronics,Nova Wireless Earbuds,1,42.38,42.38,credit_card,6,cancelled,,,,,
LT-103227,2026-04-25,Mexico,extended_zone,Home,CompactChef 4L Air Fryer,1,77.78,77.78,credit_card,12,delivered,2026-05-01,6.0,,,
LT-102072,2026-04-25,United States,urban,Home,Premium Queen Bedsheet Set,1,41.39,41.39,debit_card,1,delivered,2026-04-29,4.0,,,
LT-103666,2026-04-25,Colombia,capital,Fashion,Strida Urban Sneakers,1,49.68,49.68,credit_card,1,delivered,2026-05-01,6.0,,,
LT-101646,2026-04-26,Argentina,urban,Beauty,Complete Skincare Routine Kit,1,37.13,37.13,bank_transfer,1,delivered,2026-04-28,2.0,,,
LT-100156,2026-04-26,Colombia,capital,Electronics,Nova Wireless Earbuds,1,38.93,38.93,digital_wallet,1,delivered,2026-05-01,5.0,,,
LT-103550,2026-04-26,Peru,urban,Electronics,65W Fast Charger,1,24.03,24.03,digital_wallet,1,delivered,2026-04-28,2.0,,,
LT-100520,2026-04-26,Colombia,extended_zone,Home,Flex LED Desk Lamp,3,17.73,53.19,digital_wallet,1,delivered,2026-05-04,8.0,2026-05-06,wrong_size_or_model,refunded
LT-100668,2026-04-26,Colombia,urban,Fashion,Strida Urban Sneakers,2,46.63,93.26,credit_card,6,delivered,2026-04-29,3.0,,,
LT-103878,2026-04-26,United States,capital,Fashion,TrailFit Waterproof Jacket,1,61.26,61.26,debit_card,1,delivered,2026-04-30,4.0,,,
LT-103750,2026-04-26,Chile,capital,Electronics,360 WiFi Security Camera,1,49.47,49.47,debit_card,1,delivered,2026-05-02,6.0,,,
LT-102103,2026-04-26,Colombia,extended_zone,Accessories,14'' Hard Laptop Case,1,17.25,17.25,cash_on_delivery,1,delivered,2026-05-02,6.0,,,
LT-103646,2026-04-26,Chile,capital,Home,Stackable Kitchen Organizer x3,2,15.63,31.26,credit_card,1,delivered,2026-05-01,5.0,,,
LT-102120,2026-04-26,Mexico,capital,Electronics,65W Fast Charger,2,26.12,52.24,debit_card,1,delivered,2026-05-01,5.0,,,
LT-102363,2026-04-26,Canada,capital,Home,Premium Queen Bedsheet Set,1,41.8,41.8,digital_wallet,1,delivered,2026-04-29,3.0,,,
LT-100588,2026-04-26,Mexico,extended_zone,Home,Stackable Kitchen Organizer x3,1,15.2,15.2,credit_card,1,delivered,2026-05-02,6.0,,,
LT-103562,2026-04-26,United States,urban,Home,Flex LED Desk Lamp,1,17.66,17.66,bank_transfer,1,delivered,2026-04-30,4.0,,,
LT-102625,2026-04-27,Chile,urban,Electronics,Vertex Ergonomic Mouse,1,21.77,21.77,bank_transfer,1,delivered,2026-04-29,2.0,2026-05-08,arrived_damaged,under_review
LT-102273,2026-04-27,Colombia,urban,Home,Stackable Kitchen Organizer x3,1,14.8,14.8,digital_wallet,1,delivered,2026-04-30,3.0,,,
LT-100953,2026-04-27,Chile,extended_zone,Electronics,Boom Mini Bluetooth Speaker,1,28.51,28.51,credit_card,3,delivered,2026-05-04,7.0,,,
LT-100213,2026-04-27,United States,capital,Home,CompactChef 4L Air Fryer,1,70.76,70.76,digital_wallet,1,cancelled,,,,,
LT-103553,2026-04-27,United States,capital,Fashion,TrailFit Waterproof Jacket,1,67.58,67.58,digital_wallet,1,delivered,2026-05-01,4.0,,,
LT-102820,2026-04-27,United States,capital,Electronics,Vertex Ergonomic Mouse,1,19.82,19.82,credit_card,3,delivered,2026-04-30,3.0,,,
LT-100017,2026-04-27,Canada,capital,Electronics,Vertex Ergonomic Mouse,1,22.38,22.38,credit_card,1,delivered,2026-05-02,5.0,,,
LT-103025,2026-04-27,United States,urban,Electronics,Nova Wireless Earbuds,1,38.91,38.91,debit_card,1,delivered,2026-04-30,3.0,,,
LT-102715,2026-04-27,Chile,urban,Electronics,Vertex Ergonomic Mouse,3,20.28,60.84,digital_wallet,1,delivered,2026-04-29,2.0,,,
LT-100928,2026-04-27,Argentina,urban,Beauty,CeramicPro Hair Straightener,1,40.83,40.83,digital_wallet,1,delivered,2026-04-29,2.0,,,
LT-100270,2026-04-27,Peru,urban,Electronics,360 WiFi Security Camera,1,44.5,44.5,credit_card,6,delivered,2026-04-30,3.0,,,
LT-103459,2026-04-27,Peru,extended_zone,Accessories,Vista Polarized Sunglasses,1,26.79,26.79,credit_card,1,delivered,2026-05-07,10.0,,,
LT-104490,2026-04-27,Canada,extended_zone,Home,Stackable Kitchen Organizer x3,1,16.57,16.57,digital_wallet,1,delivered,2026-05-07,10.0,,,
LT-102962,2026-04-27,United States,capital,Electronics,65W Fast Charger,1,24.41,24.41,credit_card,6,delivered,2026-04-30,3.0,,,
LT-104654,2026-04-27,Peru,capital,Beauty,CeramicPro Hair Straightener,2,37.41,74.82,digital_wallet,1,delivered,2026-05-02,5.0,,,
LT-101904,2026-04-28,Argentina,urban,Home,Stackable Kitchen Organizer x3,2,15.32,30.64,debit_card,1,delivered,2026-05-02,4.0,2026-05-12,defective_product,rejected
LT-103469,2026-04-28,United States,urban,Fashion,Pima Cotton Basic Tee (2-pack),1,22.21,22.21,digital_wallet,1,delivered,2026-05-02,4.0,,,
LT-104623,2026-04-28,Peru,extended_zone,Beauty,AirStyle Ionic Hair Dryer,1,46.85,46.85,bank_transfer,1,delivered,2026-05-07,9.0,,,
LT-103614,2026-04-28,Mexico,urban,Fashion,UrbanPack 25L Anti-theft Backpack,1,37.15,37.15,bank_transfer,1,delivered,2026-05-02,4.0,,,
LT-101295,2026-04-28,Canada,urban,Fashion,Andino Slim Fit Jeans,2,34.15,68.3,debit_card,1,delivered,2026-05-02,4.0,,,
LT-102360,2026-04-28,Chile,urban,Electronics,Nova Wireless Earbuds,2,38.83,77.66,credit_card,3,delivered,2026-04-30,2.0,,,
LT-104871,2026-04-28,Colombia,extended_zone,Home,Stackable Kitchen Organizer x3,1,16.42,16.42,credit_card,1,delivered,2026-05-06,8.0,,,
LT-104682,2026-04-28,Canada,urban,Sports,Adjustable Dumbbells 2x10kg,1,61.95,61.95,credit_card,3,delivered,2026-04-30,2.0,,,
LT-103737,2026-04-28,Chile,extended_zone,Electronics,Boom Mini Bluetooth Speaker,1,31.49,31.49,debit_card,1,delivered,2026-05-10,12.0,,,
LT-100430,2026-04-28,Mexico,urban,Electronics,Pulse S2 Smartwatch,3,84.68,254.04,digital_wallet,1,delivered,2026-05-02,4.0,,,
LT-101662,2026-04-29,Colombia,capital,Home,CompactChef 4L Air Fryer,1,73.0,73.0,cash_on_delivery,1,delivered,2026-05-04,5.0,,,
LT-102074,2026-04-29,Mexico,capital,Fashion,TrailFit Waterproof Jacket,1,63.55,63.55,cash_on_delivery,1,cancelled,,,,,
LT-101711,2026-04-29,United States,urban,Accessories,14'' Hard Laptop Case,1,17.59,17.59,digital_wallet,1,delivered,2026-05-02,3.0,,,
LT-101476,2026-04-29,Argentina,urban,Electronics,Nova Wireless Earbuds,1,42.19,42.19,debit_card,1,delivered,2026-05-02,3.0,,,
LT-102771,2026-04-29,Mexico,capital,Accessories,Interchangeable Watch Strap,3,9.04,27.12,credit_card,3,delivered,2026-05-03,4.0,,,
LT-101725,2026-04-29,Argentina,urban,Fashion,Pima Cotton Basic Tee (2-pack),1,20.93,20.93,debit_card,1,delivered,2026-05-01,2.0,,,
LT-103542,2026-04-29,Canada,extended_zone,Accessories,14'' Hard Laptop Case,1,17.93,17.93,bank_transfer,1,delivered,2026-05-07,8.0,,,
LT-104698,2026-04-29,Chile,urban,Electronics,Nova Wireless Earbuds,1,37.44,37.44,credit_card,6,delivered,2026-05-02,3.0,,,
LT-102637,2026-04-29,Colombia,capital,Accessories,14'' Hard Laptop Case,1,17.43,17.43,digital_wallet,1,delivered,2026-05-04,5.0,2026-05-06,defective_product,rejected
LT-102456,2026-04-30,Peru,extended_zone,Home,Stackable Kitchen Organizer x3,2,16.35,32.7,digital_wallet,1,delivered,2026-05-06,6.0,,,
LT-102923,2026-04-30,Colombia,urban,Beauty,AirStyle Ionic Hair Dryer,1,43.13,43.13,debit_card,1,delivered,2026-05-03,3.0,,,
LT-103491,2026-04-30,Mexico,urban,Fashion,TrailFit Waterproof Jacket,3,65.99,197.97,credit_card,1,delivered,2026-05-02,2.0,,,
LT-101274,2026-04-30,Mexico,capital,Electronics,Boom Mini Bluetooth Speaker,1,30.56,30.56,credit_card,6,delivered,2026-05-04,4.0,,,
LT-101182,2026-04-30,Colombia,capital,Fashion,UrbanPack 25L Anti-theft Backpack,1,35.89,35.89,debit_card,1,delivered,2026-05-04,4.0,,,
LT-100035,2026-04-30,Peru,urban,Home,CompactChef 4L Air Fryer,2,69.89,139.78,digital_wallet,1,delivered,2026-05-04,4.0,,,
LT-102013,2026-04-30,Colombia,capital,Accessories,14'' Hard Laptop Case,3,17.61,52.83,digital_wallet,1,delivered,2026-05-03,3.0,,,
LT-100076,2026-04-30,Chile,urban,Beauty,AirStyle Ionic Hair Dryer,1,42.55,42.55,credit_card,6,delivered,2026-05-03,3.0,,,
LT-104535,2026-04-30,Colombia,extended_zone,Fashion,Pima Cotton Basic Tee (2-pack),1,22.15,22.15,credit_card,1,delivered,2026-05-05,5.0,,,
LT-100666,2026-05-01,Argentina,urban,Beauty,Complete Skincare Routine Kit,1,36.74,36.74,credit_card,6,delivered,2026-05-04,3.0,,,
LT-104026,2026-05-01,United States,urban,Fashion,UrbanPack 25L Anti-theft Backpack,2,37.86,75.72,credit_card,3,delivered,2026-05-05,4.0,,,
LT-104578,2026-05-01,Colombia,capital,Fashion,TrailFit Waterproof Jacket,2,62.82,125.64,debit_card,1,delivered,2026-05-06,5.0,,,
LT-100399,2026-05-01,Colombia,capital,Home,CompactChef 4L Air Fryer,1,74.78,74.78,bank_transfer,1,delivered,2026-05-06,5.0,,,
LT-101028,2026-05-01,Peru,capital,Fashion,TrailFit Waterproof Jacket,1,65.98,65.98,digital_wallet,1,delivered,2026-05-05,4.0,,,
LT-102740,2026-05-01,Chile,capital,Fashion,Pima Cotton Basic Tee (2-pack),1,21.87,21.87,credit_card,1,delivered,2026-05-07,6.0,,,
LT-102999,2026-05-01,Argentina,capital,Fashion,Strida Urban Sneakers,2,47.46,94.92,credit_card,6,delivered,2026-05-05,4.0,,,
LT-103448,2026-05-01,Colombia,extended_zone,Home,CompactChef 4L Air Fryer,1,76.7,76.7,credit_card,6,delivered,2026-05-07,6.0,,,
LT-104660,2026-05-01,Colombia,urban,Electronics,Boom Mini Bluetooth Speaker,1,28.45,28.45,credit_card,3,delivered,2026-05-05,4.0,,,
LT-104878,2026-05-01,Chile,urban,Home,Premium Queen Bedsheet Set,1,44.05,44.05,digital_wallet,1,delivered,2026-05-05,4.0,,,
LT-101094,2026-05-01,United States,urban,Electronics,65W Fast Charger,2,23.87,47.74,credit_card,1,delivered,2026-05-03,2.0,,,
LT-102304,2026-05-01,Colombia,extended_zone,Fashion,UrbanPack 25L Anti-theft Backpack,2,35.87,71.74,digital_wallet,1,delivered,2026-05-12,11.0,,,
LT-102921,2026-05-01,Peru,capital,Electronics,Kova K61 Mechanical Keyboard,1,54.67,54.67,credit_card,12,delivered,2026-05-06,5.0,,,
LT-104875,2026-05-01,Colombia,capital,Electronics,360 WiFi Security Camera,1,50.12,50.12,digital_wallet,1,delivered,2026-05-07,6.0,,,
LT-103429,2026-05-02,United States,capital,Home,Flex LED Desk Lamp,1,18.03,18.03,debit_card,1,delivered,2026-05-05,3.0,,,
LT-103020,2026-05-02,Chile,urban,Home,Flex LED Desk Lamp,1,18.32,18.32,digital_wallet,1,cancelled,,,,,
LT-100379,2026-05-02,Colombia,urban,Sports,Pro Non-slip Yoga Mat,1,19.95,19.95,digital_wallet,1,delivered,2026-05-04,2.0,,,
LT-104134,2026-05-02,Mexico,urban,Electronics,Vertex Ergonomic Mouse,1,21.01,21.01,debit_card,1,delivered,2026-05-05,3.0,,,
LT-104833,2026-05-02,Chile,urban,Home,Flex LED Desk Lamp,1,17.36,17.36,bank_transfer,1,delivered,2026-05-05,3.0,,,
LT-101463,2026-05-02,Colombia,capital,Electronics,Boom Mini Bluetooth Speaker,1,31.45,31.45,debit_card,1,delivered,2026-05-06,4.0,,,
LT-101837,2026-05-02,Mexico,urban,Electronics,Kova K61 Mechanical Keyboard,1,51.42,51.42,bank_transfer,1,delivered,2026-05-06,4.0,,,
LT-102138,2026-05-02,Argentina,urban,Accessories,14'' Hard Laptop Case,1,16.31,16.31,cash_on_delivery,1,delivered,2026-05-06,4.0,,,
LT-101349,2026-05-02,United States,extended_zone,Fashion,TrailFit Waterproof Jacket,1,65.0,65.0,credit_card,6,delivered,2026-05-10,8.0,,,
LT-100217,2026-05-02,Colombia,capital,Home,Stackable Kitchen Organizer x3,1,16.0,16.0,digital_wallet,1,delivered,2026-05-07,5.0,,,
LT-104463,2026-05-02,Colombia,urban,Electronics,Kova K61 Mechanical Keyboard,1,52.38,52.38,credit_card,6,cancelled,,,,,
LT-104151,2026-05-02,United States,extended_zone,Electronics,360 WiFi Security Camera,1,49.56,49.56,debit_card,1,delivered,2026-05-11,9.0,,,
LT-100556,2026-05-02,Canada,urban,Electronics,Boom Mini Bluetooth Speaker,1,31.3,31.3,cash_on_delivery,1,delivered,2026-05-05,3.0,,,
LT-104071,2026-05-02,Canada,capital,Electronics,Pulse S2 Smartwatch,1,84.3,84.3,bank_transfer,1,delivered,2026-05-08,6.0,,,
LT-101157,2026-05-02,Mexico,urban,Electronics,Boom Mini Bluetooth Speaker,1,31.07,31.07,credit_card,1,delivered,2026-05-04,2.0,,,
LT-101653,2026-05-02,Chile,capital,Electronics,Pulse S2 Smartwatch,2,83.98,167.96,debit_card,1,delivered,2026-05-07,5.0,,,
LT-100714,2026-05-02,Colombia,capital,Accessories,Vista Polarized Sunglasses,3,27.04,81.12,debit_card,1,delivered,2026-05-06,4.0,2026-05-14,arrived_damaged,refunded
LT-100992,2026-05-02,Canada,capital,Fashion,Strida Urban Sneakers,1,49.66,49.66,debit_card,1,delivered,2026-05-07,5.0,,,
LT-101138,2026-05-02,United States,capital,Home,CompactChef 4L Air Fryer,1,72.64,72.64,credit_card,1,delivered,2026-05-05,3.0,,,
LT-100543,2026-05-03,Peru,extended_zone,Home,Flex LED Desk Lamp,1,19.75,19.75,cash_on_delivery,1,delivered,2026-05-14,11.0,2026-05-17,wrong_size_or_model,refunded
LT-100546,2026-05-03,United States,urban,Accessories,Interchangeable Watch Strap,1,8.02,8.02,debit_card,1,delivered,2026-05-07,4.0,,,
LT-100361,2026-05-03,United States,urban,Fashion,TrailFit Waterproof Jacket,1,66.91,66.91,credit_card,6,delivered,2026-05-07,4.0,,,
LT-101183,2026-05-03,Mexico,urban,Electronics,Boom Mini Bluetooth Speaker,1,30.68,30.68,debit_card,1,delivered,2026-05-07,4.0,,,
LT-102111,2026-05-03,Colombia,urban,Electronics,Vertex Ergonomic Mouse,2,22.12,44.24,digital_wallet,1,delivered,2026-05-07,4.0,,,
LT-103568,2026-05-03,Mexico,extended_zone,Electronics,Nova Wireless Earbuds,1,39.4,39.4,cash_on_delivery,1,delivered,2026-05-13,10.0,,,
LT-100824,2026-05-03,United States,urban,Sports,Pro Non-slip Yoga Mat,1,20.35,20.35,debit_card,1,delivered,2026-05-07,4.0,,,
LT-100262,2026-05-03,Canada,capital,Fashion,UrbanPack 25L Anti-theft Backpack,1,35.59,35.59,bank_transfer,1,delivered,2026-05-07,4.0,,,
LT-103514,2026-05-03,Mexico,extended_zone,Fashion,Andino Slim Fit Jeans,1,33.68,33.68,bank_transfer,1,delivered,2026-05-13,10.0,,,
LT-103486,2026-05-03,United States,capital,Accessories,Foldable Phone Stand,1,10.33,10.33,bank_transfer,1,delivered,2026-05-09,6.0,,,
LT-101326,2026-05-03,United States,urban,Home,Flex LED Desk Lamp,1,17.41,17.41,digital_wallet,1,delivered,2026-05-07,4.0,,,
LT-102174,2026-05-03,Colombia,urban,Accessories,Foldable Phone Stand,1,10.46,10.46,digital_wallet,1,delivered,2026-05-07,4.0,,,
LT-103920,2026-05-03,United States,capital,Fashion,TrailFit Waterproof Jacket,1,67.59,67.59,digital_wallet,1,delivered,2026-05-09,6.0,,,
LT-100883,2026-05-03,United States,capital,Home,Premium Queen Bedsheet Set,1,43.14,43.14,digital_wallet,1,delivered,2026-05-07,4.0,,,
LT-100578,2026-05-03,United States,urban,Electronics,Kova K61 Mechanical Keyboard,2,50.64,101.28,credit_card,6,delivered,2026-05-06,3.0,,,
LT-101531,2026-05-04,Mexico,extended_zone,Sports,SteelHydro 1L Thermal Bottle,1,17.18,17.18,credit_card,12,delivered,2026-05-11,7.0,,,
LT-101680,2026-05-04,Peru,urban,Electronics,65W Fast Charger,1,25.59,25.59,credit_card,1,delivered,2026-05-08,4.0,,,
LT-103608,2026-05-04,Mexico,urban,Sports,Resistance Bands Set x5,2,13.29,26.58,credit_card,12,delivered,2026-05-08,4.0,,,
LT-100867,2026-05-04,Peru,capital,Home,Flex LED Desk Lamp,2,19.74,39.48,bank_transfer,1,delivered,2026-05-07,3.0,,,
LT-103064,2026-05-04,Colombia,urban,Fashion,Strida Urban Sneakers,1,49.27,49.27,debit_card,1,delivered,2026-05-08,4.0,,,
LT-104994,2026-05-04,Argentina,urban,Beauty,CeramicPro Hair Straightener,1,38.51,38.51,digital_wallet,1,delivered,2026-05-06,2.0,,,
LT-102591,2026-05-04,Canada,urban,Electronics,Vertex Ergonomic Mouse,1,21.22,21.22,credit_card,1,delivered,2026-05-08,4.0,,,
LT-104561,2026-05-04,Mexico,capital,Fashion,Strida Urban Sneakers,1,47.67,47.67,bank_transfer,1,delivered,2026-05-10,6.0,,,
LT-103703,2026-05-04,Argentina,urban,Accessories,Vista Polarized Sunglasses,2,24.6,49.2,credit_card,12,delivered,2026-05-07,3.0,,,
LT-104011,2026-05-04,Mexico,urban,Sports,Pro Non-slip Yoga Mat,1,20.42,20.42,credit_card,6,delivered,2026-05-06,2.0,,,
LT-103540,2026-05-04,Colombia,urban,Electronics,360 WiFi Security Camera,1,44.54,44.54,credit_card,12,delivered,2026-05-07,3.0,,,
LT-102127,2026-05-04,Peru,capital,Sports,Pro Non-slip Yoga Mat,1,18.74,18.74,digital_wallet,1,delivered,2026-05-08,4.0,,,
LT-101534,2026-05-04,Mexico,urban,Home,CleanBot Lite Robot Vacuum,1,131.41,131.41,debit_card,1,delivered,2026-05-08,4.0,,,
LT-101724,2026-05-04,Peru,capital,Fashion,UrbanPack 25L Anti-theft Backpack,1,36.58,36.58,debit_card,1,delivered,2026-05-10,6.0,,,
LT-101641,2026-05-04,Canada,capital,Electronics,Vertex Ergonomic Mouse,1,20.41,20.41,debit_card,1,cancelled,,,,,
LT-104548,2026-05-04,Chile,extended_zone,Electronics,360 WiFi Security Camera,1,45.38,45.38,bank_transfer,1,delivered,2026-05-12,8.0,,,
LT-100391,2026-05-04,Mexico,urban,Electronics,360 WiFi Security Camera,1,45.01,45.01,credit_card,6,delivered,2026-05-06,2.0,2026-05-08,not_as_described,refunded
LT-104101,2026-05-04,Argentina,extended_zone,Fashion,TrailFit Waterproof Jacket,1,63.32,63.32,credit_card,12,delivered,2026-05-10,6.0,,,
LT-100385,2026-05-04,Chile,extended_zone,Sports,Resistance Bands Set x5,2,14.03,28.06,cash_on_delivery,1,delivered,2026-05-11,7.0,,,
LT-100825,2026-05-05,Chile,urban,Electronics,65W Fast Charger,1,24.79,24.79,debit_card,1,cancelled,,,,,
LT-102931,2026-05-05,Colombia,extended_zone,Fashion,Strida Urban Sneakers,1,49.4,49.4,bank_transfer,1,delivered,2026-05-17,12.0,,,
LT-101042,2026-05-05,Peru,extended_zone,Fashion,Strida Urban Sneakers,1,51.85,51.85,digital_wallet,1,delivered,2026-05-16,11.0,,,
LT-102318,2026-05-05,United States,capital,Sports,SteelHydro 1L Thermal Bottle,1,16.65,16.65,bank_transfer,1,delivered,2026-05-08,3.0,,,
LT-101977,2026-05-05,Peru,extended_zone,Fashion,Strida Urban Sneakers,1,53.19,53.19,debit_card,1,delivered,2026-05-17,12.0,2026-05-23,defective_product,refunded
LT-102375,2026-05-05,Colombia,extended_zone,Home,Premium Queen Bedsheet Set,1,40.19,40.19,credit_card,6,delivered,2026-05-11,6.0,,,
LT-104509,2026-05-05,Colombia,urban,Home,Flex LED Desk Lamp,1,19.41,19.41,bank_transfer,1,delivered,2026-05-07,2.0,,,
LT-102432,2026-05-05,Colombia,urban,Home,CompactChef 4L Air Fryer,1,72.43,72.43,digital_wallet,1,delivered,2026-05-08,3.0,,,
LT-100919,2026-05-05,Colombia,urban,Fashion,TrailFit Waterproof Jacket,1,63.25,63.25,credit_card,1,delivered,2026-05-08,3.0,,,
LT-104209,2026-05-05,United States,extended_zone,Sports,Pro Non-slip Yoga Mat,3,19.57,58.71,credit_card,6,cancelled,,,,,
LT-100751,2026-05-05,Canada,urban,Electronics,Vertex Ergonomic Mouse,1,20.17,20.17,credit_card,3,delivered,2026-05-08,3.0,,,
LT-102671,2026-05-05,Colombia,urban,Sports,Pro Non-slip Yoga Mat,1,19.6,19.6,digital_wallet,1,delivered,2026-05-08,3.0,,,
LT-102762,2026-05-05,Colombia,capital,Electronics,Vertex Ergonomic Mouse,1,19.94,19.94,bank_transfer,1,delivered,2026-05-11,6.0,,,
LT-101691,2026-05-05,Argentina,capital,Electronics,Boom Mini Bluetooth Speaker,1,30.0,30.0,credit_card,1,delivered,2026-05-11,6.0,,,
LT-103416,2026-05-05,United States,capital,Beauty,CeramicPro Hair Straightener,1,38.06,38.06,bank_transfer,1,delivered,2026-05-09,4.0,,,
LT-103630,2026-05-05,United States,urban,Electronics,Boom Mini Bluetooth Speaker,2,31.3,62.6,cash_on_delivery,1,cancelled,,,,,
LT-103391,2026-05-05,Canada,urban,Electronics,Nova Wireless Earbuds,2,39.16,78.32,debit_card,1,delivered,2026-05-07,2.0,,,
LT-101486,2026-05-05,Peru,capital,Accessories,Foldable Phone Stand,2,10.22,20.44,credit_card,1,delivered,2026-05-08,3.0,,,
LT-100685,2026-05-05,Colombia,urban,Home,Stackable Kitchen Organizer x3,1,15.21,15.21,credit_card,3,delivered,2026-05-08,3.0,,,
LT-100574,2026-05-05,Canada,capital,Fashion,Andino Slim Fit Jeans,1,33.11,33.11,credit_card,6,delivered,2026-05-11,6.0,,,
LT-101954,2026-05-05,Chile,urban,Accessories,Vista Polarized Sunglasses,2,24.89,49.78,cash_on_delivery,1,delivered,2026-05-08,3.0,,,
LT-100368,2026-05-05,United States,urban,Home,Stackable Kitchen Organizer x3,1,15.76,15.76,cash_on_delivery,1,cancelled,,,,,
LT-101380,2026-05-05,Colombia,urban,Home,CompactChef 4L Air Fryer,1,73.01,73.01,credit_card,6,delivered,2026-05-09,4.0,,,
LT-102621,2026-05-05,United States,urban,Fashion,TrailFit Waterproof Jacket,2,60.46,120.92,cash_on_delivery,1,delivered,2026-05-07,2.0,,,
LT-104770,2026-05-05,United States,capital,Electronics,65W Fast Charger,1,25.88,25.88,credit_card,3,delivered,2026-05-11,6.0,,,
LT-102666,2026-05-05,Mexico,extended_zone,Electronics,Nova Wireless Earbuds,1,38.59,38.59,debit_card,1,delivered,2026-05-10,5.0,,,
LT-100611,2026-05-05,Chile,urban,Electronics,Vertex Ergonomic Mouse,2,21.77,43.54,credit_card,1,delivered,2026-05-08,3.0,,,
LT-101699,2026-05-06,Colombia,urban,Fashion,Pima Cotton Basic Tee (2-pack),1,22.49,22.49,credit_card,1,delivered,2026-05-10,4.0,,,
LT-104321,2026-05-06,Argentina,urban,Electronics,Nova Wireless Earbuds,1,40.08,40.08,credit_card,1,delivered,2026-05-08,2.0,2026-05-09,changed_mind,refunded
LT-102500,2026-05-06,Colombia,urban,Sports,Resistance Bands Set x5,1,13.74,13.74,digital_wallet,1,delivered,2026-05-09,3.0,,,
LT-104993,2026-05-06,Argentina,urban,Home,Flex LED Desk Lamp,1,18.89,18.89,cash_on_delivery,1,delivered,2026-05-10,4.0,,,
LT-101970,2026-05-06,Mexico,urban,Accessories,Foldable Phone Stand,1,10.08,10.08,credit_card,12,delivered,2026-05-10,4.0,,,
LT-100165,2026-05-06,Canada,urban,Electronics,65W Fast Charger,1,23.71,23.71,debit_card,1,delivered,2026-05-09,3.0,2026-06-06,not_as_described,refunded
LT-101297,2026-05-06,Peru,capital,Sports,Resistance Bands Set x5,1,14.58,14.58,debit_card,1,delivered,2026-05-09,3.0,2026-05-10,wrong_size_or_model,refunded
LT-103879,2026-05-06,Mexico,capital,Electronics,360 WiFi Security Camera,1,47.97,47.97,cash_on_delivery,1,delivered,2026-05-12,6.0,,,
LT-101250,2026-05-06,Mexico,urban,Sports,Resistance Bands Set x5,1,14.65,14.65,credit_card,1,delivered,2026-05-10,4.0,,,
LT-104290,2026-05-06,Argentina,urban,Electronics,Nova Wireless Earbuds,2,41.19,82.38,credit_card,3,delivered,2026-05-08,2.0,,,
LT-100945,2026-05-06,Mexico,extended_zone,Electronics,Nova Wireless Earbuds,1,39.11,39.11,debit_card,1,delivered,2026-05-18,12.0,,,
LT-102713,2026-05-06,Mexico,capital,Electronics,Nova Wireless Earbuds,2,38.19,76.38,credit_card,1,delivered,2026-05-12,6.0,2026-05-17,not_as_described,refunded
LT-102545,2026-05-07,Mexico,capital,Sports,Adjustable Dumbbells 2x10kg,1,56.51,56.51,credit_card,1,delivered,2026-05-10,3.0,,,
LT-100747,2026-05-07,United States,urban,Electronics,360 WiFi Security Camera,2,49.56,99.12,credit_card,1,delivered,2026-05-10,3.0,,,
LT-102972,2026-05-07,United States,extended_zone,Electronics,360 WiFi Security Camera,1,46.22,46.22,cash_on_delivery,1,delivered,2026-05-14,7.0,,,
LT-103899,2026-05-07,United States,urban,Electronics,Boom Mini Bluetooth Speaker,1,31.37,31.37,bank_transfer,1,delivered,2026-05-09,2.0,,,
LT-103159,2026-05-07,Chile,extended_zone,Sports,Resistance Bands Set x5,1,13.03,13.03,credit_card,3,delivered,2026-05-17,10.0,,,
LT-100251,2026-05-07,Argentina,capital,Fashion,UrbanPack 25L Anti-theft Backpack,1,40.39,40.39,credit_card,3,delivered,2026-05-13,6.0,,,
LT-104470,2026-05-07,Colombia,urban,Sports,Pro Non-slip Yoga Mat,1,19.89,19.89,debit_card,1,delivered,2026-05-10,3.0,,,
LT-103500,2026-05-07,Mexico,urban,Home,CleanBot Lite Robot Vacuum,1,131.94,131.94,digital_wallet,1,delivered,2026-05-10,3.0,2026-05-22,not_as_described,under_review
LT-104027,2026-05-07,Argentina,capital,Electronics,360 WiFi Security Camera,1,50.22,50.22,digital_wallet,1,delivered,2026-05-12,5.0,,,
LT-100072,2026-05-07,Colombia,capital,Accessories,Vista Polarized Sunglasses,1,25.07,25.07,debit_card,1,delivered,2026-05-10,3.0,,,
LT-103212,2026-05-07,Mexico,urban,Beauty,CeramicPro Hair Straightener,1,40.96,40.96,debit_card,1,delivered,2026-05-10,3.0,,,
LT-103534,2026-05-07,Chile,capital,Electronics,65W Fast Charger,1,24.13,24.13,debit_card,1,delivered,2026-05-10,3.0,,,
LT-101706,2026-05-07,Mexico,urban,Electronics,Pulse S2 Smartwatch,1,87.54,87.54,cash_on_delivery,1,delivered,2026-05-10,3.0,,,
LT-104009,2026-05-07,Colombia,capital,Electronics,Boom Mini Bluetooth Speaker,2,30.92,61.84,credit_card,12,delivered,2026-05-10,3.0,2026-05-12,defective_product,rejected
LT-101874,2026-05-07,Peru,urban,Home,Premium Queen Bedsheet Set,2,44.57,89.14,digital_wallet,1,delivered,2026-05-09,2.0,,,
LT-102487,2026-05-07,Peru,capital,Electronics,Pulse S2 Smartwatch,2,91.56,183.12,credit_card,12,delivered,2026-05-13,6.0,,,
LT-103313,2026-05-07,Mexico,capital,Fashion,Strida Urban Sneakers,1,50.62,50.62,credit_card,3,delivered,2026-05-11,4.0,,,
LT-100296,2026-05-08,Canada,urban,Accessories,Interchangeable Watch Strap,1,9.0,9.0,debit_card,1,delivered,2026-05-11,3.0,,,
LT-102184,2026-05-08,Chile,urban,Sports,Resistance Bands Set x5,2,13.44,26.88,digital_wallet,1,delivered,2026-05-12,4.0,,,
LT-102678,2026-05-08,Peru,urban,Home,Premium Queen Bedsheet Set,1,43.44,43.44,cash_on_delivery,1,delivered,2026-05-11,3.0,,,
LT-101075,2026-05-08,Mexico,urban,Accessories,Interchangeable Watch Strap,1,8.43,8.43,digital_wallet,1,delivered,2026-05-10,2.0,,,
LT-101424,2026-05-08,United States,urban,Electronics,Vertex Ergonomic Mouse,2,20.52,41.04,cash_on_delivery,1,delivered,2026-05-10,2.0,,,
LT-101134,2026-05-08,Peru,capital,Accessories,Interchangeable Watch Strap,2,8.27,16.54,debit_card,1,delivered,2026-05-13,5.0,,,
LT-101846,2026-05-08,Colombia,extended_zone,Home,Stackable Kitchen Organizer x3,1,15.66,15.66,debit_card,1,delivered,2026-05-16,8.0,,,
LT-103522,2026-05-08,Mexico,urban,Electronics,Boom Mini Bluetooth Speaker,1,31.39,31.39,debit_card,1,delivered,2026-05-12,4.0,,,
LT-103063,2026-05-08,Colombia,capital,Sports,Pro Non-slip Yoga Mat,1,20.68,20.68,credit_card,1,delivered,2026-05-12,4.0,,,
LT-103047,2026-05-08,Chile,urban,Fashion,TrailFit Waterproof Jacket,1,62.73,62.73,credit_card,6,delivered,2026-05-12,4.0,,,
LT-101663,2026-05-08,Mexico,urban,Electronics,Vertex Ergonomic Mouse,2,20.86,41.72,debit_card,1,delivered,2026-05-12,4.0,,,
LT-103399,2026-05-09,United States,urban,Beauty,Complete Skincare Routine Kit,1,35.2,35.2,debit_card,1,delivered,2026-05-13,4.0,,,
LT-104928,2026-05-09,United States,urban,Electronics,65W Fast Charger,1,25.77,25.77,credit_card,1,delivered,2026-05-11,2.0,,,
LT-102352,2026-05-09,Peru,urban,Electronics,65W Fast Charger,1,25.98,25.98,credit_card,6,delivered,2026-05-11,2.0,2026-05-18,defective_product,rejected
LT-102925,2026-05-09,United States,urban,Electronics,65W Fast Charger,1,26.56,26.56,credit_card,1,delivered,2026-05-12,3.0,,,
LT-101629,2026-05-09,Canada,urban,Electronics,Pulse S2 Smartwatch,2,87.27,174.54,digital_wallet,1,delivered,2026-05-11,2.0,,,
LT-103719,2026-05-09,Colombia,capital,Home,CleanBot Lite Robot Vacuum,1,137.02,137.02,debit_card,1,delivered,2026-05-14,5.0,,,
LT-100081,2026-05-09,Mexico,urban,Beauty,AirStyle Ionic Hair Dryer,2,45.64,91.28,debit_card,1,delivered,2026-05-11,2.0,2026-05-26,wrong_size_or_model,refunded
LT-102246,2026-05-09,Colombia,extended_zone,Fashion,Pima Cotton Basic Tee (2-pack),2,21.81,43.62,credit_card,1,delivered,2026-05-19,10.0,,,
LT-101070,2026-05-09,United States,extended_zone,Electronics,360 WiFi Security Camera,1,44.93,44.93,credit_card,3,delivered,2026-05-18,9.0,,,
LT-104484,2026-05-09,Mexico,urban,Beauty,AirStyle Ionic Hair Dryer,3,43.59,130.77,digital_wallet,1,delivered,2026-05-11,2.0,2026-05-16,not_as_described,refunded
LT-102319,2026-05-09,Colombia,urban,Electronics,360 WiFi Security Camera,1,49.97,49.97,digital_wallet,1,delivered,2026-05-13,4.0,,,
LT-102686,2026-05-09,Chile,urban,Fashion,UrbanPack 25L Anti-theft Backpack,1,35.67,35.67,digital_wallet,1,delivered,2026-05-13,4.0,,,
LT-102653,2026-05-09,United States,urban,Home,Stackable Kitchen Organizer x3,2,15.55,31.1,digital_wallet,1,delivered,2026-05-12,3.0,,,
LT-100623,2026-05-09,United States,extended_zone,Home,Premium Queen Bedsheet Set,1,43.14,43.14,credit_card,3,delivered,2026-05-20,11.0,,,
LT-102590,2026-05-09,Mexico,urban,Home,CompactChef 4L Air Fryer,1,69.76,69.76,debit_card,1,delivered,2026-05-13,4.0,,,
LT-104627,2026-05-09,Peru,extended_zone,Electronics,Pulse S2 Smartwatch,1,84.05,84.05,credit_card,1,delivered,2026-05-15,6.0,2026-05-24,not_as_described,under_review
LT-103130,2026-05-10,United States,urban,Home,CompactChef 4L Air Fryer,1,74.67,74.67,credit_card,6,delivered,2026-05-14,4.0,2026-05-21,wrong_size_or_model,under_review
LT-100774,2026-05-10,Colombia,urban,Electronics,65W Fast Charger,3,26.28,78.84,credit_card,6,delivered,2026-05-14,4.0,,,
LT-101884,2026-05-10,Peru,capital,Electronics,65W Fast Charger,1,23.35,23.35,debit_card,1,delivered,2026-05-16,6.0,,,
LT-102701,2026-05-10,United States,urban,Electronics,Vertex Ergonomic Mouse,1,22.21,22.21,debit_card,1,delivered,2026-05-14,4.0,,,
LT-100633,2026-05-10,Colombia,urban,Home,Flex LED Desk Lamp,1,17.56,17.56,digital_wallet,1,delivered,2026-05-12,2.0,,,
LT-104089,2026-05-10,Peru,extended_zone,Electronics,Boom Mini Bluetooth Speaker,2,29.06,58.12,debit_card,1,delivered,2026-05-20,10.0,2026-05-23,changed_mind,refunded
LT-103548,2026-05-10,United States,urban,Electronics,Pulse S2 Smartwatch,1,84.56,84.56,credit_card,1,delivered,2026-05-13,3.0,,,
LT-104213,2026-05-10,Canada,extended_zone,Electronics,360 WiFi Security Camera,1,50.76,50.76,digital_wallet,1,delivered,2026-05-22,12.0,,,
LT-101586,2026-05-10,Argentina,urban,Home,CompactChef 4L Air Fryer,1,72.09,72.09,credit_card,6,delivered,2026-05-13,3.0,,,
LT-100736,2026-05-10,Mexico,urban,Fashion,TrailFit Waterproof Jacket,1,69.35,69.35,debit_card,1,delivered,2026-05-14,4.0,,,
LT-104456,2026-05-10,Colombia,extended_zone,Electronics,Boom Mini Bluetooth Speaker,1,31.3,31.3,credit_card,6,delivered,2026-05-22,12.0,2026-05-30,wrong_size_or_model,refunded
LT-104633,2026-05-10,Colombia,urban,Fashion,Strida Urban Sneakers,1,46.54,46.54,debit_card,1,delivered,2026-05-14,4.0,,,
LT-100123,2026-05-10,Argentina,urban,Electronics,65W Fast Charger,1,24.41,24.41,digital_wallet,1,delivered,2026-05-12,2.0,,,
LT-102983,2026-05-10,United States,capital,Fashion,Pima Cotton Basic Tee (2-pack),1,21.61,21.61,credit_card,1,delivered,2026-05-13,3.0,2026-05-25,not_as_described,under_review
LT-104685,2026-05-10,Mexico,capital,Sports,Resistance Bands Set x5,2,14.38,28.76,digital_wallet,1,delivered,2026-05-16,6.0,,,
LT-102348,2026-05-10,United States,urban,Sports,Pro Non-slip Yoga Mat,2,18.82,37.64,cash_on_delivery,1,delivered,2026-05-13,3.0,,,
LT-104197,2026-05-10,United States,urban,Electronics,Nova Wireless Earbuds,1,39.32,39.32,credit_card,12,delivered,2026-05-13,3.0,,,
LT-100233,2026-05-11,Colombia,extended_zone,Beauty,CeramicPro Hair Straightener,1,41.64,41.64,debit_card,1,delivered,2026-05-19,8.0,,,
LT-101468,2026-05-11,Mexico,urban,Sports,SteelHydro 1L Thermal Bottle,1,15.86,15.86,debit_card,1,delivered,2026-05-13,2.0,,,
LT-102947,2026-05-11,Peru,urban,Electronics,Nova Wireless Earbuds,1,38.05,38.05,digital_wallet,1,delivered,2026-05-15,4.0,,,
LT-102281,2026-05-11,Chile,urban,Fashion,Pima Cotton Basic Tee (2-pack),1,21.09,21.09,debit_card,1,delivered,2026-05-15,4.0,,,
LT-100087,2026-05-11,Mexico,capital,Sports,Pro Non-slip Yoga Mat,2,19.65,39.3,digital_wallet,1,delivered,2026-05-17,6.0,,,
LT-100525,2026-05-11,Peru,extended_zone,Fashion,UrbanPack 25L Anti-theft Backpack,1,39.14,39.14,credit_card,1,delivered,2026-05-19,8.0,,,
LT-104226,2026-05-11,Mexico,urban,Fashion,TrailFit Waterproof Jacket,1,67.64,67.64,digital_wallet,1,delivered,2026-05-15,4.0,,,
LT-104319,2026-05-11,Chile,extended_zone,Home,Premium Queen Bedsheet Set,1,42.49,42.49,credit_card,1,delivered,2026-05-23,12.0,,,
LT-103569,2026-05-11,Argentina,urban,Fashion,TrailFit Waterproof Jacket,1,60.68,60.68,debit_card,1,delivered,2026-05-15,4.0,,,
LT-100603,2026-05-11,Mexico,capital,Beauty,Complete Skincare Routine Kit,2,35.91,71.82,credit_card,12,delivered,2026-05-16,5.0,,,
LT-101005,2026-05-11,Chile,capital,Beauty,CeramicPro Hair Straightener,2,41.43,82.86,bank_transfer,1,delivered,2026-05-17,6.0,,,
LT-104080,2026-05-11,United States,capital,Electronics,Pulse S2 Smartwatch,1,92.35,92.35,debit_card,1,delivered,2026-05-16,5.0,,,
LT-103392,2026-05-11,United States,capital,Home,Premium Queen Bedsheet Set,1,44.05,44.05,debit_card,1,delivered,2026-05-16,5.0,,,
LT-104595,2026-05-11,Canada,urban,Beauty,CeramicPro Hair Straightener,3,39.14,117.42,credit_card,3,delivered,2026-05-14,3.0,,,
LT-104703,2026-05-11,Mexico,urban,Beauty,Complete Skincare Routine Kit,2,36.55,73.1,debit_card,1,delivered,2026-05-15,4.0,,,
LT-103220,2026-05-11,Canada,urban,Electronics,360 WiFi Security Camera,1,47.07,47.07,digital_wallet,1,delivered,2026-05-15,4.0,,,
LT-104450,2026-05-12,United States,capital,Electronics,65W Fast Charger,2,24.87,49.74,credit_card,12,delivered,2026-05-17,5.0,,,
LT-100016,2026-05-12,Mexico,urban,Home,Flex LED Desk Lamp,1,18.26,18.26,digital_wallet,1,delivered,2026-05-14,2.0,,,
LT-104422,2026-05-12,Mexico,extended_zone,Sports,SteelHydro 1L Thermal Bottle,2,16.17,32.34,credit_card,6,delivered,2026-05-18,6.0,,,
LT-102443,2026-05-12,Peru,urban,Electronics,Pulse S2 Smartwatch,1,94.06,94.06,bank_transfer,1,delivered,2026-05-16,4.0,,,
LT-100377,2026-05-12,Mexico,capital,Electronics,Boom Mini Bluetooth Speaker,2,27.52,55.04,credit_card,1,delivered,2026-05-16,4.0,2026-05-31,wrong_size_or_model,refunded
LT-104912,2026-05-12,Argentina,capital,Sports,SteelHydro 1L Thermal Bottle,1,17.62,17.62,credit_card,6,delivered,2026-05-15,3.0,,,
LT-103686,2026-05-12,Peru,capital,Electronics,Boom Mini Bluetooth Speaker,1,31.49,31.49,digital_wallet,1,delivered,2026-05-15,3.0,,,
LT-100884,2026-05-12,Mexico,capital,Fashion,Strida Urban Sneakers,1,47.62,47.62,cash_on_delivery,1,delivered,2026-05-16,4.0,,,
LT-103046,2026-05-12,Colombia,urban,Sports,Pro Non-slip Yoga Mat,1,18.77,18.77,credit_card,1,delivered,2026-05-16,4.0,,,
LT-104598,2026-05-12,Peru,capital,Electronics,Vertex Ergonomic Mouse,1,20.68,20.68,credit_card,3,delivered,2026-05-16,4.0,,,
LT-101494,2026-05-12,Peru,capital,Beauty,Complete Skincare Routine Kit,1,35.71,35.71,digital_wallet,1,delivered,2026-05-16,4.0,,,
LT-102615,2026-05-12,Canada,capital,Electronics,Boom Mini Bluetooth Speaker,1,31.21,31.21,bank_transfer,1,delivered,2026-05-17,5.0,,,
LT-103647,2026-05-12,United States,urban,Home,Premium Queen Bedsheet Set,1,43.24,43.24,cash_on_delivery,1,delivered,2026-05-15,3.0,,,
LT-101841,2026-05-12,Mexico,capital,Fashion,Pima Cotton Basic Tee (2-pack),2,22.07,44.14,digital_wallet,1,delivered,2026-05-15,3.0,,,
LT-100212,2026-05-12,United States,capital,Home,Premium Queen Bedsheet Set,2,40.83,81.66,credit_card,1,delivered,2026-05-16,4.0,2026-05-19,wrong_size_or_model,rejected
LT-100473,2026-05-12,Argentina,urban,Beauty,AirStyle Ionic Hair Dryer,1,44.83,44.83,digital_wallet,1,delivered,2026-05-14,2.0,,,
LT-100511,2026-05-12,Chile,urban,Sports,SteelHydro 1L Thermal Bottle,3,16.02,48.06,debit_card,1,cancelled,,,,,
LT-104256,2026-05-12,Argentina,capital,Fashion,Strida Urban Sneakers,1,48.2,48.2,bank_transfer,1,delivered,2026-05-15,3.0,,,
LT-101307,2026-05-12,Colombia,capital,Electronics,Pulse S2 Smartwatch,2,85.54,171.08,digital_wallet,1,delivered,2026-05-17,5.0,,,
LT-102766,2026-05-13,Canada,capital,Electronics,Nova Wireless Earbuds,2,39.96,79.92,credit_card,1,delivered,2026-05-18,5.0,,,
LT-102724,2026-05-13,Mexico,extended_zone,Beauty,Complete Skincare Routine Kit,2,34.44,68.88,credit_card,6,delivered,2026-05-22,9.0,,,
LT-102335,2026-05-13,United States,capital,Beauty,Complete Skincare Routine Kit,1,34.85,34.85,cash_on_delivery,1,delivered,2026-05-17,4.0,,,
LT-104094,2026-05-13,Colombia,extended_zone,Home,CleanBot Lite Robot Vacuum,1,135.1,135.1,credit_card,1,delivered,2026-05-24,11.0,,,
LT-102308,2026-05-13,Peru,urban,Electronics,Boom Mini Bluetooth Speaker,1,28.02,28.02,cash_on_delivery,1,delivered,2026-05-15,2.0,,,
LT-101545,2026-05-13,Mexico,capital,Fashion,TrailFit Waterproof Jacket,1,64.56,64.56,cash_on_delivery,1,delivered,2026-05-19,6.0,,,
LT-100838,2026-05-13,Chile,extended_zone,Electronics,Boom Mini Bluetooth Speaker,1,30.67,30.67,cash_on_delivery,1,delivered,2026-05-23,10.0,,,
LT-102805,2026-05-13,Chile,urban,Electronics,Nova Wireless Earbuds,1,40.55,40.55,credit_card,1,delivered,2026-05-17,4.0,,,
LT-102632,2026-05-13,Colombia,extended_zone,Electronics,Boom Mini Bluetooth Speaker,1,28.76,28.76,credit_card,1,delivered,2026-05-20,7.0,2026-05-27,changed_mind,refunded
LT-100492,2026-05-13,Argentina,capital,Electronics,65W Fast Charger,2,25.39,50.78,bank_transfer,1,cancelled,,,,,
LT-104040,2026-05-13,Mexico,urban,Home,CompactChef 4L Air Fryer,2,76.82,153.64,digital_wallet,1,delivered,2026-05-15,2.0,,,
LT-100373,2026-05-13,United States,urban,Fashion,Strida Urban Sneakers,1,49.23,49.23,debit_card,1,delivered,2026-05-15,2.0,2026-05-19,defective_product,refunded
LT-102604,2026-05-14,Colombia,urban,Home,CleanBot Lite Robot Vacuum,2,121.26,242.52,bank_transfer,1,cancelled,,,,,
LT-102470,2026-05-14,Canada,urban,Electronics,360 WiFi Security Camera,1,50.37,50.37,digital_wallet,1,delivered,2026-05-18,4.0,,,
LT-102466,2026-05-14,Canada,urban,Electronics,Vertex Ergonomic Mouse,1,19.84,19.84,bank_transfer,1,delivered,2026-05-18,4.0,,,
LT-102045,2026-05-14,United States,urban,Fashion,UrbanPack 25L Anti-theft Backpack,1,40.65,40.65,debit_card,1,delivered,2026-05-17,3.0,,,
LT-103694,2026-05-14,United States,urban,Electronics,Pulse S2 Smartwatch,1,88.72,88.72,credit_card,1,cancelled,,,,,
LT-102617,2026-05-14,Argentina,urban,Beauty,Complete Skincare Routine Kit,1,35.91,35.91,digital_wallet,1,delivered,2026-05-16,2.0,,,
LT-104951,2026-05-14,United States,urban,Home,CompactChef 4L Air Fryer,1,79.7,79.7,debit_card,1,delivered,2026-05-17,3.0,,,
LT-103214,2026-05-14,Chile,urban,Electronics,Nova Wireless Earbuds,1,42.65,42.65,credit_card,6,delivered,2026-05-18,4.0,2026-05-23,wrong_size_or_model,refunded
LT-101114,2026-05-14,Chile,extended_zone,Electronics,Nova Wireless Earbuds,1,37.22,37.22,digital_wallet,1,delivered,2026-05-24,10.0,,,
LT-103297,2026-05-14,Chile,urban,Fashion,Strida Urban Sneakers,1,51.5,51.5,credit_card,1,delivered,2026-05-18,4.0,,,
LT-102638,2026-05-14,Mexico,capital,Beauty,Complete Skincare Routine Kit,1,34.75,34.75,credit_card,1,delivered,2026-05-17,3.0,,,
LT-100989,2026-05-14,Chile,urban,Electronics,Boom Mini Bluetooth Speaker,1,30.16,30.16,cash_on_delivery,1,delivered,2026-05-18,4.0,2026-05-23,changed_mind,refunded
LT-104064,2026-05-14,Mexico,extended_zone,Beauty,Complete Skincare Routine Kit,1,36.5,36.5,credit_card,3,delivered,2026-05-21,7.0,,,
LT-102042,2026-05-14,United States,capital,Electronics,Boom Mini Bluetooth Speaker,3,30.07,90.21,cash_on_delivery,1,delivered,2026-05-20,6.0,,,
LT-101460,2026-05-14,Mexico,capital,Electronics,Nova Wireless Earbuds,2,38.77,77.54,debit_card,1,delivered,2026-05-20,6.0,,,
LT-101860,2026-05-14,United States,urban,Electronics,65W Fast Charger,1,23.56,23.56,credit_card,1,delivered,2026-05-16,2.0,,,
LT-102136,2026-05-14,Chile,capital,Electronics,Pulse S2 Smartwatch,1,94.95,94.95,credit_card,12,cancelled,,,,,
LT-100899,2026-05-14,Argentina,urban,Electronics,65W Fast Charger,1,24.07,24.07,cash_on_delivery,1,delivered,2026-05-16,2.0,,,
LT-101926,2026-05-15,United States,capital,Home,Flex LED Desk Lamp,1,18.45,18.45,debit_card,1,delivered,2026-05-20,5.0,,,
LT-104665,2026-05-15,Mexico,urban,Electronics,360 WiFi Security Camera,1,45.26,45.26,credit_card,3,delivered,2026-05-17,2.0,,,
LT-102025,2026-05-15,Peru,urban,Electronics,Pulse S2 Smartwatch,2,91.39,182.78,credit_card,3,delivered,2026-05-17,2.0,,,
LT-101166,2026-05-15,Canada,capital,Fashion,Pima Cotton Basic Tee (2-pack),1,22.46,22.46,debit_card,1,delivered,2026-05-18,3.0,,,
LT-101930,2026-05-15,Colombia,extended_zone,Home,Stackable Kitchen Organizer x3,1,16.75,16.75,digital_wallet,1,delivered,2026-05-27,12.0,,,
LT-104720,2026-05-15,Chile,urban,Home,Premium Queen Bedsheet Set,1,42.27,42.27,cash_on_delivery,1,delivered,2026-05-17,2.0,,,
LT-101020,2026-05-15,Peru,capital,Fashion,Andino Slim Fit Jeans,1,30.69,30.69,credit_card,3,delivered,2026-05-21,6.0,,,
LT-103353,2026-05-15,Argentina,urban,Sports,SteelHydro 1L Thermal Bottle,1,15.92,15.92,credit_card,1,delivered,2026-05-17,2.0,,,
LT-102402,2026-05-15,Peru,extended_zone,Electronics,Pulse S2 Smartwatch,1,83.76,83.76,cash_on_delivery,1,delivered,2026-05-22,7.0,,,
LT-103672,2026-05-15,Chile,extended_zone,Fashion,Andino Slim Fit Jeans,1,32.56,32.56,credit_card,1,delivered,2026-05-21,6.0,,,
LT-100721,2026-05-15,Mexico,extended_zone,Electronics,Nova Wireless Earbuds,1,40.45,40.45,credit_card,3,delivered,2026-05-23,8.0,2026-06-12,changed_mind,under_review
LT-104326,2026-05-15,Mexico,urban,Electronics,65W Fast Charger,2,23.73,47.46,credit_card,1,delivered,2026-05-17,2.0,,,
LT-102610,2026-05-15,United States,capital,Electronics,Vertex Ergonomic Mouse,1,20.41,20.41,debit_card,1,delivered,2026-05-19,4.0,2026-05-20,changed_mind,rejected
LT-103753,2026-05-15,Chile,urban,Home,Stackable Kitchen Organizer x3,2,14.99,29.98,debit_card,1,delivered,2026-05-17,2.0,,,
LT-101220,2026-05-16,Argentina,urban,Fashion,Pima Cotton Basic Tee (2-pack),1,21.89,21.89,credit_card,12,delivered,2026-05-20,4.0,2026-05-30,changed_mind,under_review
LT-100483,2026-05-16,Peru,urban,Fashion,UrbanPack 25L Anti-theft Backpack,1,40.24,40.24,bank_transfer,1,delivered,2026-05-20,4.0,,,
LT-102196,2026-05-16,United States,urban,Home,Stackable Kitchen Organizer x3,1,15.07,15.07,credit_card,6,delivered,2026-05-20,4.0,,,
LT-100276,2026-05-16,United States,urban,Electronics,65W Fast Charger,1,24.66,24.66,credit_card,6,delivered,2026-05-20,4.0,,,
LT-104945,2026-05-16,Chile,urban,Electronics,Nova Wireless Earbuds,1,42.47,42.47,credit_card,6,delivered,2026-05-18,2.0,,,
LT-100266,2026-05-16,Colombia,urban,Fashion,Strida Urban Sneakers,1,46.53,46.53,digital_wallet,1,delivered,2026-05-20,4.0,,,
LT-101708,2026-05-16,Mexico,capital,Electronics,Vertex Ergonomic Mouse,2,21.05,42.1,digital_wallet,1,delivered,2026-05-20,4.0,,,
LT-104218,2026-05-16,United States,urban,Electronics,Vertex Ergonomic Mouse,1,22.18,22.18,debit_card,1,delivered,2026-05-18,2.0,,,
LT-103791,2026-05-16,Mexico,urban,Electronics,65W Fast Charger,1,26.03,26.03,cash_on_delivery,1,delivered,2026-05-18,2.0,,,
LT-101572,2026-05-16,Chile,urban,Electronics,Vertex Ergonomic Mouse,1,21.11,21.11,credit_card,3,delivered,2026-05-18,2.0,,,
LT-101952,2026-05-16,Colombia,extended_zone,Accessories,14'' Hard Laptop Case,2,18.17,36.34,digital_wallet,1,delivered,2026-05-23,7.0,,,
LT-100787,2026-05-16,Mexico,capital,Home,Flex LED Desk Lamp,1,17.32,17.32,digital_wallet,1,delivered,2026-05-22,6.0,,,
LT-104856,2026-05-16,Canada,extended_zone,Home,Stackable Kitchen Organizer x3,1,16.04,16.04,cash_on_delivery,1,delivered,2026-05-24,8.0,,,
LT-101121,2026-05-16,Colombia,urban,Fashion,Strida Urban Sneakers,1,53.11,53.11,credit_card,1,cancelled,,,,,
LT-102258,2026-05-16,Chile,urban,Electronics,65W Fast Charger,2,26.15,52.3,debit_card,1,delivered,2026-05-18,2.0,,,
LT-104285,2026-05-16,Argentina,urban,Accessories,Vista Polarized Sunglasses,1,25.76,25.76,digital_wallet,1,delivered,2026-05-20,4.0,,,
LT-103493,2026-05-17,Peru,urban,Beauty,CeramicPro Hair Straightener,1,41.0,41.0,cash_on_delivery,1,delivered,2026-05-21,4.0,,,
LT-104350,2026-05-17,Chile,urban,Electronics,Nova Wireless Earbuds,1,37.53,37.53,digital_wallet,1,delivered,2026-05-20,3.0,2026-05-25,defective_product,refunded
LT-104128,2026-05-17,Mexico,extended_zone,Electronics,Vertex Ergonomic Mouse,1,20.76,20.76,credit_card,12,delivered,2026-05-26,9.0,,,
LT-100550,2026-05-17,Argentina,capital,Accessories,Foldable Phone Stand,1,9.24,9.24,credit_card,3,delivered,2026-05-22,5.0,,,
LT-101730,2026-05-17,Canada,urban,Electronics,360 WiFi Security Camera,1,50.57,50.57,cash_on_delivery,1,delivered,2026-05-21,4.0,,,
LT-101512,2026-05-17,Canada,urban,Electronics,Pulse S2 Smartwatch,1,94.08,94.08,debit_card,1,delivered,2026-05-21,4.0,,,
LT-101972,2026-05-17,Chile,capital,Fashion,TrailFit Waterproof Jacket,1,66.1,66.1,bank_transfer,1,delivered,2026-05-22,5.0,,,
LT-103995,2026-05-17,United States,capital,Electronics,Nova Wireless Earbuds,1,41.45,41.45,cash_on_delivery,1,delivered,2026-05-23,6.0,,,
LT-104895,2026-05-17,Peru,extended_zone,Electronics,Nova Wireless Earbuds,1,39.66,39.66,debit_card,1,delivered,2026-05-29,12.0,,,
LT-102549,2026-05-17,Argentina,urban,Electronics,Boom Mini Bluetooth Speaker,1,31.13,31.13,digital_wallet,1,delivered,2026-05-19,2.0,,,
LT-104357,2026-05-17,Chile,extended_zone,Electronics,360 WiFi Security Camera,1,47.96,47.96,credit_card,12,delivered,2026-05-24,7.0,,,
LT-100648,2026-05-17,Peru,urban,Fashion,Strida Urban Sneakers,1,48.16,48.16,credit_card,1,delivered,2026-05-19,2.0,,,
LT-101741,2026-05-17,Argentina,capital,Sports,Resistance Bands Set x5,1,14.41,14.41,credit_card,1,delivered,2026-05-20,3.0,,,
LT-103893,2026-05-18,Argentina,extended_zone,Electronics,Pulse S2 Smartwatch,1,83.8,83.8,debit_card,1,delivered,2026-05-30,12.0,2026-06-03,not_as_described,rejected
LT-100753,2026-05-18,Mexico,urban,Home,Stackable Kitchen Organizer x3,1,15.4,15.4,credit_card,1,delivered,2026-05-22,4.0,,,
LT-100847,2026-05-18,Colombia,capital,Home,Stackable Kitchen Organizer x3,2,15.4,30.8,debit_card,1,delivered,2026-05-24,6.0,,,
LT-103859,2026-05-18,Chile,extended_zone,Fashion,UrbanPack 25L Anti-theft Backpack,1,39.62,39.62,digital_wallet,1,delivered,2026-05-24,6.0,,,
LT-104640,2026-05-18,Chile,capital,Electronics,Kova K61 Mechanical Keyboard,1,51.65,51.65,cash_on_delivery,1,delivered,2026-05-21,3.0,,,
LT-101551,2026-05-18,Chile,capital,Electronics,Vertex Ergonomic Mouse,1,22.16,22.16,credit_card,6,delivered,2026-05-23,5.0,,,
LT-103687,2026-05-18,Argentina,urban,Electronics,Pulse S2 Smartwatch,1,94.32,94.32,digital_wallet,1,delivered,2026-05-22,4.0,,,
LT-101766,2026-05-18,Canada,capital,Electronics,Boom Mini Bluetooth Speaker,1,29.06,29.06,credit_card,6,delivered,2026-05-24,6.0,,,
LT-104651,2026-05-18,Canada,urban,Electronics,360 WiFi Security Camera,1,48.63,48.63,debit_card,1,delivered,2026-05-21,3.0,,,
LT-101760,2026-05-18,Colombia,extended_zone,Electronics,360 WiFi Security Camera,1,45.45,45.45,credit_card,6,delivered,2026-05-23,5.0,,,
LT-102726,2026-05-18,Mexico,urban,Fashion,TrailFit Waterproof Jacket,1,60.47,60.47,credit_card,1,delivered,2026-05-22,4.0,,,
LT-102664,2026-05-18,Argentina,urban,Electronics,Vertex Ergonomic Mouse,1,20.31,20.31,digital_wallet,1,delivered,2026-05-21,3.0,,,
LT-103116,2026-05-18,Mexico,urban,Fashion,Strida Urban Sneakers,2,52.41,104.82,digital_wallet,1,delivered,2026-05-20,2.0,,,
LT-101291,2026-05-18,Canada,capital,Beauty,AirStyle Ionic Hair Dryer,2,44.72,89.44,digital_wallet,1,delivered,2026-05-23,5.0,2026-06-01,defective_product,refunded
LT-100423,2026-05-18,Colombia,extended_zone,Fashion,Strida Urban Sneakers,1,49.7,49.7,digital_wallet,1,delivered,2026-05-23,5.0,,,
LT-101916,2026-05-18,Mexico,capital,Fashion,UrbanPack 25L Anti-theft Backpack,1,36.29,36.29,credit_card,1,delivered,2026-05-22,4.0,,,
LT-104245,2026-05-18,United States,urban,Fashion,Strida Urban Sneakers,1,51.56,51.56,credit_card,1,delivered,2026-05-22,4.0,,,
LT-103512,2026-05-18,United States,urban,Accessories,14'' Hard Laptop Case,3,17.79,53.37,debit_card,1,delivered,2026-05-21,3.0,,,
LT-103342,2026-05-18,Colombia,extended_zone,Home,CompactChef 4L Air Fryer,1,77.51,77.51,credit_card,3,delivered,2026-05-28,10.0,,,
LT-103595,2026-05-18,Colombia,urban,Electronics,Pulse S2 Smartwatch,1,91.35,91.35,debit_card,1,delivered,2026-05-21,3.0,,,
LT-102963,2026-05-18,Chile,capital,Home,CompactChef 4L Air Fryer,1,79.05,79.05,debit_card,1,delivered,2026-05-22,4.0,,,
LT-103881,2026-05-19,Colombia,capital,Electronics,Boom Mini Bluetooth Speaker,1,31.43,31.43,debit_card,1,delivered,2026-05-24,5.0,,,
LT-104963,2026-05-19,Mexico,urban,Electronics,Kova K61 Mechanical Keyboard,1,50.71,50.71,credit_card,6,delivered,2026-05-23,4.0,,,
LT-104414,2026-05-19,Mexico,urban,Electronics,65W Fast Charger,1,25.19,25.19,debit_card,1,delivered,2026-05-22,3.0,,,
LT-102583,2026-05-19,Canada,urban,Electronics,Vertex Ergonomic Mouse,1,21.06,21.06,credit_card,6,delivered,2026-05-22,3.0,,,
LT-103917,2026-05-19,United States,urban,Electronics,Nova Wireless Earbuds,1,37.41,37.41,bank_transfer,1,delivered,2026-05-21,2.0,,,
LT-102323,2026-05-19,Colombia,capital,Fashion,TrailFit Waterproof Jacket,1,63.35,63.35,bank_transfer,1,delivered,2026-05-22,3.0,2026-05-26,wrong_size_or_model,refunded
LT-101164,2026-05-19,Mexico,capital,Electronics,Nova Wireless Earbuds,1,38.18,38.18,digital_wallet,1,delivered,2026-05-24,5.0,,,
LT-102592,2026-05-19,Canada,urban,Electronics,Pulse S2 Smartwatch,1,91.76,91.76,bank_transfer,1,delivered,2026-05-22,3.0,,,
LT-103309,2026-05-19,Mexico,capital,Fashion,UrbanPack 25L Anti-theft Backpack,2,39.22,78.44,debit_card,1,delivered,2026-05-25,6.0,,,
LT-103633,2026-05-19,United States,capital,Fashion,UrbanPack 25L Anti-theft Backpack,1,39.76,39.76,debit_card,1,delivered,2026-05-25,6.0,,,
LT-104801,2026-05-19,Colombia,capital,Home,Flex LED Desk Lamp,1,19.3,19.3,debit_card,1,cancelled,,,,,
LT-104870,2026-05-19,Argentina,capital,Electronics,Pulse S2 Smartwatch,2,84.35,168.7,debit_card,1,delivered,2026-05-25,6.0,,,
LT-103108,2026-05-19,United States,capital,Accessories,14'' Hard Laptop Case,1,18.63,18.63,credit_card,12,delivered,2026-05-23,4.0,,,
LT-104356,2026-05-19,Canada,urban,Electronics,Vertex Ergonomic Mouse,1,20.75,20.75,credit_card,1,delivered,2026-05-21,2.0,,,
LT-104001,2026-05-19,Canada,urban,Home,Stackable Kitchen Organizer x3,1,16.26,16.26,debit_card,1,delivered,2026-05-23,4.0,,,
LT-102733,2026-05-19,United States,urban,Accessories,14'' Hard Laptop Case,2,18.23,36.46,credit_card,1,delivered,2026-05-21,2.0,,,
LT-100013,2026-05-20,Colombia,capital,Electronics,360 WiFi Security Camera,1,45.17,45.17,credit_card,6,delivered,2026-05-23,3.0,,,
LT-101552,2026-05-20,Peru,capital,Home,CompactChef 4L Air Fryer,1,72.95,72.95,debit_card,1,delivered,2026-05-23,3.0,,,
LT-101123,2026-05-20,Peru,capital,Beauty,CeramicPro Hair Straightener,1,39.53,39.53,digital_wallet,1,delivered,2026-05-26,6.0,,,
LT-102582,2026-05-20,United States,capital,Electronics,360 WiFi Security Camera,1,46.4,46.4,bank_transfer,1,delivered,2026-05-26,6.0,,,
LT-101535,2026-05-20,Mexico,urban,Fashion,Pima Cotton Basic Tee (2-pack),1,22.41,22.41,cash_on_delivery,1,delivered,2026-05-24,4.0,,,
LT-101685,2026-05-20,United States,urban,Electronics,Pulse S2 Smartwatch,1,93.72,93.72,debit_card,1,delivered,2026-05-24,4.0,,,
LT-104628,2026-05-20,Mexico,capital,Sports,SteelHydro 1L Thermal Bottle,1,16.19,16.19,credit_card,1,delivered,2026-05-26,6.0,,,
LT-100628,2026-05-20,Colombia,urban,Sports,Resistance Bands Set x5,1,14.09,14.09,digital_wallet,1,delivered,2026-05-24,4.0,,,
LT-101881,2026-05-20,Peru,extended_zone,Fashion,Strida Urban Sneakers,1,48.52,48.52,bank_transfer,1,delivered,2026-05-28,8.0,,,
LT-102438,2026-05-20,United States,urban,Electronics,360 WiFi Security Camera,1,44.38,44.38,digital_wallet,1,delivered,2026-05-23,3.0,,,
LT-101757,2026-05-20,Chile,urban,Electronics,Pulse S2 Smartwatch,1,87.5,87.5,bank_transfer,1,delivered,2026-05-22,2.0,,,
LT-100920,2026-05-20,United States,capital,Electronics,Pulse S2 Smartwatch,2,91.88,183.76,debit_card,1,delivered,2026-05-23,3.0,,,
LT-102207,2026-05-20,Colombia,capital,Home,Stackable Kitchen Organizer x3,1,15.32,15.32,debit_card,1,delivered,2026-05-24,4.0,,,
LT-104543,2026-05-20,Argentina,extended_zone,Electronics,Boom Mini Bluetooth Speaker,1,30.53,30.53,credit_card,1,delivered,2026-05-26,6.0,,,
LT-103376,2026-05-20,United States,urban,Electronics,65W Fast Charger,2,24.49,48.98,credit_card,3,delivered,2026-05-22,2.0,,,
LT-103373,2026-05-20,Chile,urban,Electronics,Vertex Ergonomic Mouse,1,21.65,21.65,debit_card,1,delivered,2026-05-24,4.0,,,
LT-104706,2026-05-20,United States,urban,Beauty,Complete Skincare Routine Kit,1,36.04,36.04,debit_card,1,delivered,2026-05-24,4.0,2026-05-30,not_as_described,refunded
LT-101363,2026-05-20,United States,urban,Fashion,UrbanPack 25L Anti-theft Backpack,2,40.63,81.26,digital_wallet,1,delivered,2026-05-23,3.0,,,
LT-101826,2026-05-20,Colombia,extended_zone,Fashion,TrailFit Waterproof Jacket,2,65.67,131.34,cash_on_delivery,1,delivered,2026-06-01,12.0,,,
LT-104807,2026-05-21,Argentina,urban,Home,CleanBot Lite Robot Vacuum,2,132.39,264.78,debit_card,1,delivered,2026-05-23,2.0,,,
LT-100305,2026-05-21,Chile,capital,Fashion,TrailFit Waterproof Jacket,1,68.74,68.74,credit_card,6,delivered,2026-05-27,6.0,,,
LT-100250,2026-05-21,Colombia,urban,Electronics,65W Fast Charger,1,24.98,24.98,credit_card,3,delivered,2026-05-24,3.0,,,
LT-104582,2026-05-21,Mexico,extended_zone,Home,CompactChef 4L Air Fryer,1,76.08,76.08,debit_card,1,delivered,2026-06-01,11.0,,,
LT-104622,2026-05-21,Chile,urban,Electronics,Nova Wireless Earbuds,2,39.69,79.38,bank_transfer,1,delivered,2026-05-24,3.0,,,
LT-102499,2026-05-21,Peru,capital,Electronics,Boom Mini Bluetooth Speaker,1,29.78,29.78,credit_card,6,delivered,2026-05-27,6.0,,,
LT-103682,2026-05-21,Canada,capital,Fashion,Strida Urban Sneakers,1,48.6,48.6,digital_wallet,1,delivered,2026-05-26,5.0,,,
LT-103062,2026-05-21,Canada,extended_zone,Electronics,Nova Wireless Earbuds,1,38.13,38.13,debit_card,1,delivered,2026-05-30,9.0,,,
LT-102496,2026-05-21,Mexico,capital,Electronics,65W Fast Charger,2,23.38,46.76,bank_transfer,1,delivered,2026-05-24,3.0,,,
LT-103598,2026-05-21,Colombia,capital,Electronics,Vertex Ergonomic Mouse,2,20.99,41.98,digital_wallet,1,delivered,2026-05-25,4.0,,,
LT-100800,2026-05-21,Canada,urban,Sports,Adjustable Dumbbells 2x10kg,1,59.3,59.3,credit_card,3,delivered,2026-05-24,3.0,,,
LT-103585,2026-05-21,Peru,capital,Electronics,360 WiFi Security Camera,2,46.54,93.08,digital_wallet,1,delivered,2026-05-24,3.0,,,
LT-101053,2026-05-21,United States,urban,Electronics,Vertex Ergonomic Mouse,1,20.38,20.38,digital_wallet,1,delivered,2026-05-24,3.0,,,
LT-101390,2026-05-21,Argentina,urban,Sports,Resistance Bands Set x5,1,14.53,14.53,credit_card,1,delivered,2026-05-23,2.0,,,
LT-102498,2026-05-21,Chile,extended_zone,Beauty,Complete Skincare Routine Kit,1,37.59,37.59,credit_card,1,delivered,2026-05-27,6.0,,,
LT-100927,2026-05-21,Colombia,urban,Electronics,Pulse S2 Smartwatch,1,84.46,84.46,cash_on_delivery,1,delivered,2026-05-23,2.0,,,
LT-101636,2026-05-22,Mexico,capital,Home,CleanBot Lite Robot Vacuum,1,137.83,137.83,digital_wallet,1,delivered,2026-05-28,6.0,,,
LT-100626,2026-05-22,United States,capital,Fashion,Strida Urban Sneakers,2,51.69,103.38,debit_card,1,delivered,2026-05-26,4.0,,,
LT-104083,2026-05-22,Chile,capital,Home,Premium Queen Bedsheet Set,1,41.26,41.26,credit_card,1,delivered,2026-05-28,6.0,,,
LT-104169,2026-05-22,Chile,capital,Home,Premium Queen Bedsheet Set,1,42.87,42.87,credit_card,1,delivered,2026-05-25,3.0,,,
LT-103471,2026-05-22,Chile,urban,Beauty,Complete Skincare Routine Kit,1,36.75,36.75,credit_card,3,cancelled,,,,,
LT-100617,2026-05-22,Chile,urban,Home,Stackable Kitchen Organizer x3,1,15.4,15.4,credit_card,1,delivered,2026-05-25,3.0,,,
LT-101786,2026-05-22,Canada,capital,Electronics,Boom Mini Bluetooth Speaker,3,31.16,93.48,debit_card,1,delivered,2026-05-28,6.0,,,
LT-102563,2026-05-22,Peru,urban,Electronics,Pulse S2 Smartwatch,1,89.23,89.23,digital_wallet,1,delivered,2026-05-24,2.0,,,
LT-100745,2026-05-22,Chile,capital,Fashion,UrbanPack 25L Anti-theft Backpack,1,38.8,38.8,debit_card,1,delivered,2026-05-25,3.0,,,
LT-102783,2026-05-22,Chile,capital,Home,CleanBot Lite Robot Vacuum,2,136.06,272.12,credit_card,1,delivered,2026-05-25,3.0,,,
LT-100893,2026-05-22,Colombia,urban,Sports,SteelHydro 1L Thermal Bottle,2,17.37,34.74,credit_card,1,delivered,2026-05-26,4.0,2026-05-28,wrong_size_or_model,under_review
LT-103853,2026-05-23,Argentina,urban,Electronics,65W Fast Charger,1,24.23,24.23,digital_wallet,1,delivered,2026-05-25,2.0,,,
LT-103714,2026-05-23,Mexico,capital,Home,Premium Queen Bedsheet Set,2,39.09,78.18,credit_card,1,delivered,2026-05-27,4.0,,,
LT-102553,2026-05-23,Mexico,urban,Electronics,65W Fast Charger,1,23.72,23.72,digital_wallet,1,delivered,2026-05-25,2.0,,,
LT-101384,2026-05-23,Colombia,capital,Fashion,Strida Urban Sneakers,2,47.47,94.94,cash_on_delivery,1,delivered,2026-05-29,6.0,,,
LT-103884,2026-05-23,Colombia,extended_zone,Sports,Pro Non-slip Yoga Mat,1,19.56,19.56,digital_wallet,1,delivered,2026-05-30,7.0,,,
LT-104857,2026-05-23,Colombia,urban,Electronics,360 WiFi Security Camera,1,47.59,47.59,credit_card,3,delivered,2026-05-26,3.0,,,
LT-103174,2026-05-23,Mexico,capital,Electronics,Boom Mini Bluetooth Speaker,1,30.59,30.59,debit_card,1,delivered,2026-05-26,3.0,,,
LT-101197,2026-05-23,Peru,urban,Beauty,Complete Skincare Routine Kit,3,36.3,108.9,digital_wallet,1,delivered,2026-05-27,4.0,,,
LT-100548,2026-05-24,Peru,extended_zone,Electronics,Nova Wireless Earbuds,1,40.9,40.9,debit_card,1,delivered,2026-06-04,11.0,,,
LT-104495,2026-05-24,Chile,extended_zone,Electronics,Nova Wireless Earbuds,2,41.71,83.42,cash_on_delivery,1,delivered,2026-06-02,9.0,,,
LT-101310,2026-05-24,Mexico,capital,Electronics,Boom Mini Bluetooth Speaker,1,28.86,28.86,credit_card,3,delivered,2026-05-30,6.0,,,
LT-100341,2026-05-24,United States,capital,Fashion,TrailFit Waterproof Jacket,1,66.53,66.53,digital_wallet,1,delivered,2026-05-30,6.0,,,
LT-102332,2026-05-24,Mexico,capital,Electronics,Boom Mini Bluetooth Speaker,1,30.95,30.95,credit_card,1,delivered,2026-05-30,6.0,,,
LT-100292,2026-05-24,Peru,urban,Fashion,Strida Urban Sneakers,1,49.16,49.16,digital_wallet,1,delivered,2026-05-26,2.0,,,
LT-104546,2026-05-24,United States,extended_zone,Home,Flex LED Desk Lamp,1,17.32,17.32,digital_wallet,1,delivered,2026-06-02,9.0,,,
LT-103521,2026-05-24,Chile,capital,Electronics,65W Fast Charger,1,26.28,26.28,credit_card,1,delivered,2026-05-28,4.0,,,
LT-103401,2026-05-24,Chile,capital,Electronics,Vertex Ergonomic Mouse,1,21.09,21.09,credit_card,1,delivered,2026-05-27,3.0,,,
LT-100152,2026-05-24,Mexico,capital,Accessories,Vista Polarized Sunglasses,3,26.02,78.06,cash_on_delivery,1,delivered,2026-05-27,3.0,,,
LT-103556,2026-05-24,United States,extended_zone,Electronics,Vertex Ergonomic Mouse,1,20.08,20.08,digital_wallet,1,delivered,2026-06-02,9.0,,,
LT-101549,2026-05-24,Chile,urban,Fashion,TrailFit Waterproof Jacket,1,66.38,66.38,digital_wallet,1,delivered,2026-05-28,4.0,2026-05-29,defective_product,rejected
LT-100788,2026-05-24,United States,urban,Beauty,Complete Skincare Routine Kit,1,37.57,37.57,credit_card,3,delivered,2026-05-28,4.0,,,
LT-104408,2026-05-24,Peru,capital,Beauty,AirStyle Ionic Hair Dryer,2,42.29,84.58,credit_card,6,cancelled,,,,,
LT-100412,2026-05-24,Argentina,urban,Electronics,Boom Mini Bluetooth Speaker,1,29.25,29.25,debit_card,1,delivered,2026-05-28,4.0,,,
LT-100169,2026-05-24,United States,urban,Sports,Pro Non-slip Yoga Mat,1,20.78,20.78,digital_wallet,1,delivered,2026-05-28,4.0,,,
LT-102905,2026-05-24,United States,capital,Home,CleanBot Lite Robot Vacuum,2,121.75,243.5,bank_transfer,1,delivered,2026-05-27,3.0,,,
LT-101603,2026-05-25,United States,urban,Fashion,Andino Slim Fit Jeans,3,31.12,93.36,bank_transfer,1,delivered,2026-05-28,3.0,,,
LT-103634,2026-05-25,Canada,urban,Electronics,65W Fast Charger,1,23.34,23.34,debit_card,1,delivered,2026-05-29,4.0,,,
LT-101227,2026-05-25,Peru,extended_zone,Electronics,65W Fast Charger,2,26.18,52.36,digital_wallet,1,delivered,2026-06-06,12.0,,,
LT-101566,2026-05-25,Chile,urban,Electronics,65W Fast Charger,1,23.59,23.59,credit_card,6,delivered,2026-05-29,4.0,,,
LT-101229,2026-05-25,Mexico,urban,Electronics,Boom Mini Bluetooth Speaker,1,29.98,29.98,credit_card,3,delivered,2026-05-28,3.0,,,
LT-104559,2026-05-25,United States,urban,Electronics,Boom Mini Bluetooth Speaker,1,28.02,28.02,credit_card,3,delivered,2026-05-28,3.0,,,
LT-100514,2026-05-25,Peru,urban,Sports,SteelHydro 1L Thermal Bottle,1,17.46,17.46,debit_card,1,delivered,2026-05-28,3.0,,,
LT-104554,2026-05-25,Mexico,urban,Electronics,Vertex Ergonomic Mouse,1,22.06,22.06,bank_transfer,1,delivered,2026-05-28,3.0,,,
LT-103449,2026-05-25,Mexico,capital,Electronics,65W Fast Charger,2,25.14,50.28,digital_wallet,1,delivered,2026-05-31,6.0,,,
LT-103901,2026-05-25,Chile,capital,Beauty,AirStyle Ionic Hair Dryer,1,45.36,45.36,credit_card,6,delivered,2026-05-30,5.0,,,
LT-102245,2026-05-25,Peru,urban,Home,Flex LED Desk Lamp,1,18.19,18.19,digital_wallet,1,delivered,2026-05-28,3.0,,,
LT-102228,2026-05-25,Colombia,extended_zone,Fashion,Andino Slim Fit Jeans,1,33.43,33.43,credit_card,6,delivered,2026-06-01,7.0,,,
LT-104415,2026-05-25,Mexico,urban,Electronics,65W Fast Charger,3,24.36,73.08,debit_card,1,delivered,2026-05-27,2.0,,,
LT-100405,2026-05-25,Mexico,capital,Electronics,Boom Mini Bluetooth Speaker,1,29.09,29.09,cash_on_delivery,1,delivered,2026-05-31,6.0,,,
LT-103421,2026-05-25,United States,urban,Electronics,65W Fast Charger,1,24.63,24.63,credit_card,1,delivered,2026-05-28,3.0,,,
LT-101360,2026-05-25,Peru,capital,Fashion,Pima Cotton Basic Tee (2-pack),1,22.87,22.87,digital_wallet,1,delivered,2026-05-28,3.0,,,
LT-104109,2026-05-25,Canada,extended_zone,Fashion,UrbanPack 25L Anti-theft Backpack,2,38.26,76.52,digital_wallet,1,delivered,2026-06-06,12.0,,,
LT-100663,2026-05-26,Peru,urban,Sports,SteelHydro 1L Thermal Bottle,3,15.64,46.92,credit_card,1,delivered,2026-05-30,4.0,,,
LT-100122,2026-05-26,Colombia,extended_zone,Sports,Pro Non-slip Yoga Mat,1,20.04,20.04,credit_card,3,delivered,2026-06-06,11.0,,,
LT-100829,2026-05-26,Mexico,capital,Electronics,Pulse S2 Smartwatch,1,91.93,91.93,credit_card,1,delivered,2026-05-29,3.0,,,
LT-104431,2026-05-26,United States,extended_zone,Electronics,65W Fast Charger,1,23.49,23.49,digital_wallet,1,delivered,2026-06-01,6.0,,,
LT-100817,2026-05-26,Colombia,extended_zone,Home,Premium Queen Bedsheet Set,2,39.57,79.14,credit_card,1,delivered,2026-06-04,9.0,,,
LT-104292,2026-05-26,United States,urban,Fashion,Pima Cotton Basic Tee (2-pack),1,21.86,21.86,credit_card,12,delivered,2026-05-29,3.0,,,
LT-102475,2026-05-26,Mexico,urban,Electronics,Nova Wireless Earbuds,2,42.66,85.32,credit_card,3,delivered,2026-05-28,2.0,,,
LT-101823,2026-05-26,Mexico,urban,Home,Premium Queen Bedsheet Set,1,44.66,44.66,credit_card,1,delivered,2026-05-28,2.0,,,
LT-103974,2026-05-26,United States,urban,Home,CompactChef 4L Air Fryer,1,74.35,74.35,digital_wallet,1,delivered,2026-05-28,2.0,,,
LT-100044,2026-05-26,Colombia,urban,Electronics,Pulse S2 Smartwatch,1,91.39,91.39,debit_card,1,delivered,2026-05-30,4.0,,,
LT-101745,2026-05-26,Argentina,urban,Fashion,Strida Urban Sneakers,3,51.71,155.13,credit_card,1,delivered,2026-05-29,3.0,,,
LT-100837,2026-05-26,Peru,extended_zone,Accessories,Interchangeable Watch Strap,1,8.73,8.73,credit_card,12,delivered,2026-06-07,12.0,,,
LT-101939,2026-05-26,Peru,extended_zone,Fashion,Strida Urban Sneakers,1,49.11,49.11,cash_on_delivery,1,delivered,2026-06-07,12.0,,,
LT-104754,2026-05-26,United States,urban,Accessories,14'' Hard Laptop Case,3,17.84,53.52,debit_card,1,delivered,2026-05-30,4.0,,,
LT-100153,2026-05-26,Mexico,urban,Fashion,TrailFit Waterproof Jacket,1,64.24,64.24,debit_card,1,delivered,2026-05-29,3.0,,,
LT-102567,2026-05-27,Argentina,capital,Fashion,TrailFit Waterproof Jacket,3,63.67,191.01,credit_card,3,delivered,2026-05-31,4.0,,,
LT-100223,2026-05-27,United States,capital,Electronics,Kova K61 Mechanical Keyboard,1,57.42,57.42,credit_card,3,delivered,2026-05-31,4.0,,,
LT-100491,2026-05-27,Peru,urban,Fashion,Strida Urban Sneakers,1,51.22,51.22,debit_card,1,delivered,2026-05-29,2.0,,,
LT-102149,2026-05-27,Peru,capital,Fashion,TrailFit Waterproof Jacket,1,66.15,66.15,debit_card,1,delivered,2026-06-02,6.0,,,
LT-104258,2026-05-27,Peru,urban,Fashion,Strida Urban Sneakers,1,50.68,50.68,credit_card,1,delivered,2026-05-29,2.0,,,
LT-103035,2026-05-27,United States,urban,Electronics,65W Fast Charger,2,25.95,51.9,cash_on_delivery,1,cancelled,,,,,
LT-104233,2026-05-27,Mexico,extended_zone,Home,CompactChef 4L Air Fryer,1,69.88,69.88,cash_on_delivery,1,delivered,2026-06-07,11.0,,,
LT-102589,2026-05-27,Mexico,capital,Home,Flex LED Desk Lamp,2,18.55,37.1,credit_card,1,delivered,2026-05-30,3.0,,,
LT-101091,2026-05-27,Mexico,capital,Fashion,UrbanPack 25L Anti-theft Backpack,1,38.9,38.9,bank_transfer,1,delivered,2026-05-31,4.0,2026-06-05,wrong_size_or_model,refunded
LT-103120,2026-05-27,Chile,capital,Electronics,Kova K61 Mechanical Keyboard,1,51.61,51.61,debit_card,1,delivered,2026-06-02,6.0,,,
LT-101212,2026-05-27,United States,extended_zone,Electronics,Nova Wireless Earbuds,1,41.17,41.17,digital_wallet,1,delivered,2026-06-05,9.0,,,
LT-100479,2026-05-27,United States,urban,Sports,Pro Non-slip Yoga Mat,1,19.55,19.55,debit_card,1,delivered,2026-05-30,3.0,,,
LT-102396,2026-05-27,Chile,extended_zone,Electronics,Pulse S2 Smartwatch,1,83.03,83.03,credit_card,12,delivered,2026-06-02,6.0,,,
LT-103375,2026-05-27,Chile,capital,Home,CompactChef 4L Air Fryer,2,74.02,148.04,digital_wallet,1,delivered,2026-06-02,6.0,,,
LT-103454,2026-05-27,Peru,extended_zone,Electronics,Boom Mini Bluetooth Speaker,1,30.82,30.82,bank_transfer,1,delivered,2026-06-06,10.0,,,
LT-104306,2026-05-27,United States,urban,Electronics,Kova K61 Mechanical Keyboard,2,54.46,108.92,debit_card,1,delivered,2026-05-30,3.0,,,
LT-102744,2026-05-28,Colombia,capital,Home,Stackable Kitchen Organizer x3,1,15.93,15.93,credit_card,1,delivered,2026-06-03,6.0,,,
LT-101366,2026-05-28,Chile,capital,Electronics,360 WiFi Security Camera,1,49.97,49.97,bank_transfer,1,delivered,2026-05-31,3.0,,,
LT-101638,2026-05-28,Colombia,extended_zone,Home,Stackable Kitchen Organizer x3,1,16.26,16.26,bank_transfer,1,delivered,2026-06-06,9.0,,,
LT-101194,2026-05-28,United States,urban,Fashion,UrbanPack 25L Anti-theft Backpack,1,35.99,35.99,bank_transfer,1,delivered,2026-05-30,2.0,,,
LT-104812,2026-05-28,United States,capital,Home,CompactChef 4L Air Fryer,1,78.85,78.85,credit_card,1,delivered,2026-05-31,3.0,,,
LT-102066,2026-05-28,Colombia,capital,Home,CleanBot Lite Robot Vacuum,1,126.59,126.59,debit_card,1,delivered,2026-05-31,3.0,,,
LT-101620,2026-05-28,Colombia,urban,Electronics,360 WiFi Security Camera,1,49.34,49.34,credit_card,1,delivered,2026-06-01,4.0,2026-06-09,defective_product,refunded
LT-101174,2026-05-28,United States,capital,Electronics,65W Fast Charger,1,23.64,23.64,cash_on_delivery,1,delivered,2026-06-01,4.0,,,
LT-101323,2026-05-28,Canada,capital,Electronics,Boom Mini Bluetooth Speaker,1,27.82,27.82,debit_card,1,delivered,2026-05-31,3.0,,,
LT-100138,2026-05-28,Peru,capital,Fashion,Pima Cotton Basic Tee (2-pack),1,22.34,22.34,credit_card,1,cancelled,,,,,
LT-104076,2026-05-28,Colombia,urban,Electronics,Boom Mini Bluetooth Speaker,1,27.93,27.93,debit_card,1,delivered,2026-05-30,2.0,,,
LT-100150,2026-05-28,Colombia,capital,Beauty,Complete Skincare Routine Kit,1,33.95,33.95,digital_wallet,1,delivered,2026-06-02,5.0,,,
LT-104378,2026-05-28,Mexico,capital,Fashion,Strida Urban Sneakers,1,50.74,50.74,credit_card,1,delivered,2026-06-02,5.0,,,
LT-102951,2026-05-28,Chile,capital,Beauty,AirStyle Ionic Hair Dryer,1,42.69,42.69,digital_wallet,1,delivered,2026-06-01,4.0,,,
LT-102154,2026-05-28,United States,urban,Accessories,14'' Hard Laptop Case,2,17.75,35.5,debit_card,1,delivered,2026-06-01,4.0,,,
LT-103299,2026-05-28,Argentina,capital,Home,Premium Queen Bedsheet Set,2,41.32,82.64,bank_transfer,1,delivered,2026-05-31,3.0,,,
LT-102063,2026-05-28,United States,urban,Electronics,Pulse S2 Smartwatch,3,92.25,276.75,cash_on_delivery,1,delivered,2026-06-01,4.0,,,
LT-101055,2026-05-28,United States,capital,Electronics,Nova Wireless Earbuds,1,40.12,40.12,cash_on_delivery,1,delivered,2026-06-02,5.0,,,
LT-103061,2026-05-28,Argentina,urban,Home,Stackable Kitchen Organizer x3,2,16.67,33.34,credit_card,1,delivered,2026-05-31,3.0,,,
LT-100913,2026-05-28,United States,urban,Electronics,Vertex Ergonomic Mouse,1,22.45,22.45,credit_card,1,delivered,2026-05-30,2.0,2026-06-08,defective_product,refunded
LT-100910,2026-05-29,Canada,capital,Beauty,CeramicPro Hair Straightener,1,39.61,39.61,credit_card,3,delivered,2026-06-02,4.0,,,
LT-102250,2026-05-29,United States,capital,Fashion,TrailFit Waterproof Jacket,2,69.43,138.86,credit_card,6,delivered,2026-06-03,5.0,,,
LT-101137,2026-05-29,Peru,capital,Fashion,TrailFit Waterproof Jacket,1,64.1,64.1,debit_card,1,delivered,2026-06-01,3.0,,,
LT-102241,2026-05-29,Colombia,urban,Electronics,Pulse S2 Smartwatch,1,90.96,90.96,credit_card,6,delivered,2026-06-02,4.0,,,
LT-102668,2026-05-29,Chile,urban,Electronics,Pulse S2 Smartwatch,2,88.19,176.38,debit_card,1,delivered,2026-06-01,3.0,2026-06-06,defective_product,refunded
LT-103344,2026-05-29,United States,urban,Sports,Pro Non-slip Yoga Mat,1,20.53,20.53,debit_card,1,delivered,2026-05-31,2.0,,,
LT-103022,2026-05-29,United States,urban,Beauty,Complete Skincare Routine Kit,1,36.45,36.45,credit_card,3,delivered,2026-05-31,2.0,,,
LT-100796,2026-05-29,Peru,urban,Sports,Resistance Bands Set x5,1,13.32,13.32,credit_card,3,delivered,2026-06-01,3.0,,,
LT-104380,2026-05-29,Colombia,extended_zone,Electronics,360 WiFi Security Camera,1,45.62,45.62,digital_wallet,1,delivered,2026-06-06,8.0,,,
LT-104156,2026-05-30,Colombia,urban,Sports,SteelHydro 1L Thermal Bottle,1,16.46,16.46,credit_card,6,delivered,2026-06-01,2.0,,,
LT-101418,2026-05-30,Mexico,urban,Electronics,Nova Wireless Earbuds,2,40.5,81.0,digital_wallet,1,delivered,2026-06-01,2.0,,,
LT-104757,2026-05-30,Mexico,capital,Electronics,65W Fast Charger,1,25.84,25.84,debit_card,1,delivered,2026-06-05,6.0,,,
LT-101650,2026-05-30,Chile,extended_zone,Fashion,Pima Cotton Basic Tee (2-pack),1,21.73,21.73,digital_wallet,1,delivered,2026-06-06,7.0,2026-06-07,defective_product,refunded
LT-103696,2026-05-30,Colombia,capital,Electronics,Pulse S2 Smartwatch,1,94.77,94.77,bank_transfer,1,delivered,2026-06-03,4.0,,,
LT-103103,2026-05-30,Canada,extended_zone,Electronics,Vertex Ergonomic Mouse,1,22.04,22.04,debit_card,1,delivered,2026-06-10,11.0,,,
LT-100675,2026-05-30,Mexico,capital,Home,Stackable Kitchen Organizer x3,1,16.85,16.85,credit_card,1,delivered,2026-06-03,4.0,,,
LT-104165,2026-05-30,Mexico,capital,Electronics,Kova K61 Mechanical Keyboard,1,57.14,57.14,bank_transfer,1,delivered,2026-06-02,3.0,,,
LT-100267,2026-05-30,Argentina,urban,Fashion,Andino Slim Fit Jeans,1,34.51,34.51,debit_card,1,delivered,2026-06-03,4.0,,,
LT-102112,2026-05-30,Colombia,urban,Fashion,UrbanPack 25L Anti-theft Backpack,1,39.08,39.08,credit_card,1,delivered,2026-06-03,4.0,,,
LT-101276,2026-05-30,Mexico,urban,Fashion,Pima Cotton Basic Tee (2-pack),1,23.46,23.46,debit_card,1,delivered,2026-06-01,2.0,,,
LT-101115,2026-05-30,Canada,urban,Electronics,Vertex Ergonomic Mouse,1,21.3,21.3,credit_card,1,delivered,2026-06-02,3.0,,,
LT-101637,2026-05-30,Mexico,urban,Electronics,360 WiFi Security Camera,1,48.87,48.87,debit_card,1,delivered,2026-06-03,4.0,2026-06-18,arrived_damaged,refunded
LT-104404,2026-05-30,Mexico,extended_zone,Electronics,Boom Mini Bluetooth Speaker,1,30.41,30.41,digital_wallet,1,delivered,2026-06-07,8.0,,,
LT-103349,2026-05-31,United States,urban,Home,CleanBot Lite Robot Vacuum,3,125.55,376.65,cash_on_delivery,1,delivered,2026-06-03,3.0,,,
LT-101369,2026-05-31,Mexico,extended_zone,Electronics,Vertex Ergonomic Mouse,1,21.75,21.75,bank_transfer,1,delivered,2026-06-12,12.0,,,
LT-102889,2026-05-31,Mexico,capital,Electronics,Pulse S2 Smartwatch,2,95.1,190.2,bank_transfer,1,delivered,2026-06-03,3.0,,,
LT-104403,2026-05-31,United States,capital,Home,Stackable Kitchen Organizer x3,1,16.87,16.87,debit_card,1,delivered,2026-06-05,5.0,,,
LT-101046,2026-05-31,Colombia,urban,Beauty,CeramicPro Hair Straightener,1,40.88,40.88,debit_card,1,delivered,2026-06-03,3.0,,,
LT-102728,2026-05-31,Canada,urban,Beauty,AirStyle Ionic Hair Dryer,1,42.93,42.93,digital_wallet,1,delivered,2026-06-03,3.0,,,
LT-101382,2026-05-31,Mexico,extended_zone,Electronics,360 WiFi Security Camera,1,45.3,45.3,credit_card,6,delivered,2026-06-07,7.0,2026-06-09,arrived_damaged,refunded
LT-104618,2026-05-31,Argentina,extended_zone,Electronics,360 WiFi Security Camera,2,47.59,95.18,bank_transfer,1,delivered,2026-06-09,9.0,,,
LT-103247,2026-05-31,Peru,capital,Electronics,Vertex Ergonomic Mouse,2,21.47,42.94,bank_transfer,1,delivered,2026-06-03,3.0,,,
LT-104442,2026-05-31,Chile,extended_zone,Fashion,Pima Cotton Basic Tee (2-pack),1,22.58,22.58,debit_card,1,delivered,2026-06-10,10.0,,,
LT-104952,2026-05-31,Mexico,extended_zone,Sports,Resistance Bands Set x5,1,13.84,13.84,bank_transfer,1,delivered,2026-06-07,7.0,,,
LT-103538,2026-05-31,Argentina,urban,Beauty,AirStyle Ionic Hair Dryer,1,42.2,42.2,credit_card,3,delivered,2026-06-04,4.0,,,
LT-101672,2026-05-31,United States,extended_zone,Electronics,Boom Mini Bluetooth Speaker,1,28.39,28.39,digital_wallet,1,delivered,2026-06-09,9.0,,,
LT-100534,2026-05-31,Mexico,extended_zone,Home,Flex LED Desk Lamp,1,18.47,18.47,bank_transfer,1,delivered,2026-06-10,10.0,,,
LT-103621,2026-05-31,United States,extended_zone,Fashion,TrailFit Waterproof Jacket,1,61.93,61.93,credit_card,1,delivered,2026-06-07,7.0,,,
LT-104300,2026-05-31,Canada,urban,Electronics,65W Fast Charger,1,24.49,24.49,digital_wallet,1,delivered,2026-06-04,4.0,,,
LT-103148,2026-05-31,Argentina,extended_zone,Home,CleanBot Lite Robot Vacuum,2,129.7,259.4,bank_transfer,1,delivered,2026-06-10,10.0,2026-06-16,not_as_described,refunded
LT-100133,2026-05-31,Colombia,capital,Accessories,Interchangeable Watch Strap,1,8.1,8.1,credit_card,1,cancelled,,,,,
LT-103464,2026-05-31,United States,urban,Home,Flex LED Desk Lamp,1,19.45,19.45,credit_card,6,delivered,2026-06-04,4.0,,,
LT-104249,2026-05-31,Chile,urban,Electronics,Vertex Ergonomic Mouse,1,20.69,20.69,debit_card,1,delivered,2026-06-03,3.0,,,
LT-102912,2026-06-01,Peru,urban,Electronics,Vertex Ergonomic Mouse,1,20.2,20.2,bank_transfer,1,delivered,2026-06-05,4.0,,,
LT-102765,2026-06-01,United States,capital,Electronics,Vertex Ergonomic Mouse,1,20.53,20.53,credit_card,1,delivered,2026-06-07,6.0,,,
LT-103961,2026-06-01,Canada,urban,Fashion,Andino Slim Fit Jeans,1,33.36,33.36,cash_on_delivery,1,delivered,2026-06-04,3.0,,,
LT-103145,2026-06-01,Mexico,extended_zone,Fashion,Andino Slim Fit Jeans,1,33.32,33.32,credit_card,1,delivered,2026-06-12,11.0,,,
LT-103816,2026-06-01,Mexico,capital,Fashion,TrailFit Waterproof Jacket,1,62.68,62.68,bank_transfer,1,delivered,2026-06-04,3.0,,,
LT-102282,2026-06-01,Peru,extended_zone,Electronics,Vertex Ergonomic Mouse,2,19.86,39.72,debit_card,1,delivered,2026-06-12,11.0,,,
LT-100003,2026-06-01,Mexico,capital,Electronics,Pulse S2 Smartwatch,1,91.88,91.88,digital_wallet,1,delivered,2026-06-06,5.0,,,
LT-100682,2026-06-01,Colombia,urban,Electronics,360 WiFi Security Camera,1,47.1,47.1,credit_card,1,delivered,2026-06-03,2.0,2026-06-06,not_as_described,refunded
LT-100149,2026-06-01,Canada,urban,Accessories,14'' Hard Laptop Case,1,16.79,16.79,debit_card,1,delivered,2026-06-05,4.0,,,
LT-102840,2026-06-01,Argentina,urban,Home,CleanBot Lite Robot Vacuum,1,130.47,130.47,cash_on_delivery,1,delivered,2026-06-05,4.0,2026-06-09,not_as_described,under_review
LT-102795,2026-06-01,Mexico,urban,Home,Stackable Kitchen Organizer x3,1,15.11,15.11,debit_card,1,delivered,2026-06-05,4.0,,,
LT-104756,2026-06-01,Colombia,urban,Fashion,Strida Urban Sneakers,2,49.85,99.7,credit_card,1,delivered,2026-06-04,3.0,,,
LT-103895,2026-06-01,Peru,urban,Electronics,Boom Mini Bluetooth Speaker,1,30.15,30.15,digital_wallet,1,delivered,2026-06-05,4.0,,,
LT-101221,2026-06-02,Colombia,capital,Home,Flex LED Desk Lamp,1,18.56,18.56,credit_card,1,delivered,2026-06-08,6.0,,,
LT-100887,2026-06-02,Mexico,urban,Sports,Pro Non-slip Yoga Mat,1,20.63,20.63,debit_card,1,delivered,2026-06-04,2.0,,,
LT-104274,2026-06-02,Argentina,urban,Fashion,UrbanPack 25L Anti-theft Backpack,1,35.81,35.81,digital_wallet,1,delivered,2026-06-05,3.0,,,
LT-103591,2026-06-02,Peru,capital,Fashion,TrailFit Waterproof Jacket,2,67.91,135.82,digital_wallet,1,delivered,2026-06-07,5.0,2026-06-14,wrong_size_or_model,refunded
LT-100195,2026-06-02,Mexico,capital,Electronics,360 WiFi Security Camera,3,49.55,148.65,credit_card,3,delivered,2026-06-05,3.0,,,
LT-100357,2026-06-02,Peru,capital,Electronics,Vertex Ergonomic Mouse,2,20.48,40.96,debit_card,1,delivered,2026-06-08,6.0,,,
LT-100313,2026-06-02,Chile,extended_zone,Electronics,Kova K61 Mechanical Keyboard,1,55.72,55.72,debit_card,1,delivered,2026-06-11,9.0,,,
LT-102048,2026-06-02,Canada,urban,Electronics,Boom Mini Bluetooth Speaker,1,27.93,27.93,digital_wallet,1,cancelled,,,,,
LT-101442,2026-06-02,Chile,extended_zone,Sports,Resistance Bands Set x5,2,14.03,28.06,debit_card,1,delivered,2026-06-09,7.0,,,
LT-102087,2026-06-02,Peru,capital,Home,CompactChef 4L Air Fryer,1,75.76,75.76,credit_card,1,delivered,2026-06-06,4.0,,,
LT-101165,2026-06-02,Mexico,urban,Electronics,Nova Wireless Earbuds,1,42.36,42.36,debit_card,1,delivered,2026-06-06,4.0,,,
LT-103923,2026-06-02,Peru,extended_zone,Accessories,14'' Hard Laptop Case,1,17.3,17.3,credit_card,6,delivered,2026-06-11,9.0,,,
LT-100844,2026-06-02,United States,urban,Electronics,65W Fast Charger,1,23.87,23.87,cash_on_delivery,1,delivered,2026-06-05,3.0,,,
LT-101917,2026-06-02,Colombia,capital,Electronics,Kova K61 Mechanical Keyboard,1,54.31,54.31,debit_card,1,delivered,2026-06-08,6.0,,,
LT-103222,2026-06-02,Colombia,urban,Electronics,Vertex Ergonomic Mouse,1,21.63,21.63,debit_card,1,delivered,2026-06-04,2.0,,,
LT-101715,2026-06-02,Mexico,urban,Electronics,65W Fast Charger,1,25.07,25.07,digital_wallet,1,delivered,2026-06-06,4.0,,,
LT-100863,2026-06-02,United States,urban,Home,CompactChef 4L Air Fryer,2,78.39,156.78,credit_card,3,delivered,2026-06-06,4.0,,,
LT-101032,2026-06-02,United States,urban,Electronics,Vertex Ergonomic Mouse,1,19.88,19.88,debit_card,1,delivered,2026-06-05,3.0,,,
LT-101833,2026-06-02,Chile,extended_zone,Home,CompactChef 4L Air Fryer,1,78.66,78.66,cash_on_delivery,1,delivered,2026-06-11,9.0,,,
LT-100291,2026-06-02,Colombia,capital,Home,CompactChef 4L Air Fryer,1,76.62,76.62,credit_card,1,cancelled,,,,,
LT-103484,2026-06-02,Mexico,extended_zone,Fashion,TrailFit Waterproof Jacket,1,67.59,67.59,bank_transfer,1,delivered,2026-06-13,11.0,,,
LT-101346,2026-06-02,Mexico,urban,Electronics,Nova Wireless Earbuds,1,41.11,41.11,credit_card,6,delivered,2026-06-05,3.0,,,
LT-101343,2026-06-02,United States,capital,Sports,Resistance Bands Set x5,1,14.5,14.5,credit_card,1,delivered,2026-06-05,3.0,,,
LT-101803,2026-06-02,Peru,extended_zone,Electronics,Nova Wireless Earbuds,1,37.19,37.19,digital_wallet,1,delivered,2026-06-08,6.0,,,
LT-100585,2026-06-03,United States,urban,Fashion,UrbanPack 25L Anti-theft Backpack,1,40.09,40.09,credit_card,3,delivered,2026-06-07,4.0,,,
LT-101239,2026-06-03,Mexico,urban,Accessories,Interchangeable Watch Strap,1,9.09,9.09,bank_transfer,1,delivered,2026-06-06,3.0,,,
LT-104032,2026-06-03,United States,extended_zone,Sports,SteelHydro 1L Thermal Bottle,1,17.28,17.28,credit_card,1,delivered,2026-06-15,12.0,,,
LT-104029,2026-06-03,Colombia,capital,Accessories,14'' Hard Laptop Case,1,17.67,17.67,credit_card,1,delivered,2026-06-08,5.0,2026-06-11,defective_product,refunded
LT-102104,2026-06-03,Peru,capital,Electronics,65W Fast Charger,2,25.93,51.86,debit_card,1,delivered,2026-06-09,6.0,,,
LT-103142,2026-06-03,Argentina,urban,Electronics,65W Fast Charger,2,24.26,48.52,digital_wallet,1,delivered,2026-06-06,3.0,,,
LT-101200,2026-06-03,Chile,urban,Electronics,Boom Mini Bluetooth Speaker,1,29.25,29.25,debit_card,1,delivered,2026-06-06,3.0,,,
LT-102039,2026-06-03,Canada,capital,Sports,Pro Non-slip Yoga Mat,1,21.03,21.03,credit_card,1,delivered,2026-06-08,5.0,,,
LT-100402,2026-06-03,Peru,urban,Electronics,Vertex Ergonomic Mouse,1,19.92,19.92,debit_card,1,delivered,2026-06-06,3.0,,,
LT-103780,2026-06-03,Mexico,urban,Electronics,Nova Wireless Earbuds,3,38.95,116.85,cash_on_delivery,1,delivered,2026-06-07,4.0,,,
LT-102358,2026-06-03,Mexico,capital,Fashion,Andino Slim Fit Jeans,1,31.33,31.33,credit_card,1,delivered,2026-06-08,5.0,,,
LT-100114,2026-06-03,United States,urban,Electronics,Vertex Ergonomic Mouse,1,21.96,21.96,debit_card,1,delivered,2026-06-05,2.0,,,
LT-100236,2026-06-03,Chile,urban,Fashion,Strida Urban Sneakers,1,47.0,47.0,credit_card,1,delivered,2026-06-05,2.0,,,
LT-101383,2026-06-04,Mexico,extended_zone,Home,Premium Queen Bedsheet Set,1,39.95,39.95,credit_card,1,delivered,2026-06-14,10.0,,,
LT-103570,2026-06-04,Colombia,capital,Electronics,Boom Mini Bluetooth Speaker,1,29.07,29.07,bank_transfer,1,delivered,2026-06-09,5.0,,,
LT-103690,2026-06-04,Argentina,extended_zone,Home,Premium Queen Bedsheet Set,1,43.11,43.11,digital_wallet,1,delivered,2026-06-13,9.0,,,
LT-103800,2026-06-04,Chile,capital,Sports,Pro Non-slip Yoga Mat,1,19.25,19.25,debit_card,1,delivered,2026-06-08,4.0,,,
LT-103351,2026-06-04,Colombia,capital,Fashion,Pima Cotton Basic Tee (2-pack),2,21.53,43.06,credit_card,12,delivered,2026-06-08,4.0,,,
LT-103302,2026-06-04,United States,extended_zone,Fashion,Pima Cotton Basic Tee (2-pack),2,21.79,43.58,credit_card,1,delivered,2026-06-12,8.0,,,
LT-101925,2026-06-04,Mexico,urban,Fashion,TrailFit Waterproof Jacket,1,61.47,61.47,credit_card,1,delivered,2026-06-08,4.0,,,
LT-104785,2026-06-04,United States,extended_zone,Home,CleanBot Lite Robot Vacuum,2,130.37,260.74,digital_wallet,1,delivered,2026-06-11,7.0,,,
LT-103171,2026-06-04,United States,capital,Sports,SteelHydro 1L Thermal Bottle,1,15.51,15.51,digital_wallet,1,delivered,2026-06-09,5.0,,,
LT-104861,2026-06-04,Mexico,urban,Fashion,Andino Slim Fit Jeans,3,32.03,96.09,bank_transfer,1,delivered,2026-06-07,3.0,,,
LT-103849,2026-06-04,Peru,capital,Electronics,Vertex Ergonomic Mouse,1,21.11,21.11,credit_card,1,delivered,2026-06-08,4.0,2026-06-09,changed_mind,refunded
LT-103017,2026-06-04,Peru,capital,Sports,SteelHydro 1L Thermal Bottle,1,16.44,16.44,debit_card,1,delivered,2026-06-10,6.0,,,
LT-100173,2026-06-04,Colombia,urban,Home,Premium Queen Bedsheet Set,1,43.43,43.43,cash_on_delivery,1,delivered,2026-06-07,3.0,,,
LT-100515,2026-06-04,United States,extended_zone,Home,CompactChef 4L Air Fryer,1,76.31,76.31,credit_card,1,delivered,2026-06-11,7.0,,,
LT-100428,2026-06-04,Mexico,capital,Electronics,Vertex Ergonomic Mouse,1,20.46,20.46,digital_wallet,1,delivered,2026-06-09,5.0,,,
LT-102682,2026-06-04,Peru,urban,Electronics,Nova Wireless Earbuds,1,42.46,42.46,bank_transfer,1,delivered,2026-06-06,2.0,,,
LT-104652,2026-06-04,Colombia,urban,Electronics,Vertex Ergonomic Mouse,1,22.25,22.25,cash_on_delivery,1,delivered,2026-06-06,2.0,2026-06-21,not_as_described,refunded
LT-101590,2026-06-04,Argentina,urban,Fashion,Strida Urban Sneakers,1,53.24,53.24,digital_wallet,1,delivered,2026-06-08,4.0,,,
LT-100332,2026-06-04,Chile,extended_zone,Home,Stackable Kitchen Organizer x3,1,16.43,16.43,bank_transfer,1,delivered,2026-06-15,11.0,,,
LT-100602,2026-06-05,Peru,extended_zone,Fashion,Strida Urban Sneakers,1,49.52,49.52,debit_card,1,delivered,2026-06-14,9.0,,,
LT-103364,2026-06-05,Colombia,extended_zone,Sports,Resistance Bands Set x5,1,14.47,14.47,credit_card,1,delivered,2026-06-14,9.0,,,
LT-102866,2026-06-05,Colombia,urban,Fashion,Strida Urban Sneakers,1,52.52,52.52,cash_on_delivery,1,delivered,2026-06-09,4.0,,,
LT-103860,2026-06-05,United States,capital,Electronics,Boom Mini Bluetooth Speaker,1,27.77,27.77,bank_transfer,1,delivered,2026-06-09,4.0,,,
LT-102391,2026-06-05,United States,urban,Beauty,AirStyle Ionic Hair Dryer,1,41.41,41.41,cash_on_delivery,1,delivered,2026-06-08,3.0,,,
LT-100071,2026-06-05,Canada,capital,Home,Stackable Kitchen Organizer x3,1,15.46,15.46,debit_card,1,delivered,2026-06-08,3.0,,,
LT-103400,2026-06-05,United States,urban,Beauty,AirStyle Ionic Hair Dryer,1,42.33,42.33,debit_card,1,delivered,2026-06-07,2.0,,,
LT-100876,2026-06-05,Chile,urban,Beauty,CeramicPro Hair Straightener,1,39.08,39.08,credit_card,3,delivered,2026-06-08,3.0,,,
LT-102571,2026-06-05,Peru,extended_zone,Electronics,65W Fast Charger,1,23.5,23.5,credit_card,3,delivered,2026-06-17,12.0,,,
LT-100998,2026-06-05,Mexico,extended_zone,Sports,Pro Non-slip Yoga Mat,1,19.5,19.5,credit_card,3,delivered,2026-06-17,12.0,,,
LT-101738,2026-06-05,Colombia,urban,Home,CompactChef 4L Air Fryer,2,76.85,153.7,cash_on_delivery,1,delivered,2026-06-07,2.0,,,
LT-104288,2026-06-05,Mexico,urban,Fashion,Strida Urban Sneakers,2,47.75,95.5,credit_card,1,cancelled,,,,,
LT-103426,2026-06-05,Colombia,urban,Beauty,Complete Skincare Routine Kit,1,33.8,33.8,credit_card,1,delivered,2026-06-08,3.0,,,
LT-100781,2026-06-05,Argentina,capital,Accessories,14'' Hard Laptop Case,1,17.59,17.59,credit_card,3,delivered,2026-06-08,3.0,2026-06-23,changed_mind,refunded
LT-102551,2026-06-05,Mexico,capital,Fashion,UrbanPack 25L Anti-theft Backpack,1,37.78,37.78,credit_card,3,delivered,2026-06-11,6.0,,,
LT-101085,2026-06-05,Colombia,extended_zone,Electronics,Pulse S2 Smartwatch,1,90.6,90.6,bank_transfer,1,delivered,2026-06-13,8.0,,,
LT-102478,2026-06-05,Mexico,urban,Electronics,360 WiFi Security Camera,1,49.68,49.68,digital_wallet,1,delivered,2026-06-07,2.0,,,
LT-102381,2026-06-06,Peru,urban,Sports,Resistance Bands Set x5,1,13.77,13.77,credit_card,3,cancelled,,,,,
LT-100957,2026-06-06,Colombia,capital,Sports,SteelHydro 1L Thermal Bottle,2,17.26,34.52,credit_card,1,delivered,2026-06-10,4.0,,,
LT-102595,2026-06-06,Argentina,extended_zone,Electronics,Boom Mini Bluetooth Speaker,2,28.93,57.86,digital_wallet,1,delivered,2026-06-18,12.0,,,
LT-104514,2026-06-06,Argentina,urban,Beauty,Complete Skincare Routine Kit,1,33.55,33.55,credit_card,3,cancelled,,,,,
LT-104885,2026-06-06,Peru,urban,Beauty,CeramicPro Hair Straightener,1,40.19,40.19,bank_transfer,1,delivered,2026-06-10,4.0,,,
LT-102190,2026-06-06,Colombia,capital,Sports,SteelHydro 1L Thermal Bottle,1,16.28,16.28,cash_on_delivery,1,delivered,2026-06-12,6.0,,,
LT-100353,2026-06-06,Colombia,extended_zone,Electronics,Nova Wireless Earbuds,1,42.17,42.17,credit_card,1,delivered,2026-06-17,11.0,,,
LT-102105,2026-06-06,Peru,extended_zone,Electronics,Vertex Ergonomic Mouse,2,22.27,44.54,credit_card,3,cancelled,,,,,
LT-103242,2026-06-06,Colombia,capital,Electronics,Nova Wireless Earbuds,3,41.11,123.33,credit_card,1,delivered,2026-06-10,4.0,2026-06-15,not_as_described,rejected
LT-100204,2026-06-06,Colombia,urban,Electronics,Vertex Ergonomic Mouse,1,20.93,20.93,digital_wallet,1,cancelled,,,,,
LT-101235,2026-06-07,Argentina,urban,Fashion,TrailFit Waterproof Jacket,1,67.04,67.04,credit_card,1,delivered,2026-06-10,3.0,2026-06-15,arrived_damaged,refunded
LT-103732,2026-06-07,Colombia,capital,Home,Flex LED Desk Lamp,1,18.16,18.16,debit_card,1,delivered,2026-06-13,6.0,2026-06-14,not_as_described,refunded
LT-101378,2026-06-07,Colombia,capital,Electronics,360 WiFi Security Camera,1,48.35,48.35,credit_card,12,delivered,2026-06-13,6.0,,,
LT-104022,2026-06-07,Argentina,capital,Electronics,Boom Mini Bluetooth Speaker,1,30.13,30.13,credit_card,12,delivered,2026-06-10,3.0,,,
LT-102518,2026-06-07,Mexico,urban,Fashion,Strida Urban Sneakers,1,48.07,48.07,bank_transfer,1,delivered,2026-06-10,3.0,,,
LT-102079,2026-06-07,Mexico,urban,Home,Premium Queen Bedsheet Set,1,40.6,40.6,cash_on_delivery,1,delivered,2026-06-11,4.0,,,
LT-100439,2026-06-07,Mexico,capital,Sports,SteelHydro 1L Thermal Bottle,1,16.81,16.81,debit_card,1,delivered,2026-06-13,6.0,,,
LT-104729,2026-06-07,Peru,urban,Electronics,Nova Wireless Earbuds,1,40.53,40.53,credit_card,1,delivered,2026-06-10,3.0,,,
LT-102970,2026-06-07,Peru,capital,Fashion,TrailFit Waterproof Jacket,1,63.87,63.87,credit_card,12,delivered,2026-06-11,4.0,2026-06-20,defective_product,refunded
LT-104726,2026-06-07,Chile,urban,Electronics,Nova Wireless Earbuds,1,40.02,40.02,digital_wallet,1,delivered,2026-06-10,3.0,,,
LT-100376,2026-06-08,Colombia,urban,Accessories,14'' Hard Laptop Case,1,17.69,17.69,digital_wallet,1,delivered,2026-06-11,3.0,,,
LT-102119,2026-06-08,Chile,capital,Home,Premium Queen Bedsheet Set,2,40.39,80.78,credit_card,3,cancelled,,,,,
LT-101489,2026-06-08,Argentina,urban,Electronics,360 WiFi Security Camera,1,48.24,48.24,credit_card,1,delivered,2026-06-11,3.0,,,
LT-102008,2026-06-08,Chile,capital,Sports,SteelHydro 1L Thermal Bottle,1,17.05,17.05,digital_wallet,1,delivered,2026-06-11,3.0,,,
LT-100190,2026-06-08,Mexico,urban,Fashion,Pima Cotton Basic Tee (2-pack),1,22.38,22.38,credit_card,1,delivered,2026-06-12,4.0,,,
LT-104317,2026-06-08,Mexico,urban,Home,CleanBot Lite Robot Vacuum,1,135.37,135.37,digital_wallet,1,delivered,2026-06-11,3.0,,,
LT-103960,2026-06-08,Peru,urban,Electronics,65W Fast Charger,1,23.88,23.88,credit_card,3,delivered,2026-06-10,2.0,,,
LT-100474,2026-06-08,Peru,urban,Electronics,Kova K61 Mechanical Keyboard,2,55.52,111.04,cash_on_delivery,1,delivered,2026-06-10,2.0,,,
LT-101277,2026-06-08,Argentina,urban,Home,Flex LED Desk Lamp,1,19.26,19.26,debit_card,1,delivered,2026-06-12,4.0,,,
LT-104092,2026-06-08,Mexico,urban,Fashion,Pima Cotton Basic Tee (2-pack),1,22.57,22.57,digital_wallet,1,delivered,2026-06-12,4.0,2026-06-14,changed_mind,refunded
LT-103856,2026-06-08,Colombia,capital,Electronics,Vertex Ergonomic Mouse,1,20.58,20.58,credit_card,1,delivered,2026-06-14,6.0,,,
LT-102796,2026-06-09,Mexico,extended_zone,Electronics,65W Fast Charger,2,24.48,48.96,bank_transfer,1,delivered,2026-06-14,5.0,,,
LT-101242,2026-06-09,Colombia,urban,Electronics,Pulse S2 Smartwatch,3,86.91,260.73,debit_card,1,delivered,2026-06-11,2.0,,,
LT-103567,2026-06-09,Chile,capital,Sports,Pro Non-slip Yoga Mat,1,20.02,20.02,credit_card,6,delivered,2026-06-14,5.0,,,
LT-104992,2026-06-09,Argentina,capital,Electronics,360 WiFi Security Camera,1,48.25,48.25,credit_card,1,cancelled,,,,,
LT-103482,2026-06-09,Canada,capital,Home,Stackable Kitchen Organizer x3,1,14.82,14.82,debit_card,1,delivered,2026-06-14,5.0,,,
LT-100570,2026-06-09,Argentina,capital,Home,CompactChef 4L Air Fryer,2,77.86,155.72,digital_wallet,1,delivered,2026-06-15,6.0,2026-06-16,changed_mind,refunded
LT-101045,2026-06-09,Argentina,capital,Electronics,360 WiFi Security Camera,1,45.99,45.99,digital_wallet,1,delivered,2026-06-12,3.0,,,
LT-102541,2026-06-09,Colombia,urban,Electronics,Pulse S2 Smartwatch,1,83.14,83.14,credit_card,1,delivered,2026-06-12,3.0,,,
LT-103043,2026-06-09,Argentina,urban,Home,Premium Queen Bedsheet Set,3,40.2,120.6,credit_card,1,delivered,2026-06-13,4.0,,,
LT-100381,2026-06-09,Colombia,urban,Electronics,Vertex Ergonomic Mouse,1,20.04,20.04,cash_on_delivery,1,delivered,2026-06-11,2.0,,,
LT-104567,2026-06-09,Colombia,extended_zone,Electronics,360 WiFi Security Camera,1,49.34,49.34,debit_card,1,delivered,2026-06-21,12.0,,,
LT-102272,2026-06-09,United States,urban,Electronics,Nova Wireless Earbuds,1,37.75,37.75,debit_card,1,delivered,2026-06-11,2.0,,,
LT-101054,2026-06-09,Mexico,urban,Home,Flex LED Desk Lamp,1,19.49,19.49,credit_card,3,delivered,2026-06-12,3.0,,,
LT-102205,2026-06-09,Argentina,capital,Electronics,Boom Mini Bluetooth Speaker,1,30.74,30.74,cash_on_delivery,1,delivered,2026-06-15,6.0,,,
LT-104573,2026-06-10,Mexico,urban,Electronics,360 WiFi Security Camera,1,44.71,44.71,credit_card,6,delivered,2026-06-12,2.0,,,
LT-102868,2026-06-10,Colombia,urban,Electronics,Nova Wireless Earbuds,2,40.49,80.98,credit_card,1,delivered,2026-06-12,2.0,,,
LT-102262,2026-06-10,United States,capital,Electronics,65W Fast Charger,1,24.72,24.72,credit_card,6,delivered,2026-06-13,3.0,,,
LT-103176,2026-06-10,Mexico,urban,Electronics,Boom Mini Bluetooth Speaker,1,31.07,31.07,digital_wallet,1,delivered,2026-06-12,2.0,,,
LT-103428,2026-06-10,Chile,capital,Beauty,CeramicPro Hair Straightener,1,40.48,40.48,credit_card,6,delivered,2026-06-13,3.0,,,
LT-104242,2026-06-10,Mexico,capital,Electronics,360 WiFi Security Camera,3,44.97,134.91,cash_on_delivery,1,delivered,2026-06-15,5.0,,,
LT-104303,2026-06-10,Argentina,capital,Electronics,65W Fast Charger,1,25.1,25.1,cash_on_delivery,1,delivered,2026-06-16,6.0,,,
LT-103659,2026-06-10,United States,urban,Home,Premium Queen Bedsheet Set,2,41.99,83.98,bank_transfer,1,cancelled,,,,,
LT-101609,2026-06-10,Argentina,capital,Fashion,Strida Urban Sneakers,3,52.0,156.0,bank_transfer,1,delivered,2026-06-16,6.0,,,
LT-101792,2026-06-10,Argentina,urban,Fashion,Andino Slim Fit Jeans,1,31.01,31.01,credit_card,1,delivered,2026-06-13,3.0,,,
LT-101402,2026-06-10,Mexico,extended_zone,Home,Stackable Kitchen Organizer x3,2,15.7,31.4,bank_transfer,1,delivered,2026-06-21,11.0,,,
LT-103751,2026-06-10,Mexico,urban,Electronics,Vertex Ergonomic Mouse,1,20.74,20.74,bank_transfer,1,delivered,2026-06-13,3.0,,,
LT-101430,2026-06-10,Mexico,capital,Electronics,Nova Wireless Earbuds,1,41.3,41.3,digital_wallet,1,delivered,2026-06-13,3.0,,,
LT-100938,2026-06-10,United States,capital,Electronics,360 WiFi Security Camera,1,48.88,48.88,credit_card,3,delivered,2026-06-16,6.0,2026-06-21,defective_product,refunded
LT-100952,2026-06-11,Colombia,urban,Electronics,Nova Wireless Earbuds,1,40.68,40.68,digital_wallet,1,delivered,2026-06-13,2.0,,,
LT-103485,2026-06-11,Mexico,extended_zone,Electronics,Vertex Ergonomic Mouse,1,20.54,20.54,credit_card,3,delivered,2026-06-23,12.0,,,
LT-102665,2026-06-11,Argentina,extended_zone,Home,CompactChef 4L Air Fryer,1,77.93,77.93,debit_card,1,delivered,2026-06-23,12.0,,,
LT-102988,2026-06-11,Chile,extended_zone,Electronics,Nova Wireless Earbuds,1,41.17,41.17,credit_card,1,delivered,2026-06-17,6.0,2026-06-23,changed_mind,rejected
LT-101528,2026-06-11,Argentina,urban,Fashion,Strida Urban Sneakers,1,51.84,51.84,debit_card,1,delivered,2026-06-14,3.0,,,
LT-101845,2026-06-11,Peru,urban,Accessories,14'' Hard Laptop Case,1,17.78,17.78,digital_wallet,1,delivered,2026-06-13,2.0,,,
LT-102451,2026-06-11,Mexico,capital,Electronics,Boom Mini Bluetooth Speaker,1,30.0,30.0,credit_card,1,delivered,2026-06-17,6.0,,,
LT-103866,2026-06-11,Peru,capital,Sports,Resistance Bands Set x5,1,14.29,14.29,debit_card,1,delivered,2026-06-16,5.0,,,
LT-101231,2026-06-12,Peru,extended_zone,Electronics,65W Fast Charger,1,26.12,26.12,credit_card,12,delivered,2026-06-22,10.0,,,
LT-102037,2026-06-12,Canada,urban,Home,Flex LED Desk Lamp,1,17.69,17.69,debit_card,1,delivered,2026-06-16,4.0,,,
LT-102161,2026-06-12,Chile,capital,Electronics,Boom Mini Bluetooth Speaker,2,31.45,62.9,debit_card,1,delivered,2026-06-18,6.0,,,
LT-101919,2026-06-12,Argentina,extended_zone,Home,Premium Queen Bedsheet Set,1,43.98,43.98,credit_card,12,delivered,2026-06-17,5.0,,,
LT-101960,2026-06-12,United States,extended_zone,Accessories,14'' Hard Laptop Case,1,18.72,18.72,credit_card,1,delivered,2026-06-18,6.0,,,
LT-102474,2026-06-12,Canada,extended_zone,Electronics,65W Fast Charger,1,25.71,25.71,credit_card,12,delivered,2026-06-22,10.0,,,
LT-100908,2026-06-12,Canada,urban,Electronics,360 WiFi Security Camera,1,45.44,45.44,credit_card,6,delivered,2026-06-14,2.0,,,
LT-100418,2026-06-12,Peru,urban,Beauty,CeramicPro Hair Straightener,1,38.06,38.06,credit_card,3,delivered,2026-06-14,2.0,,,
LT-101578,2026-06-13,Mexico,urban,Electronics,65W Fast Charger,1,25.38,25.38,digital_wallet,1,delivered,2026-06-15,2.0,,,
LT-104230,2026-06-13,Peru,capital,Electronics,Vertex Ergonomic Mouse,1,20.13,20.13,debit_card,1,delivered,2026-06-18,5.0,,,
LT-102153,2026-06-13,Colombia,extended_zone,Electronics,Nova Wireless Earbuds,2,42.17,84.34,bank_transfer,1,delivered,2026-06-18,5.0,,,
LT-101374,2026-06-13,United States,urban,Fashion,Pima Cotton Basic Tee (2-pack),1,21.54,21.54,credit_card,3,delivered,2026-06-16,3.0,2026-06-26,wrong_size_or_model,rejected
LT-104672,2026-06-13,Chile,capital,Sports,SteelHydro 1L Thermal Bottle,2,17.36,34.72,bank_transfer,1,delivered,2026-06-19,6.0,,,
LT-102173,2026-06-13,United States,urban,Electronics,Pulse S2 Smartwatch,1,93.34,93.34,digital_wallet,1,delivered,2026-06-16,3.0,,,
LT-100659,2026-06-13,Colombia,capital,Electronics,360 WiFi Security Camera,1,46.52,46.52,debit_card,1,delivered,2026-06-19,6.0,,,
LT-102291,2026-06-13,Argentina,extended_zone,Sports,Resistance Bands Set x5,1,14.78,14.78,cash_on_delivery,1,delivered,2026-06-23,10.0,,,
LT-103006,2026-06-13,Argentina,urban,Electronics,Boom Mini Bluetooth Speaker,1,28.41,28.41,debit_card,1,delivered,2026-06-17,4.0,,,
LT-101355,2026-06-13,Argentina,urban,Electronics,Nova Wireless Earbuds,1,41.9,41.9,debit_card,1,delivered,2026-06-15,2.0,,,
LT-102383,2026-06-14,Peru,urban,Fashion,Strida Urban Sneakers,1,52.81,52.81,debit_card,1,delivered,2026-06-17,3.0,,,
LT-100108,2026-06-14,Colombia,urban,Home,CleanBot Lite Robot Vacuum,1,121.86,121.86,credit_card,1,delivered,2026-06-18,4.0,2026-06-22,changed_mind,refunded
LT-104555,2026-06-14,Argentina,urban,Fashion,TrailFit Waterproof Jacket,2,61.84,123.68,credit_card,12,delivered,2026-06-16,2.0,,,
LT-103013,2026-06-14,United States,capital,Home,CompactChef 4L Air Fryer,1,70.66,70.66,credit_card,12,delivered,2026-06-20,6.0,,,
LT-103441,2026-06-14,Colombia,extended_zone,Electronics,360 WiFi Security Camera,1,46.41,46.41,credit_card,1,cancelled,,,,,
LT-104581,2026-06-14,Colombia,urban,Electronics,Nova Wireless Earbuds,1,38.03,38.03,digital_wallet,1,delivered,2026-06-16,2.0,,,
LT-104202,2026-06-14,Peru,urban,Sports,SteelHydro 1L Thermal Bottle,1,15.73,15.73,debit_card,1,delivered,2026-06-16,2.0,,,
LT-100985,2026-06-14,United States,urban,Accessories,14'' Hard Laptop Case,1,17.38,17.38,credit_card,3,delivered,2026-06-17,3.0,,,
LT-102920,2026-06-14,Colombia,urban,Electronics,Nova Wireless Earbuds,2,40.51,81.02,bank_transfer,1,delivered,2026-06-18,4.0,2026-06-30,defective_product,rejected
LT-102760,2026-06-14,Colombia,urban,Home,Premium Queen Bedsheet Set,1,41.58,41.58,digital_wallet,1,delivered,2026-06-16,2.0,,,
LT-104260,2026-06-14,Peru,urban,Fashion,Pima Cotton Basic Tee (2-pack),1,22.36,22.36,bank_transfer,1,delivered,2026-06-18,4.0,,,
LT-103065,2026-06-14,Mexico,capital,Electronics,360 WiFi Security Camera,1,48.81,48.81,cash_on_delivery,1,delivered,2026-06-20,6.0,,,
LT-102182,2026-06-14,Peru,extended_zone,Sports,Pro Non-slip Yoga Mat,1,21.04,21.04,credit_card,6,delivered,2026-06-26,12.0,2026-07-06,defective_product,refunded
LT-100197,2026-06-14,United States,capital,Electronics,360 WiFi Security Camera,1,50.25,50.25,digital_wallet,1,delivered,2026-06-19,5.0,,,
LT-102016,2026-06-14,Canada,capital,Home,Stackable Kitchen Organizer x3,1,15.46,15.46,credit_card,3,delivered,2026-06-17,3.0,,,
LT-102412,2026-06-14,Mexico,extended_zone,Beauty,Complete Skincare Routine Kit,1,37.21,37.21,cash_on_delivery,1,delivered,2026-06-26,12.0,,,
LT-104280,2026-06-15,United States,urban,Electronics,65W Fast Charger,1,24.59,24.59,debit_card,1,delivered,2026-06-18,3.0,,,
LT-102407,2026-06-15,Peru,capital,Electronics,Vertex Ergonomic Mouse,1,20.93,20.93,cash_on_delivery,1,delivered,2026-06-20,5.0,2026-06-22,not_as_described,under_review
LT-102117,2026-06-15,Canada,extended_zone,Home,CleanBot Lite Robot Vacuum,2,132.28,264.56,digital_wallet,1,delivered,2026-06-26,11.0,2026-07-04,wrong_size_or_model,refunded
LT-100584,2026-06-15,Mexico,capital,Beauty,CeramicPro Hair Straightener,1,40.7,40.7,digital_wallet,1,delivered,2026-06-19,4.0,,,
LT-100644,2026-06-15,Chile,capital,Home,Stackable Kitchen Organizer x3,2,15.39,30.78,cash_on_delivery,1,delivered,2026-06-18,3.0,,,
LT-101834,2026-06-15,United States,capital,Fashion,Strida Urban Sneakers,3,47.41,142.23,digital_wallet,1,delivered,2026-06-20,5.0,,,
LT-101473,2026-06-15,Argentina,capital,Electronics,65W Fast Charger,1,23.93,23.93,cash_on_delivery,1,delivered,2026-06-20,5.0,,,
LT-100978,2026-06-15,Colombia,capital,Home,Stackable Kitchen Organizer x3,1,15.88,15.88,digital_wallet,1,delivered,2026-06-21,6.0,,,
LT-103984,2026-06-16,Peru,urban,Home,Stackable Kitchen Organizer x3,1,15.93,15.93,bank_transfer,1,cancelled,,,,,
LT-103684,2026-06-16,Argentina,capital,Electronics,Vertex Ergonomic Mouse,1,19.6,19.6,credit_card,12,delivered,2026-06-20,4.0,,,
LT-100075,2026-06-16,Colombia,capital,Home,Stackable Kitchen Organizer x3,1,15.75,15.75,credit_card,1,delivered,2026-06-20,4.0,,,
LT-101306,2026-06-16,Argentina,capital,Electronics,360 WiFi Security Camera,1,50.54,50.54,credit_card,1,delivered,2026-06-20,4.0,,,
LT-103359,2026-06-16,Mexico,capital,Sports,SteelHydro 1L Thermal Bottle,1,16.54,16.54,credit_card,1,delivered,2026-06-20,4.0,,,
LT-102772,2026-06-16,Canada,capital,Electronics,65W Fast Charger,1,24.84,24.84,cash_on_delivery,1,delivered,2026-06-19,3.0,,,
LT-103536,2026-06-16,Colombia,urban,Electronics,65W Fast Charger,1,25.41,25.41,credit_card,3,delivered,2026-06-18,2.0,,,
LT-102186,2026-06-16,Peru,capital,Electronics,Nova Wireless Earbuds,1,40.27,40.27,credit_card,1,delivered,2026-06-21,5.0,,,
LT-103742,2026-06-16,Peru,capital,Electronics,Vertex Ergonomic Mouse,3,21.59,64.77,credit_card,1,delivered,2026-06-19,3.0,,,
LT-103942,2026-06-16,Mexico,urban,Electronics,360 WiFi Security Camera,1,47.44,47.44,debit_card,1,delivered,2026-06-19,3.0,,,
LT-100594,2026-06-16,Mexico,urban,Fashion,UrbanPack 25L Anti-theft Backpack,1,39.59,39.59,debit_card,1,delivered,2026-06-19,3.0,,,
LT-101729,2026-06-16,Chile,extended_zone,Beauty,AirStyle Ionic Hair Dryer,1,46.11,46.11,debit_card,1,delivered,2026-06-26,10.0,,,
LT-100268,2026-06-16,Argentina,extended_zone,Electronics,65W Fast Charger,2,23.71,47.42,cash_on_delivery,1,delivered,2026-06-26,10.0,,,
LT-100756,2026-06-16,Colombia,urban,Electronics,Pulse S2 Smartwatch,3,86.78,260.34,digital_wallet,1,cancelled,,,,,
LT-102873,2026-06-17,Chile,extended_zone,Electronics,Boom Mini Bluetooth Speaker,1,31.02,31.02,digital_wallet,1,delivered,2026-06-26,9.0,,,
LT-101106,2026-06-17,Chile,urban,Electronics,Pulse S2 Smartwatch,1,87.27,87.27,bank_transfer,1,delivered,2026-06-19,2.0,,,
LT-101838,2026-06-17,Peru,urban,Fashion,UrbanPack 25L Anti-theft Backpack,2,40.03,80.06,credit_card,1,delivered,2026-06-21,4.0,,,
LT-102330,2026-06-17,Chile,capital,Home,Premium Queen Bedsheet Set,1,41.74,41.74,bank_transfer,1,delivered,2026-06-21,4.0,,,
LT-104753,2026-06-17,Chile,capital,Beauty,CeramicPro Hair Straightener,2,38.68,77.36,bank_transfer,1,delivered,2026-06-23,6.0,,,
LT-104532,2026-06-17,Peru,capital,Electronics,Pulse S2 Smartwatch,3,85.7,257.1,credit_card,1,delivered,2026-06-21,4.0,,,
LT-101815,2026-06-17,Colombia,extended_zone,Electronics,65W Fast Charger,1,24.02,24.02,bank_transfer,1,delivered,2026-06-22,5.0,,,
LT-100576,2026-06-17,Mexico,urban,Fashion,TrailFit Waterproof Jacket,1,62.22,62.22,credit_card,1,delivered,2026-06-20,3.0,,,
LT-100145,2026-06-17,Chile,capital,Electronics,360 WiFi Security Camera,1,47.1,47.1,credit_card,3,delivered,2026-06-23,6.0,,,
LT-102741,2026-06-17,Peru,capital,Electronics,65W Fast Charger,1,26.06,26.06,credit_card,1,delivered,2026-06-20,3.0,,,
LT-104574,2026-06-18,United States,extended_zone,Electronics,360 WiFi Security Camera,2,48.2,96.4,cash_on_delivery,1,delivered,2026-06-25,7.0,2026-07-05,defective_product,refunded
LT-101949,2026-06-18,Mexico,capital,Fashion,Andino Slim Fit Jeans,2,33.78,67.56,debit_card,1,delivered,2026-06-22,4.0,,,
LT-101159,2026-06-18,Argentina,urban,Electronics,Kova K61 Mechanical Keyboard,1,52.37,52.37,digital_wallet,1,delivered,2026-06-20,2.0,,,
LT-102622,2026-06-18,Colombia,urban,Home,CompactChef 4L Air Fryer,1,73.72,73.72,debit_card,1,delivered,2026-06-21,3.0,,,
LT-103450,2026-06-18,United States,extended_zone,Home,Flex LED Desk Lamp,1,18.65,18.65,debit_card,1,delivered,2026-06-28,10.0,,,
LT-103997,2026-06-18,United States,urban,Fashion,Pima Cotton Basic Tee (2-pack),1,21.25,21.25,digital_wallet,1,delivered,2026-06-20,2.0,,,
LT-101827,2026-06-18,Colombia,urban,Electronics,Vertex Ergonomic Mouse,1,20.12,20.12,credit_card,3,delivered,2026-06-21,3.0,,,
LT-104190,2026-06-18,Peru,extended_zone,Home,Stackable Kitchen Organizer x3,1,16.67,16.67,debit_card,1,delivered,2026-06-29,11.0,,,
LT-100691,2026-06-18,Chile,urban,Sports,Pro Non-slip Yoga Mat,1,19.62,19.62,credit_card,1,delivered,2026-06-20,2.0,,,
LT-103962,2026-06-18,Peru,urban,Electronics,Pulse S2 Smartwatch,1,91.86,91.86,credit_card,6,delivered,2026-06-20,2.0,,,
LT-102892,2026-06-18,United States,urban,Electronics,Boom Mini Bluetooth Speaker,1,29.76,29.76,digital_wallet,1,delivered,2026-06-21,3.0,,,
LT-103072,2026-06-18,Mexico,extended_zone,Fashion,UrbanPack 25L Anti-theft Backpack,1,38.45,38.45,digital_wallet,1,delivered,2026-06-25,7.0,,,
LT-102593,2026-06-18,Argentina,extended_zone,Electronics,65W Fast Charger,1,24.37,24.37,credit_card,6,delivered,2026-06-25,7.0,,,
LT-104149,2026-06-18,Chile,capital,Beauty,CeramicPro Hair Straightener,1,38.41,38.41,credit_card,1,delivered,2026-06-23,5.0,,,
LT-104451,2026-06-19,Colombia,capital,Beauty,AirStyle Ionic Hair Dryer,2,43.77,87.54,credit_card,1,delivered,2026-06-25,6.0,,,
LT-104015,2026-06-19,Canada,urban,Sports,SteelHydro 1L Thermal Bottle,2,16.31,32.62,credit_card,12,delivered,2026-06-23,4.0,,,
LT-102880,2026-06-19,Chile,capital,Fashion,Strida Urban Sneakers,1,52.78,52.78,digital_wallet,1,delivered,2026-06-22,3.0,,,
LT-100854,2026-06-19,Peru,urban,Electronics,Pulse S2 Smartwatch,1,88.7,88.7,credit_card,3,delivered,2026-06-23,4.0,2026-06-27,wrong_size_or_model,under_review
LT-101362,2026-06-19,Peru,capital,Fashion,Pima Cotton Basic Tee (2-pack),2,21.34,42.68,credit_card,6,delivered,2026-06-25,6.0,2026-06-30,not_as_described,refunded
LT-100885,2026-06-19,United States,urban,Electronics,Vertex Ergonomic Mouse,1,20.58,20.58,credit_card,3,delivered,2026-06-22,3.0,,,
LT-101684,2026-06-19,Colombia,urban,Electronics,Boom Mini Bluetooth Speaker,1,27.56,27.56,cash_on_delivery,1,delivered,2026-06-23,4.0,,,
LT-103208,2026-06-19,United States,capital,Electronics,Vertex Ergonomic Mouse,1,20.18,20.18,digital_wallet,1,delivered,2026-06-22,3.0,,,
LT-103081,2026-06-19,Mexico,capital,Fashion,Pima Cotton Basic Tee (2-pack),1,21.94,21.94,cash_on_delivery,1,delivered,2026-06-22,3.0,2026-07-12,not_as_described,rejected
LT-102233,2026-06-19,Mexico,extended_zone,Electronics,Nova Wireless Earbuds,1,39.24,39.24,debit_card,1,delivered,2026-07-01,12.0,,,
LT-101957,2026-06-20,Chile,urban,Electronics,65W Fast Charger,1,26.1,26.1,bank_transfer,1,delivered,2026-06-24,4.0,,,
LT-104617,2026-06-20,Colombia,urban,Electronics,Nova Wireless Earbuds,2,41.65,83.3,credit_card,3,delivered,2026-06-23,3.0,,,
LT-101800,2026-06-20,Colombia,urban,Electronics,Nova Wireless Earbuds,3,40.44,121.32,credit_card,3,delivered,2026-06-23,3.0,,,
LT-100886,2026-06-20,Peru,capital,Electronics,Pulse S2 Smartwatch,1,93.31,93.31,credit_card,6,delivered,2026-06-23,3.0,,,
LT-100809,2026-06-20,Chile,urban,Electronics,Pulse S2 Smartwatch,2,86.82,173.64,digital_wallet,1,delivered,2026-06-24,4.0,,,
LT-103404,2026-06-20,Peru,urban,Fashion,UrbanPack 25L Anti-theft Backpack,1,37.63,37.63,bank_transfer,1,delivered,2026-06-23,3.0,2026-06-28,not_as_described,under_review
LT-103707,2026-06-20,United States,urban,Home,Stackable Kitchen Organizer x3,1,14.9,14.9,debit_card,1,delivered,2026-06-22,2.0,,,
LT-100966,2026-06-20,Mexico,urban,Home,Stackable Kitchen Organizer x3,1,15.19,15.19,credit_card,12,delivered,2026-06-23,3.0,,,
LT-101281,2026-06-20,Colombia,extended_zone,Sports,Resistance Bands Set x5,3,14.35,43.05,debit_card,1,delivered,2026-06-25,5.0,,,
LT-103754,2026-06-20,Peru,extended_zone,Home,Premium Queen Bedsheet Set,1,40.98,40.98,cash_on_delivery,1,delivered,2026-06-29,9.0,,,
LT-104328,2026-06-21,Mexico,urban,Electronics,65W Fast Charger,1,26.34,26.34,bank_transfer,1,delivered,2026-06-25,4.0,,,
LT-102506,2026-06-21,Mexico,urban,Accessories,Vista Polarized Sunglasses,2,25.57,51.14,digital_wallet,1,in_transit,,,,,
LT-101927,2026-06-21,Colombia,extended_zone,Electronics,Boom Mini Bluetooth Speaker,1,27.49,27.49,bank_transfer,1,delivered,2026-06-30,9.0,2026-07-06,not_as_described,under_review
LT-101673,2026-06-21,Canada,capital,Accessories,14'' Hard Laptop Case,2,18.46,36.92,debit_card,1,delivered,2026-06-24,3.0,,,
LT-101670,2026-06-21,Peru,urban,Electronics,Vertex Ergonomic Mouse,2,21.0,42.0,digital_wallet,1,delivered,2026-06-25,4.0,2026-07-01,arrived_damaged,rejected
LT-100695,2026-06-21,Peru,capital,Beauty,Complete Skincare Routine Kit,1,35.93,35.93,bank_transfer,1,delivered,2026-06-27,6.0,,,
LT-100311,2026-06-21,Mexico,capital,Electronics,Vertex Ergonomic Mouse,3,19.66,58.98,digital_wallet,1,delivered,2026-06-26,5.0,,,
LT-100162,2026-06-21,Colombia,capital,Electronics,Nova Wireless Earbuds,1,38.52,38.52,credit_card,1,delivered,2026-06-25,4.0,,,
LT-102189,2026-06-21,United States,capital,Electronics,Pulse S2 Smartwatch,1,85.84,85.84,bank_transfer,1,delivered,2026-06-25,4.0,,,
LT-102863,2026-06-22,Peru,capital,Beauty,CeramicPro Hair Straightener,1,36.41,36.41,bank_transfer,1,delivered,2026-06-28,6.0,,,
LT-103275,2026-06-22,United States,extended_zone,Electronics,Nova Wireless Earbuds,3,38.98,116.94,digital_wallet,1,delivered,2026-07-04,12.0,,,
LT-102859,2026-06-22,United States,extended_zone,Home,Stackable Kitchen Organizer x3,1,16.88,16.88,credit_card,3,delivered,2026-06-28,6.0,,,
LT-101256,2026-06-22,Colombia,capital,Fashion,UrbanPack 25L Anti-theft Backpack,2,36.3,72.6,credit_card,1,in_transit,,,,,
LT-100970,2026-06-22,Mexico,urban,Home,Flex LED Desk Lamp,1,18.96,18.96,bank_transfer,1,delivered,2026-06-26,4.0,,,
LT-101102,2026-06-22,Colombia,urban,Home,Premium Queen Bedsheet Set,1,43.94,43.94,credit_card,1,delivered,2026-06-26,4.0,,,
LT-103529,2026-06-22,Argentina,urban,Electronics,Kova K61 Mechanical Keyboard,1,55.88,55.88,credit_card,1,delivered,2026-06-26,4.0,,,
LT-103519,2026-06-22,United States,extended_zone,Home,CompactChef 4L Air Fryer,1,77.29,77.29,debit_card,1,delivered,2026-07-03,11.0,,,
LT-100103,2026-06-22,Colombia,extended_zone,Fashion,UrbanPack 25L Anti-theft Backpack,1,37.59,37.59,bank_transfer,1,delivered,2026-07-04,12.0,,,
LT-102297,2026-06-22,Mexico,urban,Electronics,Nova Wireless Earbuds,1,41.89,41.89,debit_card,1,delivered,2026-06-26,4.0,,,
LT-102525,2026-06-22,Chile,urban,Electronics,360 WiFi Security Camera,1,44.54,44.54,credit_card,12,delivered,2026-06-24,2.0,,,
LT-101974,2026-06-22,Peru,extended_zone,Fashion,Strida Urban Sneakers,1,52.0,52.0,debit_card,1,delivered,2026-06-29,7.0,,,
LT-103846,2026-06-22,Colombia,capital,Electronics,Nova Wireless Earbuds,1,40.22,40.22,debit_card,1,delivered,2026-06-26,4.0,2026-06-29,not_as_described,refunded
LT-100318,2026-06-22,Peru,capital,Home,Premium Queen Bedsheet Set,1,39.13,39.13,cash_on_delivery,1,delivered,2026-06-27,5.0,,,
LT-102462,2026-06-22,Colombia,extended_zone,Electronics,Vertex Ergonomic Mouse,2,21.24,42.48,debit_card,1,delivered,2026-06-29,7.0,,,
LT-101557,2026-06-22,Argentina,capital,Electronics,Pulse S2 Smartwatch,1,82.84,82.84,credit_card,6,delivered,2026-06-28,6.0,,,
LT-104593,2026-06-22,Colombia,capital,Fashion,UrbanPack 25L Anti-theft Backpack,1,37.35,37.35,bank_transfer,1,delivered,2026-06-28,6.0,,,
LT-100499,2026-06-22,Mexico,capital,Fashion,UrbanPack 25L Anti-theft Backpack,1,39.99,39.99,credit_card,1,delivered,2026-06-27,5.0,,,
LT-101425,2026-06-22,Colombia,extended_zone,Accessories,14'' Hard Laptop Case,2,17.84,35.68,credit_card,6,cancelled,,,,,
LT-101385,2026-06-23,Mexico,urban,Electronics,360 WiFi Security Camera,1,44.69,44.69,digital_wallet,1,cancelled,,,,,
LT-102028,2026-06-23,Argentina,urban,Electronics,Vertex Ergonomic Mouse,1,20.86,20.86,credit_card,3,delivered,2026-06-26,3.0,2026-06-28,changed_mind,refunded
LT-102367,2026-06-23,Colombia,capital,Sports,Pro Non-slip Yoga Mat,2,19.3,38.6,bank_transfer,1,delivered,2026-06-28,5.0,,,
LT-103757,2026-06-23,Chile,urban,Electronics,Vertex Ergonomic Mouse,1,20.4,20.4,credit_card,6,delivered,2026-06-26,3.0,,,
LT-101316,2026-06-23,Colombia,urban,Fashion,Pima Cotton Basic Tee (2-pack),1,20.6,20.6,credit_card,1,delivered,2026-06-27,4.0,,,
LT-104960,2026-06-23,Colombia,urban,Sports,Resistance Bands Set x5,1,13.75,13.75,digital_wallet,1,delivered,2026-06-25,2.0,,,
LT-103730,2026-06-23,Colombia,extended_zone,Home,CleanBot Lite Robot Vacuum,2,120.5,241.0,credit_card,12,delivered,2026-07-04,11.0,,,
LT-104765,2026-06-23,Colombia,urban,Fashion,Strida Urban Sneakers,1,52.89,52.89,credit_card,1,delivered,2026-06-26,3.0,,,
LT-101080,2026-06-23,United States,capital,Electronics,Kova K61 Mechanical Keyboard,1,53.9,53.9,cash_on_delivery,1,delivered,2026-06-27,4.0,,,
LT-104464,2026-06-23,Peru,capital,Sports,SteelHydro 1L Thermal Bottle,1,16.11,16.11,digital_wallet,1,delivered,2026-06-28,5.0,,,
LT-103114,2026-06-23,Canada,urban,Fashion,Pima Cotton Basic Tee (2-pack),1,20.83,20.83,digital_wallet,1,delivered,2026-06-26,3.0,2026-07-03,wrong_size_or_model,rejected
LT-102226,2026-06-23,Colombia,urban,Home,Stackable Kitchen Organizer x3,2,16.39,32.78,debit_card,1,delivered,2026-06-27,4.0,,,
LT-101449,2026-06-23,Mexico,urban,Beauty,Complete Skincare Routine Kit,2,34.73,69.46,bank_transfer,1,delivered,2026-06-26,3.0,,,
LT-101410,2026-06-23,Mexico,capital,Home,CompactChef 4L Air Fryer,1,74.95,74.95,credit_card,3,delivered,2026-06-26,3.0,,,
LT-103928,2026-06-23,Canada,extended_zone,Electronics,65W Fast Charger,2,23.38,46.76,digital_wallet,1,delivered,2026-07-04,11.0,,,
LT-101550,2026-06-23,Colombia,capital,Electronics,Nova Wireless Earbuds,1,41.57,41.57,credit_card,6,delivered,2026-06-28,5.0,,,
LT-101458,2026-06-23,Peru,extended_zone,Electronics,Kova K61 Mechanical Keyboard,1,55.16,55.16,credit_card,6,delivered,2026-07-02,9.0,,,
LT-100639,2026-06-23,United States,capital,Accessories,Foldable Phone Stand,1,10.23,10.23,digital_wallet,1,delivered,2026-06-28,5.0,,,
LT-103603,2026-06-23,Mexico,extended_zone,Electronics,Kova K61 Mechanical Keyboard,2,54.05,108.1,debit_card,1,delivered,2026-07-03,10.0,,,
LT-104731,2026-06-23,Argentina,extended_zone,Fashion,Pima Cotton Basic Tee (2-pack),1,23.14,23.14,credit_card,1,in_transit,,,,,
LT-103576,2026-06-24,Canada,urban,Sports,Resistance Bands Set x5,1,13.9,13.9,digital_wallet,1,delivered,2026-06-26,2.0,2026-07-02,defective_product,under_review
LT-102032,2026-06-24,United States,capital,Fashion,TrailFit Waterproof Jacket,1,69.34,69.34,credit_card,1,delivered,2026-06-28,4.0,2026-07-07,defective_product,under_review
LT-104915,2026-06-24,Colombia,extended_zone,Electronics,65W Fast Charger,1,25.27,25.27,bank_transfer,1,delivered,2026-07-01,7.0,,,
LT-104232,2026-06-24,Peru,capital,Electronics,360 WiFi Security Camera,2,50.09,100.18,credit_card,1,delivered,2026-06-30,6.0,,,
LT-102737,2026-06-24,Mexico,capital,Electronics,360 WiFi Security Camera,1,47.52,47.52,cash_on_delivery,1,delivered,2026-06-30,6.0,,,
LT-104142,2026-06-24,Chile,capital,Home,CompactChef 4L Air Fryer,3,80.05,240.15,credit_card,1,delivered,2026-06-28,4.0,,,
LT-102791,2026-06-24,Chile,urban,Electronics,360 WiFi Security Camera,1,48.56,48.56,credit_card,3,delivered,2026-06-26,2.0,,,
LT-101356,2026-06-25,Colombia,extended_zone,Home,Premium Queen Bedsheet Set,1,41.48,41.48,credit_card,1,delivered,2026-07-01,6.0,,,
LT-103152,2026-06-25,Mexico,urban,Home,Premium Queen Bedsheet Set,1,43.23,43.23,debit_card,1,delivered,2026-06-27,2.0,,,
LT-103758,2026-06-25,Colombia,urban,Accessories,14'' Hard Laptop Case,1,17.23,17.23,digital_wallet,1,delivered,2026-06-27,2.0,,,
LT-102022,2026-06-25,Argentina,urban,Beauty,Complete Skincare Routine Kit,1,37.42,37.42,digital_wallet,1,delivered,2026-06-29,4.0,,,
LT-104656,2026-06-25,United States,urban,Fashion,Strida Urban Sneakers,1,48.36,48.36,bank_transfer,1,delivered,2026-06-29,4.0,,,
LT-102479,2026-06-25,Peru,extended_zone,Accessories,Foldable Phone Stand,3,10.55,31.65,debit_card,1,delivered,2026-07-03,8.0,,,
LT-101564,2026-06-25,Mexico,capital,Electronics,Boom Mini Bluetooth Speaker,2,30.82,61.64,credit_card,1,delivered,2026-06-30,5.0,,,
LT-104890,2026-06-25,Canada,urban,Fashion,Strida Urban Sneakers,1,49.67,49.67,credit_card,12,delivered,2026-06-28,3.0,,,
LT-101677,2026-06-25,Mexico,extended_zone,Sports,SteelHydro 1L Thermal Bottle,1,16.52,16.52,digital_wallet,1,delivered,2026-07-01,6.0,,,
LT-100141,2026-06-25,Colombia,capital,Home,Premium Queen Bedsheet Set,2,39.44,78.88,digital_wallet,1,delivered,2026-06-29,4.0,,,
LT-101943,2026-06-25,Colombia,extended_zone,Electronics,Pulse S2 Smartwatch,1,90.9,90.9,digital_wallet,1,delivered,2026-07-04,9.0,,,
LT-104096,2026-06-25,Peru,urban,Sports,Pro Non-slip Yoga Mat,1,21.21,21.21,cash_on_delivery,1,delivered,2026-06-28,3.0,,,
LT-101086,2026-06-25,Canada,extended_zone,Electronics,Pulse S2 Smartwatch,2,84.48,168.96,debit_card,1,delivered,2026-07-04,9.0,,,
LT-101283,2026-06-25,Mexico,capital,Accessories,Interchangeable Watch Strap,1,8.75,8.75,digital_wallet,1,delivered,2026-06-30,5.0,,,
LT-104827,2026-06-25,Argentina,capital,Electronics,360 WiFi Security Camera,3,45.64,136.92,credit_card,3,delivered,2026-06-29,4.0,,,
LT-100994,2026-06-26,Mexico,urban,Accessories,14'' Hard Laptop Case,1,17.79,17.79,cash_on_delivery,1,in_transit,,,,,
LT-101731,2026-06-26,Mexico,urban,Electronics,360 WiFi Security Camera,2,46.12,92.24,credit_card,12,delivered,2026-06-30,4.0,,,
LT-103836,2026-06-26,Argentina,capital,Fashion,Strida Urban Sneakers,1,50.04,50.04,digital_wallet,1,cancelled,,,,,
LT-103283,2026-06-26,Peru,urban,Home,Stackable Kitchen Organizer x3,1,16.23,16.23,bank_transfer,1,delivered,2026-06-28,2.0,,,
LT-102933,2026-06-26,Argentina,capital,Fashion,TrailFit Waterproof Jacket,1,61.89,61.89,debit_card,1,in_transit,,,,,
LT-100348,2026-06-26,Colombia,urban,Fashion,Strida Urban Sneakers,2,51.3,102.6,credit_card,1,delivered,2026-06-28,2.0,,,
LT-103367,2026-06-26,Mexico,extended_zone,Accessories,14'' Hard Laptop Case,2,18.11,36.22,digital_wallet,1,delivered,2026-07-01,5.0,,,
LT-102878,2026-06-26,Mexico,extended_zone,Fashion,Pima Cotton Basic Tee (2-pack),1,22.25,22.25,debit_card,1,delivered,2026-07-05,9.0,,,
LT-104440,2026-06-26,Chile,urban,Home,Premium Queen Bedsheet Set,1,39.67,39.67,debit_card,1,delivered,2026-06-29,3.0,,,
LT-101647,2026-06-26,Colombia,urban,Accessories,Vista Polarized Sunglasses,1,27.09,27.09,credit_card,3,delivered,2026-06-30,4.0,,,
LT-102875,2026-06-26,Chile,capital,Home,Stackable Kitchen Organizer x3,1,16.32,16.32,credit_card,1,delivered,2026-07-02,6.0,,,
LT-104057,2026-06-26,Mexico,extended_zone,Accessories,Foldable Phone Stand,1,9.65,9.65,credit_card,3,delivered,2026-07-03,7.0,,,
LT-102151,2026-06-26,United States,extended_zone,Electronics,360 WiFi Security Camera,1,44.19,44.19,credit_card,1,delivered,2026-07-03,7.0,,,
LT-102662,2026-06-26,Chile,urban,Beauty,CeramicPro Hair Straightener,1,37.04,37.04,credit_card,3,cancelled,,,,,
LT-101101,2026-06-26,Peru,urban,Sports,Resistance Bands Set x5,1,14.04,14.04,bank_transfer,1,delivered,2026-06-28,2.0,,,
LT-100434,2026-06-26,Colombia,urban,Fashion,TrailFit Waterproof Jacket,2,64.25,128.5,debit_card,1,delivered,2026-06-29,3.0,,,
LT-104144,2026-06-26,Mexico,extended_zone,Home,CompactChef 4L Air Fryer,1,79.84,79.84,credit_card,3,delivered,2026-07-01,5.0,,,
LT-104423,2026-06-26,Colombia,urban,Home,CompactChef 4L Air Fryer,2,71.82,143.64,credit_card,3,delivered,2026-06-29,3.0,,,
LT-103354,2026-06-27,Mexico,urban,Fashion,Pima Cotton Basic Tee (2-pack),1,23.3,23.3,digital_wallet,1,delivered,2026-07-01,4.0,,,
LT-102075,2026-06-27,Peru,capital,Electronics,360 WiFi Security Camera,2,44.19,88.38,debit_card,1,delivered,2026-07-02,5.0,,,
LT-102015,2026-06-27,Chile,capital,Home,Premium Queen Bedsheet Set,2,41.5,83.0,debit_card,1,delivered,2026-07-02,5.0,,,
LT-102570,2026-06-27,Mexico,urban,Electronics,Boom Mini Bluetooth Speaker,2,29.05,58.1,credit_card,12,delivered,2026-07-01,4.0,,,
LT-101056,2026-06-27,Chile,urban,Sports,SteelHydro 1L Thermal Bottle,1,17.44,17.44,debit_card,1,delivered,2026-07-01,4.0,,,
LT-103282,2026-06-27,Chile,urban,Electronics,360 WiFi Security Camera,1,49.73,49.73,digital_wallet,1,delivered,2026-06-30,3.0,,,
LT-102465,2026-06-27,United States,urban,Electronics,Boom Mini Bluetooth Speaker,1,30.96,30.96,credit_card,1,delivered,2026-06-29,2.0,,,
LT-101411,2026-06-27,Peru,urban,Beauty,CeramicPro Hair Straightener,2,40.25,80.5,cash_on_delivery,1,in_transit,,,,,
LT-101391,2026-06-27,United States,capital,Fashion,Andino Slim Fit Jeans,3,31.37,94.11,debit_card,1,delivered,2026-06-30,3.0,,,
LT-101407,2026-06-27,United States,capital,Accessories,14'' Hard Laptop Case,1,16.35,16.35,digital_wallet,1,delivered,2026-07-03,6.0,,,
LT-101305,2026-06-27,Mexico,urban,Home,Stackable Kitchen Organizer x3,2,15.35,30.7,debit_card,1,in_transit,,,,,
LT-103267,2026-06-27,Peru,capital,Home,Flex LED Desk Lamp,1,17.42,17.42,credit_card,1,delivered,2026-07-02,5.0,,,
LT-103698,2026-06-27,Colombia,extended_zone,Electronics,Vertex Ergonomic Mouse,3,19.71,59.13,debit_card,1,delivered,2026-07-05,8.0,,,
LT-101532,2026-06-27,Argentina,urban,Sports,SteelHydro 1L Thermal Bottle,1,17.22,17.22,debit_card,1,delivered,2026-07-01,4.0,,,
LT-101606,2026-06-27,Peru,extended_zone,Electronics,Nova Wireless Earbuds,1,39.1,39.1,credit_card,3,delivered,2026-07-06,9.0,2026-07-18,not_as_described,refunded
LT-102827,2026-06-28,United States,extended_zone,Fashion,TrailFit Waterproof Jacket,1,69.09,69.09,credit_card,1,delivered,2026-07-07,9.0,,,
LT-103924,2026-06-28,Peru,urban,Electronics,360 WiFi Security Camera,1,44.31,44.31,digital_wallet,1,delivered,2026-06-30,2.0,,,
LT-100206,2026-06-28,Argentina,extended_zone,Sports,Pro Non-slip Yoga Mat,2,19.6,39.2,cash_on_delivery,1,delivered,2026-07-06,8.0,,,
LT-103929,2026-06-28,Argentina,capital,Electronics,Nova Wireless Earbuds,2,42.44,84.88,cash_on_delivery,1,delivered,2026-07-04,6.0,,,
LT-100359,2026-06-28,Mexico,urban,Electronics,65W Fast Charger,1,26.31,26.31,digital_wallet,1,delivered,2026-07-01,3.0,,,
LT-103074,2026-06-28,Argentina,capital,Sports,Resistance Bands Set x5,1,14.42,14.42,credit_card,1,delivered,2026-07-01,3.0,,,
LT-100926,2026-06-28,Mexico,urban,Electronics,65W Fast Charger,1,23.47,23.47,bank_transfer,1,delivered,2026-06-30,2.0,,,
LT-101257,2026-06-28,Colombia,capital,Electronics,65W Fast Charger,1,25.76,25.76,credit_card,1,delivered,2026-07-01,3.0,,,
LT-100936,2026-06-28,Colombia,urban,Fashion,Strida Urban Sneakers,1,50.28,50.28,digital_wallet,1,cancelled,,,,,
LT-100498,2026-06-28,United States,urban,Electronics,360 WiFi Security Camera,1,50.59,50.59,debit_card,1,delivered,2026-06-30,2.0,2026-07-03,arrived_damaged,refunded
LT-102945,2026-06-28,Colombia,urban,Sports,SteelHydro 1L Thermal Bottle,2,17.58,35.16,bank_transfer,1,delivered,2026-07-02,4.0,,,
LT-100596,2026-06-28,Mexico,capital,Beauty,CeramicPro Hair Straightener,2,38.45,76.9,debit_card,1,delivered,2026-07-01,3.0,,,
LT-101844,2026-06-28,United States,urban,Fashion,TrailFit Waterproof Jacket,2,67.06,134.12,digital_wallet,1,delivered,2026-07-02,4.0,,,
LT-102627,2026-06-28,Peru,urban,Electronics,Vertex Ergonomic Mouse,2,22.09,44.18,bank_transfer,1,delivered,2026-07-01,3.0,,,
LT-104301,2026-06-28,Peru,capital,Electronics,Pulse S2 Smartwatch,1,84.82,84.82,debit_card,1,delivered,2026-07-01,3.0,,,
LT-100821,2026-06-29,Colombia,urban,Electronics,Nova Wireless Earbuds,1,38.98,38.98,credit_card,3,delivered,2026-07-03,4.0,,,
LT-104518,2026-06-29,Mexico,urban,Home,Stackable Kitchen Organizer x3,1,14.92,14.92,credit_card,1,cancelled,,,,,
LT-100512,2026-06-29,Mexico,urban,Electronics,Boom Mini Bluetooth Speaker,3,29.05,87.15,credit_card,1,delivered,2026-07-01,2.0,,,
LT-103272,2026-06-29,Chile,extended_zone,Electronics,Pulse S2 Smartwatch,1,94.5,94.5,credit_card,1,delivered,2026-07-10,11.0,,,
LT-100562,2026-06-29,Chile,capital,Electronics,Vertex Ergonomic Mouse,1,21.53,21.53,digital_wallet,1,cancelled,,,,,
LT-101626,2026-06-29,United States,urban,Home,CompactChef 4L Air Fryer,1,73.51,73.51,cash_on_delivery,1,delivered,2026-07-02,3.0,2026-07-08,not_as_described,rejected
LT-103240,2026-06-29,Mexico,extended_zone,Sports,Adjustable Dumbbells 2x10kg,1,60.05,60.05,credit_card,3,delivered,2026-07-11,12.0,2026-07-15,defective_product,refunded
LT-104734,2026-06-29,Chile,capital,Home,CompactChef 4L Air Fryer,1,70.28,70.28,digital_wallet,1,delivered,2026-07-05,6.0,,,
LT-103743,2026-06-29,United States,urban,Electronics,Vertex Ergonomic Mouse,3,21.07,63.21,cash_on_delivery,1,delivered,2026-07-03,4.0,,,
LT-104335,2026-06-29,United States,capital,Sports,Adjustable Dumbbells 2x10kg,1,55.46,55.46,credit_card,6,delivered,2026-07-05,6.0,,,
LT-104925,2026-06-29,Peru,urban,Fashion,UrbanPack 25L Anti-theft Backpack,1,36.29,36.29,debit_card,1,delivered,2026-07-02,3.0,2026-07-05,arrived_damaged,under_review
LT-101922,2026-06-29,Canada,extended_zone,Beauty,CeramicPro Hair Straightener,2,39.5,79.0,bank_transfer,1,delivered,2026-07-09,10.0,,,
LT-101921,2026-06-29,Chile,extended_zone,Electronics,Vertex Ergonomic Mouse,1,20.57,20.57,cash_on_delivery,1,cancelled,,,,,
LT-103858,2026-06-30,Chile,capital,Electronics,Boom Mini Bluetooth Speaker,1,30.78,30.78,bank_transfer,1,delivered,2026-07-05,5.0,,,
LT-100784,2026-06-30,Colombia,urban,Electronics,Nova Wireless Earbuds,1,37.89,37.89,debit_card,1,delivered,2026-07-04,4.0,,,
LT-100264,2026-06-30,Mexico,urban,Electronics,Boom Mini Bluetooth Speaker,1,30.6,30.6,credit_card,1,delivered,2026-07-03,3.0,,,
LT-103101,2026-06-30,Peru,capital,Home,Stackable Kitchen Organizer x3,1,15.32,15.32,cash_on_delivery,1,delivered,2026-07-05,5.0,,,
LT-101702,2026-06-30,Peru,urban,Electronics,Nova Wireless Earbuds,2,41.72,83.44,digital_wallet,1,delivered,2026-07-04,4.0,,,
LT-104435,2026-06-30,Peru,capital,Electronics,65W Fast Charger,2,25.95,51.9,credit_card,1,delivered,2026-07-03,3.0,,,
LT-101891,2026-06-30,Argentina,extended_zone,Accessories,Foldable Phone Stand,1,10.15,10.15,bank_transfer,1,delivered,2026-07-11,11.0,,,
LT-103173,2026-06-30,Peru,urban,Electronics,360 WiFi Security Camera,2,49.53,99.06,cash_on_delivery,1,delivered,2026-07-04,4.0,,,
LT-102689,2026-06-30,Mexico,capital,Electronics,Nova Wireless Earbuds,1,37.45,37.45,digital_wallet,1,delivered,2026-07-04,4.0,,,
LT-103702,2026-06-30,Argentina,urban,Electronics,Nova Wireless Earbuds,1,37.45,37.45,credit_card,3,delivered,2026-07-03,3.0,,,
LT-101037,2026-06-30,United States,urban,Electronics,360 WiFi Security Camera,1,45.21,45.21,digital_wallet,1,cancelled,,,,,
LT-103132,2026-06-30,Peru,urban,Electronics,Boom Mini Bluetooth Speaker,3,30.94,92.82,credit_card,1,in_transit,,,,,
LT-103133,2026-06-30,Colombia,capital,Fashion,UrbanPack 25L Anti-theft Backpack,1,35.89,35.89,credit_card,1,delivered,2026-07-06,6.0,,,
LT-100729,2026-06-30,Mexico,extended_zone,Electronics,65W Fast Charger,1,23.3,23.3,debit_card,1,delivered,2026-07-08,8.0,,,
LT-105000,2026-07-01,Mexico,urban,Electronics,Pulse S2 Smartwatch,1,91.84,91.84,credit_card,1,delivered,2026-07-05,4.0,,,
LT-105001,2026-07-01,Argentina,urban,Electronics,Vertex Ergonomic Mouse,1,19.64,19.64,debit_card,1,delivered,2026-07-03,2.0,,,
LT-105002,2026-07-01,Mexico,urban,Fashion,UrbanPack 25L Anti-theft Backpack,1,40.53,40.53,bank_transfer,1,delivered,2026-07-03,2.0,,,
LT-105003,2026-07-01,Canada,urban,Fashion,Strida Urban Sneakers,1,51.73,51.73,digital_wallet,1,delivered,2026-07-03,2.0,,,
LT-105004,2026-07-01,Peru,urban,Home,CompactChef 4L Air Fryer,3,77.74,233.22,debit_card,1,delivered,2026-07-04,3.0,,,
LT-105005,2026-07-01,Colombia,urban,Accessories,Foldable Phone Stand,1,10.09,10.09,bank_transfer,1,delivered,2026-07-03,2.0,,,
LT-105006,2026-07-01,Chile,urban,Fashion,TrailFit Waterproof Jacket,1,68.08,68.08,credit_card,1,delivered,2026-07-03,2.0,,,
LT-105007,2026-07-01,Chile,urban,Home,Stackable Kitchen Organizer x3,2,15.13,30.26,credit_card,1,delivered,2026-07-04,3.0,,,
LT-105008,2026-07-01,United States,urban,Home,Stackable Kitchen Organizer x3,1,14.98,14.98,debit_card,1,delivered,2026-07-04,3.0,,,
LT-105009,2026-07-01,United States,urban,Electronics,Vertex Ergonomic Mouse,1,19.98,19.98,digital_wallet,1,delivered,2026-07-04,3.0,,,
LT-105010,2026-07-01,Mexico,urban,Electronics,Nova Wireless Earbuds,1,38.75,38.75,debit_card,1,delivered,2026-07-05,4.0,,,
LT-105011,2026-07-01,Mexico,urban,Electronics,360 WiFi Security Camera,1,49.53,49.53,credit_card,1,delivered,2026-07-04,3.0,,,
LT-105012,2026-07-02,Peru,urban,Home,CleanBot Lite Robot Vacuum,1,127.25,127.25,debit_card,1,delivered,2026-07-04,2.0,,,
LT-105013,2026-07-02,Mexico,urban,Sports,Resistance Bands Set x5,1,13.82,13.82,credit_card,1,delivered,2026-07-05,3.0,,,
LT-105014,2026-07-02,Colombia,urban,Fashion,Andino Slim Fit Jeans,1,32.47,32.47,debit_card,1,cancelled,,,,,
LT-105015,2026-07-02,Peru,urban,Electronics,360 WiFi Security Camera,1,49.32,49.32,debit_card,1,delivered,2026-07-04,2.0,,,
LT-105016,2026-07-02,Peru,urban,Home,Stackable Kitchen Organizer x3,1,15.92,15.92,digital_wallet,1,delivered,2026-07-05,3.0,,,
LT-105017,2026-07-02,Peru,urban,Home,Stackable Kitchen Organizer x3,2,15.91,31.82,credit_card,1,delivered,2026-07-06,4.0,,,
LT-105018,2026-07-02,United States,urban,Home,Premium Queen Bedsheet Set,1,41.87,41.87,credit_card,12,delivered,2026-07-05,3.0,,,
LT-105019,2026-07-02,Peru,urban,Electronics,Nova Wireless Earbuds,2,39.7,79.4,digital_wallet,1,delivered,2026-07-06,4.0,,,
LT-105020,2026-07-02,Colombia,urban,Accessories,14'' Hard Laptop Case,1,17.67,17.67,credit_card,1,cancelled,,,,,
LT-105021,2026-07-02,Mexico,urban,Sports,Resistance Bands Set x5,1,13.89,13.89,debit_card,1,delivered,2026-07-06,4.0,,,
LT-105022,2026-07-02,Mexico,urban,Fashion,Pima Cotton Basic Tee (2-pack),1,21.95,21.95,bank_transfer,1,delivered,2026-07-06,4.0,,,
LT-105023,2026-07-03,United States,urban,Accessories,Vista Polarized Sunglasses,1,24.26,24.26,digital_wallet,1,delivered,2026-07-05,2.0,,,
LT-105024,2026-07-03,Peru,urban,Fashion,UrbanPack 25L Anti-theft Backpack,1,36.85,36.85,debit_card,1,delivered,2026-07-06,3.0,2026-07-18,not_as_described,rejected
LT-105025,2026-07-03,Canada,urban,Home,Stackable Kitchen Organizer x3,2,15.21,30.42,digital_wallet,1,delivered,2026-07-05,2.0,,,
LT-105026,2026-07-03,Peru,urban,Sports,Pro Non-slip Yoga Mat,1,18.6,18.6,credit_card,1,delivered,2026-07-05,2.0,,,
LT-105027,2026-07-03,United States,urban,Electronics,Pulse S2 Smartwatch,1,89.65,89.65,bank_transfer,1,delivered,2026-07-06,3.0,,,
LT-105028,2026-07-03,Chile,urban,Fashion,TrailFit Waterproof Jacket,1,60.72,60.72,credit_card,1,delivered,2026-07-07,4.0,,,
LT-105029,2026-07-03,Mexico,urban,Sports,SteelHydro 1L Thermal Bottle,1,17.37,17.37,cash_on_delivery,1,delivered,2026-07-06,3.0,,,
LT-105030,2026-07-03,United States,urban,Electronics,Vertex Ergonomic Mouse,1,21.0,21.0,credit_card,3,delivered,2026-07-06,3.0,2026-07-17,changed_mind,rejected
LT-105031,2026-07-03,United States,urban,Home,CompactChef 4L Air Fryer,1,78.34,78.34,credit_card,1,delivered,2026-07-05,2.0,,,
LT-105032,2026-07-03,Argentina,urban,Fashion,TrailFit Waterproof Jacket,3,67.67,203.01,credit_card,1,delivered,2026-07-06,3.0,2026-07-11,arrived_damaged,refunded
LT-105033,2026-07-03,Colombia,urban,Sports,Pro Non-slip Yoga Mat,1,20.54,20.54,digital_wallet,1,delivered,2026-07-05,2.0,,,
LT-105034,2026-07-03,Canada,urban,Home,CompactChef 4L Air Fryer,1,73.27,73.27,credit_card,1,delivered,2026-07-06,3.0,,,
LT-105035,2026-07-04,United States,urban,Electronics,360 WiFi Security Camera,1,47.71,47.71,bank_transfer,1,delivered,2026-07-07,3.0,,,
LT-105036,2026-07-04,Canada,urban,Fashion,UrbanPack 25L Anti-theft Backpack,1,38.26,38.26,cash_on_delivery,1,delivered,2026-07-06,2.0,,,
LT-105037,2026-07-04,Argentina,urban,Electronics,Vertex Ergonomic Mouse,1,22.45,22.45,credit_card,6,delivered,2026-07-08,4.0,,,
LT-105038,2026-07-04,Mexico,urban,Electronics,Vertex Ergonomic Mouse,1,19.54,19.54,digital_wallet,1,delivered,2026-07-07,3.0,,,
LT-105039,2026-07-04,Peru,urban,Electronics,Nova Wireless Earbuds,1,39.87,39.87,cash_on_delivery,1,delivered,2026-07-08,4.0,,,
LT-105040,2026-07-04,Chile,urban,Electronics,Nova Wireless Earbuds,1,41.11,41.11,bank_transfer,1,delivered,2026-07-06,2.0,,,
LT-105041,2026-07-04,Chile,urban,Home,CleanBot Lite Robot Vacuum,1,131.64,131.64,bank_transfer,1,delivered,2026-07-06,2.0,,,
LT-105042,2026-07-04,Mexico,urban,Electronics,65W Fast Charger,1,24.81,24.81,bank_transfer,1,delivered,2026-07-08,4.0,,,
LT-105043,2026-07-04,United States,urban,Beauty,Complete Skincare Routine Kit,1,37.55,37.55,debit_card,1,delivered,2026-07-07,3.0,,,
LT-105044,2026-07-04,Peru,urban,Accessories,Interchangeable Watch Strap,1,8.74,8.74,cash_on_delivery,1,delivered,2026-07-06,2.0,,,
LT-105045,2026-07-04,Canada,urban,Accessories,14'' Hard Laptop Case,1,17.79,17.79,digital_wallet,1,delivered,2026-07-07,3.0,,,
LT-105046,2026-07-04,Colombia,urban,Electronics,Vertex Ergonomic Mouse,1,20.2,20.2,credit_card,1,delivered,2026-07-06,2.0,,,
LT-105047,2026-07-05,Argentina,urban,Sports,SteelHydro 1L Thermal Bottle,1,16.35,16.35,credit_card,1,delivered,2026-07-07,2.0,,,
LT-105048,2026-07-05,Colombia,urban,Home,CleanBot Lite Robot Vacuum,1,131.69,131.69,credit_card,12,delivered,2026-07-08,3.0,,,
LT-105049,2026-07-05,Canada,urban,Home,CompactChef 4L Air Fryer,1,72.95,72.95,cash_on_delivery,1,delivered,2026-07-07,2.0,,,
LT-105050,2026-07-05,United States,urban,Accessories,14'' Hard Laptop Case,1,17.78,17.78,credit_card,1,delivered,2026-07-08,3.0,2026-07-11,wrong_size_or_model,rejected
LT-105051,2026-07-05,Colombia,urban,Home,CleanBot Lite Robot Vacuum,1,135.29,135.29,debit_card,1,delivered,2026-07-08,3.0,,,
LT-105052,2026-07-05,Colombia,urban,Electronics,360 WiFi Security Camera,3,48.61,145.83,debit_card,1,delivered,2026-07-08,3.0,,,
LT-105053,2026-07-05,Colombia,urban,Electronics,65W Fast Charger,2,23.17,46.34,credit_card,12,delivered,2026-07-07,2.0,,,
LT-105054,2026-07-05,Argentina,urban,Home,Flex LED Desk Lamp,1,18.23,18.23,debit_card,1,delivered,2026-07-08,3.0,,,
LT-105055,2026-07-05,Colombia,urban,Electronics,Vertex Ergonomic Mouse,1,19.64,19.64,debit_card,1,delivered,2026-07-08,3.0,,,
LT-105056,2026-07-05,Mexico,urban,Fashion,UrbanPack 25L Anti-theft Backpack,2,35.67,71.34,digital_wallet,1,delivered,2026-07-08,3.0,,,
LT-105057,2026-07-05,Chile,urban,Fashion,TrailFit Waterproof Jacket,3,62.71,188.13,digital_wallet,1,delivered,2026-07-09,4.0,,,
LT-105058,2026-07-05,Colombia,urban,Electronics,360 WiFi Security Camera,1,49.31,49.31,debit_card,1,delivered,2026-07-09,4.0,,,
LT-105059,2026-07-05,Peru,urban,Sports,SteelHydro 1L Thermal Bottle,2,16.71,33.42,debit_card,1,delivered,2026-07-07,2.0,,,
LT-105060,2026-07-05,Peru,urban,Electronics,Pulse S2 Smartwatch,2,89.13,178.26,credit_card,1,delivered,2026-07-07,2.0,,,
LT-105061,2026-07-06,Colombia,urban,Home,CleanBot Lite Robot Vacuum,1,132.95,132.95,cash_on_delivery,1,delivered,2026-07-08,2.0,,,
LT-105062,2026-07-06,Argentina,urban,Home,Premium Queen Bedsheet Set,1,39.67,39.67,digital_wallet,1,delivered,2026-07-09,3.0,,,
LT-105063,2026-07-06,United States,urban,Fashion,Pima Cotton Basic Tee (2-pack),1,22.82,22.82,bank_transfer,1,delivered,2026-07-09,3.0,,,
LT-105064,2026-07-06,Colombia,urban,Home,Premium Queen Bedsheet Set,1,41.5,41.5,credit_card,6,delivered,2026-07-08,2.0,2026-07-12,arrived_damaged,refunded
LT-105065,2026-07-06,Colombia,urban,Fashion,Pima Cotton Basic Tee (2-pack),1,21.41,21.41,credit_card,1,delivered,2026-07-08,2.0,,,
LT-105066,2026-07-06,Colombia,urban,Home,Stackable Kitchen Organizer x3,1,16.26,16.26,credit_card,12,delivered,2026-07-10,4.0,,,
LT-105067,2026-07-06,Chile,urban,Electronics,360 WiFi Security Camera,1,48.73,48.73,bank_transfer,1,delivered,2026-07-10,4.0,,,
LT-105068,2026-07-06,Argentina,urban,Electronics,65W Fast Charger,1,23.31,23.31,digital_wallet,1,delivered,2026-07-10,4.0,,,
LT-105069,2026-07-06,Colombia,urban,Fashion,TrailFit Waterproof Jacket,1,66.41,66.41,debit_card,1,cancelled,,,,,
LT-105070,2026-07-06,Colombia,urban,Electronics,Pulse S2 Smartwatch,1,85.47,85.47,digital_wallet,1,delivered,2026-07-08,2.0,,,
LT-105071,2026-07-07,Mexico,urban,Sports,Pro Non-slip Yoga Mat,1,19.57,19.57,debit_card,1,delivered,2026-07-09,2.0,,,
LT-105072,2026-07-07,Mexico,urban,Fashion,Strida Urban Sneakers,1,50.43,50.43,credit_card,3,delivered,2026-07-09,2.0,,,
LT-105073,2026-07-07,Colombia,urban,Fashion,Pima Cotton Basic Tee (2-pack),1,22.3,22.3,debit_card,1,delivered,2026-07-11,4.0,,,
LT-105074,2026-07-07,Mexico,urban,Fashion,Pima Cotton Basic Tee (2-pack),1,21.78,21.78,credit_card,3,delivered,2026-07-10,3.0,,,
LT-105075,2026-07-07,United States,urban,Electronics,Nova Wireless Earbuds,2,39.12,78.24,debit_card,1,delivered,2026-07-09,2.0,,,
LT-105076,2026-07-07,Mexico,urban,Beauty,CeramicPro Hair Straightener,1,40.77,40.77,credit_card,1,delivered,2026-07-11,4.0,,,
LT-105077,2026-07-07,Colombia,urban,Electronics,Vertex Ergonomic Mouse,1,21.62,21.62,credit_card,1,delivered,2026-07-10,3.0,,,
LT-105078,2026-07-07,Mexico,urban,Electronics,Kova K61 Mechanical Keyboard,1,55.37,55.37,digital_wallet,1,delivered,2026-07-09,2.0,,,
LT-105079,2026-07-07,Mexico,urban,Fashion,UrbanPack 25L Anti-theft Backpack,1,40.41,40.41,digital_wallet,1,delivered,2026-07-09,2.0,,,
LT-105080,2026-07-08,Colombia,urban,Accessories,Vista Polarized Sunglasses,1,27.17,27.17,credit_card,3,delivered,2026-07-11,3.0,,,
LT-105081,2026-07-08,Argentina,urban,Fashion,TrailFit Waterproof Jacket,1,62.96,62.96,digital_wallet,1,delivered,2026-07-11,3.0,,,
LT-105082,2026-07-08,Peru,urban,Fashion,UrbanPack 25L Anti-theft Backpack,1,37.15,37.15,cash_on_delivery,1,delivered,2026-07-11,3.0,,,
LT-105083,2026-07-08,United States,urban,Electronics,360 WiFi Security Camera,1,50.64,50.64,digital_wallet,1,delivered,2026-07-12,4.0,,,
LT-105084,2026-07-08,United States,urban,Home,Premium Queen Bedsheet Set,1,43.38,43.38,debit_card,1,delivered,2026-07-10,2.0,,,
LT-105085,2026-07-08,United States,urban,Home,CompactChef 4L Air Fryer,1,77.78,77.78,digital_wallet,1,delivered,2026-07-11,3.0,,,
LT-105086,2026-07-08,United States,urban,Fashion,TrailFit Waterproof Jacket,1,67.66,67.66,debit_card,1,delivered,2026-07-10,2.0,,,
LT-105087,2026-07-08,Colombia,urban,Sports,SteelHydro 1L Thermal Bottle,1,16.97,16.97,credit_card,3,delivered,2026-07-11,3.0,,,
LT-105088,2026-07-08,Peru,urban,Electronics,Kova K61 Mechanical Keyboard,2,53.82,107.64,debit_card,1,cancelled,,,,,
LT-105089,2026-07-08,Peru,urban,Fashion,Andino Slim Fit Jeans,1,31.33,31.33,digital_wallet,1,delivered,2026-07-10,2.0,,,
LT-105090,2026-07-08,Chile,urban,Fashion,TrailFit Waterproof Jacket,1,61.61,61.61,bank_transfer,1,delivered,2026-07-12,4.0,,,
LT-105091,2026-07-08,Colombia,urban,Sports,Pro Non-slip Yoga Mat,1,19.29,19.29,cash_on_delivery,1,delivered,2026-07-10,2.0,,,
LT-105092,2026-07-08,Mexico,urban,Electronics,Boom Mini Bluetooth Speaker,1,29.73,29.73,debit_card,1,delivered,2026-07-11,3.0,2026-07-15,arrived_damaged,refunded
LT-105093,2026-07-08,Canada,urban,Home,Premium Queen Bedsheet Set,1,43.07,43.07,debit_card,1,delivered,2026-07-11,3.0,,,
LT-105094,2026-07-09,United States,urban,Beauty,Complete Skincare Routine Kit,1,36.18,36.18,bank_transfer,1,delivered,2026-07-12,3.0,,,
LT-105095,2026-07-09,United States,urban,Electronics,Pulse S2 Smartwatch,1,86.78,86.78,credit_card,1,delivered,2026-07-13,4.0,,,
LT-105096,2026-07-09,Mexico,urban,Electronics,360 WiFi Security Camera,1,48.38,48.38,cash_on_delivery,1,delivered,2026-07-11,2.0,,,
LT-105097,2026-07-09,Mexico,urban,Electronics,360 WiFi Security Camera,1,48.63,48.63,credit_card,3,cancelled,,,,,
LT-105098,2026-07-09,Canada,urban,Fashion,TrailFit Waterproof Jacket,1,63.91,63.91,digital_wallet,1,delivered,2026-07-13,4.0,,,
LT-105099,2026-07-09,Mexico,urban,Accessories,Vista Polarized Sunglasses,1,26.68,26.68,digital_wallet,1,cancelled,,,,,
LT-105100,2026-07-09,Colombia,urban,Electronics,Vertex Ergonomic Mouse,1,20.01,20.01,digital_wallet,1,delivered,2026-07-12,3.0,,,
LT-105101,2026-07-09,Chile,urban,Electronics,Vertex Ergonomic Mouse,1,21.73,21.73,credit_card,3,delivered,2026-07-12,3.0,,,
LT-105102,2026-07-09,Chile,urban,Fashion,UrbanPack 25L Anti-theft Backpack,1,36.3,36.3,debit_card,1,delivered,2026-07-11,2.0,,,
LT-105103,2026-07-09,Canada,urban,Home,CompactChef 4L Air Fryer,2,78.72,157.44,credit_card,1,delivered,2026-07-13,4.0,,,
LT-105104,2026-07-09,Peru,urban,Electronics,Pulse S2 Smartwatch,1,89.32,89.32,credit_card,1,delivered,2026-07-13,4.0,,,
LT-105105,2026-07-10,United States,urban,Electronics,Pulse S2 Smartwatch,1,94.95,94.95,cash_on_delivery,1,delivered,2026-07-13,3.0,,,
LT-105106,2026-07-10,Mexico,urban,Electronics,65W Fast Charger,1,26.19,26.19,credit_card,3,delivered,2026-07-13,3.0,,,
LT-105107,2026-07-10,Mexico,urban,Beauty,CeramicPro Hair Straightener,1,39.04,39.04,credit_card,1,delivered,2026-07-13,3.0,,,
LT-105108,2026-07-10,Argentina,urban,Electronics,Vertex Ergonomic Mouse,2,20.54,41.08,debit_card,1,delivered,2026-07-14,4.0,,,
LT-105109,2026-07-10,Colombia,urban,Electronics,Kova K61 Mechanical Keyboard,1,50.73,50.73,bank_transfer,1,delivered,2026-07-13,3.0,,,
LT-105110,2026-07-10,Argentina,urban,Electronics,Vertex Ergonomic Mouse,1,21.24,21.24,cash_on_delivery,1,delivered,2026-07-13,3.0,,,
LT-105111,2026-07-10,Argentina,urban,Accessories,14'' Hard Laptop Case,2,17.98,35.96,credit_card,6,delivered,2026-07-14,4.0,,,
LT-105112,2026-07-10,United States,urban,Home,Stackable Kitchen Organizer x3,2,16.76,33.52,debit_card,1,delivered,2026-07-13,3.0,,,
LT-105113,2026-07-10,United States,urban,Electronics,65W Fast Charger,2,23.83,47.66,credit_card,1,cancelled,,,,,
LT-105114,2026-07-10,Colombia,urban,Electronics,Boom Mini Bluetooth Speaker,1,29.47,29.47,credit_card,1,delivered,2026-07-12,2.0,,,
LT-105115,2026-07-10,Mexico,urban,Home,Premium Queen Bedsheet Set,2,41.15,82.3,digital_wallet,1,delivered,2026-07-13,3.0,,,
LT-105116,2026-07-10,Peru,urban,Electronics,Kova K61 Mechanical Keyboard,1,53.35,53.35,credit_card,1,delivered,2026-07-13,3.0,2026-07-16,defective_product,refunded
LT-105117,2026-07-10,Colombia,urban,Sports,Resistance Bands Set x5,1,13.66,13.66,digital_wallet,1,delivered,2026-07-12,2.0,,,
LT-105118,2026-07-10,Mexico,urban,Home,Flex LED Desk Lamp,1,17.93,17.93,credit_card,3,delivered,2026-07-12,2.0,,,
LT-105119,2026-07-10,Colombia,urban,Sports,Resistance Bands Set x5,1,13.24,13.24,debit_card,1,cancelled,,,,,
LT-105120,2026-07-11,Colombia,urban,Fashion,Strida Urban Sneakers,1,49.34,49.34,debit_card,1,delivered,2026-07-15,4.0,,,
LT-105121,2026-07-11,Argentina,urban,Accessories,Interchangeable Watch Strap,1,8.0,8.0,digital_wallet,1,delivered,2026-07-15,4.0,,,
LT-105122,2026-07-11,Canada,urban,Electronics,Kova K61 Mechanical Keyboard,1,50.25,50.25,digital_wallet,1,delivered,2026-07-13,2.0,,,
LT-105123,2026-07-11,Peru,urban,Electronics,Boom Mini Bluetooth Speaker,1,29.05,29.05,cash_on_delivery,1,delivered,2026-07-14,3.0,,,
LT-105124,2026-07-11,United States,urban,Sports,Pro Non-slip Yoga Mat,1,19.24,19.24,digital_wallet,1,delivered,2026-07-13,2.0,,,
LT-105125,2026-07-11,Chile,urban,Electronics,Boom Mini Bluetooth Speaker,1,30.74,30.74,bank_transfer,1,cancelled,,,,,
LT-105126,2026-07-11,Canada,urban,Electronics,Kova K61 Mechanical Keyboard,1,50.86,50.86,cash_on_delivery,1,delivered,2026-07-13,2.0,,,
LT-105127,2026-07-11,Mexico,urban,Electronics,65W Fast Charger,1,23.67,23.67,credit_card,3,delivered,2026-07-14,3.0,,,
LT-105128,2026-07-11,Peru,urban,Home,Flex LED Desk Lamp,1,19.2,19.2,credit_card,6,delivered,2026-07-14,3.0,,,
LT-105129,2026-07-11,Colombia,urban,Electronics,65W Fast Charger,1,24.63,24.63,credit_card,3,delivered,2026-07-13,2.0,,,
LT-105130,2026-07-11,United States,urban,Home,CleanBot Lite Robot Vacuum,1,126.49,126.49,digital_wallet,1,delivered,2026-07-14,3.0,,,
LT-105131,2026-07-11,Mexico,urban,Electronics,Vertex Ergonomic Mouse,1,21.34,21.34,bank_transfer,1,delivered,2026-07-14,3.0,,,
LT-105132,2026-07-11,Canada,urban,Electronics,Vertex Ergonomic Mouse,1,21.48,21.48,debit_card,1,delivered,2026-07-14,3.0,,,
LT-105133,2026-07-11,Chile,urban,Electronics,65W Fast Charger,1,24.37,24.37,credit_card,1,delivered,2026-07-14,3.0,,,
LT-105134,2026-07-12,United States,urban,Electronics,360 WiFi Security Camera,1,48.58,48.58,credit_card,6,delivered,2026-07-15,3.0,,,
LT-105135,2026-07-12,Peru,urban,Sports,Resistance Bands Set x5,1,14.78,14.78,credit_card,1,delivered,2026-07-16,4.0,2026-07-18,defective_product,rejected
LT-105136,2026-07-12,Peru,urban,Electronics,Vertex Ergonomic Mouse,1,20.11,20.11,debit_card,1,delivered,2026-07-14,2.0,,,
LT-105137,2026-07-12,Chile,urban,Electronics,Vertex Ergonomic Mouse,2,20.55,41.1,bank_transfer,1,delivered,2026-07-15,3.0,,,
LT-105138,2026-07-12,Argentina,urban,Sports,Pro Non-slip Yoga Mat,1,19.58,19.58,credit_card,1,delivered,2026-07-15,3.0,,,
LT-105139,2026-07-12,United States,urban,Home,Stackable Kitchen Organizer x3,1,14.9,14.9,debit_card,1,delivered,2026-07-14,2.0,,,
LT-105140,2026-07-12,Canada,urban,Electronics,Pulse S2 Smartwatch,1,92.51,92.51,credit_card,1,delivered,2026-07-14,2.0,,,
LT-105141,2026-07-12,United States,urban,Electronics,Vertex Ergonomic Mouse,2,21.49,42.98,credit_card,1,delivered,2026-07-16,4.0,,,
LT-105142,2026-07-12,Mexico,urban,Electronics,65W Fast Charger,1,25.62,25.62,debit_card,1,delivered,2026-07-15,3.0,,,
LT-105143,2026-07-12,Argentina,urban,Beauty,Complete Skincare Routine Kit,1,34.44,34.44,credit_card,1,delivered,2026-07-16,4.0,,,
LT-105144,2026-07-13,Colombia,urban,Home,CleanBot Lite Robot Vacuum,1,130.37,130.37,credit_card,1,delivered,2026-07-17,4.0,,,
LT-105145,2026-07-13,United States,urban,Home,Stackable Kitchen Organizer x3,1,15.07,15.07,credit_card,3,delivered,2026-07-17,4.0,,,
LT-105146,2026-07-13,Colombia,urban,Sports,Resistance Bands Set x5,1,13.76,13.76,cash_on_delivery,1,delivered,2026-07-15,2.0,,,
LT-105147,2026-07-13,Colombia,urban,Home,Stackable Kitchen Organizer x3,1,15.63,15.63,credit_card,6,delivered,2026-07-17,4.0,,,
LT-105148,2026-07-13,Argentina,urban,Fashion,TrailFit Waterproof Jacket,1,64.63,64.63,credit_card,1,delivered,2026-07-15,2.0,,,
LT-105149,2026-07-13,United States,urban,Home,CompactChef 4L Air Fryer,1,78.07,78.07,debit_card,1,delivered,2026-07-16,3.0,,,
LT-105150,2026-07-13,Colombia,urban,Home,Stackable Kitchen Organizer x3,1,15.36,15.36,bank_transfer,1,delivered,2026-07-15,2.0,,,
LT-105151,2026-07-13,United States,urban,Home,Stackable Kitchen Organizer x3,1,16.39,16.39,credit_card,1,delivered,2026-07-17,4.0,,,
LT-105152,2026-07-14,United States,urban,Home,Premium Queen Bedsheet Set,2,42.27,84.54,credit_card,12,delivered,2026-07-18,4.0,,,
LT-105153,2026-07-14,Canada,urban,Fashion,UrbanPack 25L Anti-theft Backpack,1,37.44,37.44,digital_wallet,1,delivered,2026-07-17,3.0,,,
LT-105154,2026-07-14,United States,urban,Home,CompactChef 4L Air Fryer,1,72.76,72.76,bank_transfer,1,cancelled,,,,,
LT-105155,2026-07-14,Mexico,urban,Home,CleanBot Lite Robot Vacuum,1,135.86,135.86,credit_card,12,delivered,2026-07-17,3.0,,,
LT-105156,2026-07-14,Colombia,urban,Fashion,Pima Cotton Basic Tee (2-pack),1,21.89,21.89,credit_card,1,delivered,2026-07-16,2.0,,,
LT-105157,2026-07-14,Mexico,urban,Home,Premium Queen Bedsheet Set,1,41.5,41.5,credit_card,1,delivered,2026-07-16,2.0,,,
LT-105158,2026-07-14,Mexico,urban,Electronics,Vertex Ergonomic Mouse,1,20.17,20.17,credit_card,3,delivered,2026-07-18,4.0,,,
LT-105159,2026-07-14,Colombia,urban,Electronics,Vertex Ergonomic Mouse,1,21.33,21.33,debit_card,1,delivered,2026-07-17,3.0,,,
LT-105160,2026-07-14,United States,urban,Electronics,Nova Wireless Earbuds,1,41.72,41.72,cash_on_delivery,1,delivered,2026-07-17,3.0,,,
LT-105161,2026-07-14,Peru,urban,Electronics,Boom Mini Bluetooth Speaker,1,28.97,28.97,digital_wallet,1,delivered,2026-07-17,3.0,,,
LT-105162,2026-07-14,Peru,urban,Electronics,Nova Wireless Earbuds,1,40.69,40.69,credit_card,1,delivered,2026-07-18,4.0,,,
LT-105163,2026-07-14,Mexico,urban,Fashion,Strida Urban Sneakers,1,50.43,50.43,bank_transfer,1,delivered,2026-07-17,3.0,,,
LT-105164,2026-07-15,Argentina,urban,Electronics,Nova Wireless Earbuds,3,40.38,121.14,debit_card,1,delivered,2026-07-18,3.0,,,
LT-105165,2026-07-15,Canada,urban,Electronics,Nova Wireless Earbuds,1,37.41,37.41,credit_card,3,delivered,2026-07-18,3.0,,,
LT-105166,2026-07-15,United States,urban,Electronics,360 WiFi Security Camera,3,45.42,136.26,debit_card,1,delivered,2026-07-18,3.0,,,
LT-105167,2026-07-15,Argentina,urban,Accessories,Vista Polarized Sunglasses,1,26.47,26.47,debit_card,1,cancelled,,,,,
LT-105168,2026-07-15,Colombia,urban,Home,Flex LED Desk Lamp,1,17.76,17.76,digital_wallet,1,delivered,2026-07-19,4.0,,,
LT-105169,2026-07-15,Argentina,urban,Fashion,UrbanPack 25L Anti-theft Backpack,1,38.8,38.8,bank_transfer,1,delivered,2026-07-17,2.0,,,
LT-105170,2026-07-15,Peru,urban,Electronics,Nova Wireless Earbuds,1,39.79,39.79,debit_card,1,delivered,2026-07-17,2.0,,,
LT-105171,2026-07-15,United States,urban,Fashion,Strida Urban Sneakers,2,49.23,98.46,credit_card,1,delivered,2026-07-17,2.0,,,
LT-105172,2026-07-15,Argentina,urban,Home,Flex LED Desk Lamp,2,18.26,36.52,cash_on_delivery,1,delivered,2026-07-19,4.0,,,
LT-105173,2026-07-15,Colombia,urban,Accessories,14'' Hard Laptop Case,1,16.96,16.96,digital_wallet,1,delivered,2026-07-18,3.0,,,
LT-105174,2026-07-15,Argentina,urban,Electronics,Nova Wireless Earbuds,1,41.4,41.4,digital_wallet,1,delivered,2026-07-18,3.0,,,
LT-105175,2026-07-16,Colombia,urban,Home,CleanBot Lite Robot Vacuum,2,131.45,262.9,debit_card,1,delivered,2026-07-18,2.0,,,
LT-105176,2026-07-16,Mexico,urban,Home,Stackable Kitchen Organizer x3,1,15.99,15.99,debit_card,1,in_transit,,,,,
LT-105177,2026-07-16,Mexico,urban,Electronics,360 WiFi Security Camera,1,45.21,45.21,debit_card,1,in_transit,,,,,
LT-105178,2026-07-16,Peru,urban,Home,CompactChef 4L Air Fryer,2,77.4,154.8,digital_wallet,1,in_transit,,,,,
LT-105179,2026-07-16,Colombia,urban,Home,Stackable Kitchen Organizer x3,1,16.68,16.68,bank_transfer,1,in_transit,,,,,
LT-105180,2026-07-16,Colombia,urban,Sports,Adjustable Dumbbells 2x10kg,1,57.05,57.05,credit_card,3,delivered,2026-07-18,2.0,,,
LT-105181,2026-07-16,Peru,urban,Electronics,Boom Mini Bluetooth Speaker,1,28.96,28.96,credit_card,1,delivered,2026-07-18,2.0,,,
LT-105182,2026-07-16,United States,urban,Fashion,TrailFit Waterproof Jacket,1,64.47,64.47,credit_card,3,delivered,2026-07-18,2.0,,,
LT-105183,2026-07-16,Argentina,urban,Home,Stackable Kitchen Organizer x3,2,16.01,32.02,cash_on_delivery,1,delivered,2026-07-19,3.0,,,
LT-105184,2026-07-16,Chile,urban,Home,Flex LED Desk Lamp,1,17.3,17.3,digital_wallet,1,in_transit,,,,,
LT-105185,2026-07-16,Chile,urban,Sports,Resistance Bands Set x5,1,14.83,14.83,debit_card,1,in_transit,,,,,
LT-105186,2026-07-16,Mexico,urban,Electronics,Nova Wireless Earbuds,1,40.88,40.88,credit_card,3,delivered,2026-07-18,2.0,,,
LT-105187,2026-07-16,Peru,urban,Electronics,Boom Mini Bluetooth Speaker,2,28.51,57.02,credit_card,6,in_transit,,,,,
LT-105188,2026-07-16,United States,urban,Electronics,65W Fast Charger,1,25.64,25.64,credit_card,6,delivered,2026-07-18,2.0,,,
LT-105189,2026-07-16,Argentina,urban,Fashion,Strida Urban Sneakers,1,50.04,50.04,bank_transfer,1,in_transit,,,,,
LT-105190,2026-07-16,Colombia,urban,Beauty,AirStyle Ionic Hair Dryer,2,42.65,85.3,credit_card,12,delivered,2026-07-19,3.0,,,
LT-105191,2026-07-16,Mexico,urban,Electronics,360 WiFi Security Camera,1,49.34,49.34,debit_card,1,delivered,2026-07-19,3.0,,,
LT-105192,2026-07-16,Mexico,urban,Home,CompactChef 4L Air Fryer,2,70.48,140.96,debit_card,1,delivered,2026-07-18,2.0,,,
LT-105193,2026-07-17,Chile,urban,Sports,SteelHydro 1L Thermal Bottle,1,17.44,17.44,bank_transfer,1,delivered,2026-07-19,2.0,,,
LT-105194,2026-07-17,Chile,urban,Electronics,Boom Mini Bluetooth Speaker,1,29.83,29.83,debit_card,1,in_transit,,,,,
LT-105195,2026-07-17,Colombia,urban,Electronics,Pulse S2 Smartwatch,2,83.9,167.8,digital_wallet,1,in_transit,,,,,
LT-105196,2026-07-17,Mexico,urban,Electronics,Vertex Ergonomic Mouse,1,20.11,20.11,bank_transfer,1,delivered,2026-07-19,2.0,,,
LT-105197,2026-07-17,Colombia,urban,Fashion,Pima Cotton Basic Tee (2-pack),1,21.69,21.69,credit_card,1,in_transit,,,,,
LT-105198,2026-07-17,Mexico,urban,Electronics,Pulse S2 Smartwatch,1,85.41,85.41,bank_transfer,1,cancelled,,,,,
LT-105199,2026-07-17,Chile,urban,Accessories,Interchangeable Watch Strap,1,8.58,8.58,debit_card,1,in_transit,,,,,
LT-105200,2026-07-17,Peru,urban,Electronics,65W Fast Charger,1,24.72,24.72,bank_transfer,1,delivered,2026-07-19,2.0,,,
LT-105201,2026-07-17,Chile,urban,Electronics,Boom Mini Bluetooth Speaker,1,27.67,27.67,credit_card,1,in_transit,,,,,
LT-105202,2026-07-17,Colombia,urban,Beauty,Complete Skincare Routine Kit,1,37.37,37.37,debit_card,1,delivered,2026-07-19,2.0,,,
LT-105203,2026-07-17,Peru,urban,Home,CleanBot Lite Robot Vacuum,1,131.45,131.45,debit_card,1,in_transit,,,,,
LT-105204,2026-07-17,United States,urban,Electronics,360 WiFi Security Camera,2,44.95,89.9,digital_wallet,1,in_transit,,,,,
LT-105205,2026-07-18,Peru,urban,Beauty,CeramicPro Hair Straightener,1,38.68,38.68,credit_card,6,in_transit,,,,,
LT-105206,2026-07-18,Peru,urban,Sports,Pro Non-slip Yoga Mat,1,20.63,20.63,digital_wallet,1,in_transit,,,,,
LT-105207,2026-07-18,Colombia,urban,Electronics,Kova K61 Mechanical Keyboard,1,51.65,51.65,credit_card,1,in_transit,,,,,
LT-105208,2026-07-18,Colombia,urban,Home,CleanBot Lite Robot Vacuum,1,133.67,133.67,bank_transfer,1,in_transit,,,,,
LT-105209,2026-07-18,Mexico,urban,Accessories,Foldable Phone Stand,1,9.67,9.67,credit_card,3,in_transit,,,,,
LT-105210,2026-07-19,Canada,urban,Sports,Resistance Bands Set x5,1,14.58,14.58,digital_wallet,1,in_transit,,,,,
LT-105211,2026-07-19,Argentina,urban,Electronics,Kova K61 Mechanical Keyboard,1,53.33,53.33,credit_card,1,shipped,,,,,
LT-105212,2026-07-19,Colombia,urban,Home,Stackable Kitchen Organizer x3,2,16.84,33.68,digital_wallet,1,in_transit,,,,,
LT-105213,2026-07-19,Colombia,urban,Electronics,Nova Wireless Earbuds,1,37.47,37.47,debit_card,1,in_transit,,,,,
LT-105214,2026-07-19,Mexico,urban,Electronics,65W Fast Charger,1,25.83,25.83,cash_on_delivery,1,in_transit,,,,,
LT-105215,2026-07-19,Peru,urban,Electronics,Boom Mini Bluetooth Speaker,1,28.49,28.49,credit_card,3,shipped,,,,,
LT-105216,2026-07-19,Mexico,urban,Electronics,360 WiFi Security Camera,1,48.2,48.2,debit_card,1,in_transit,,,,,
LT-105217,2026-07-19,Peru,urban,Electronics,Vertex Ergonomic Mouse,1,22.45,22.45,debit_card,1,shipped,,,,,
LT-105218,2026-07-19,Chile,urban,Electronics,Nova Wireless Earbuds,1,40.57,40.57,bank_transfer,1,in_transit,,,,,
LT-105219,2026-07-19,Canada,urban,Fashion,Pima Cotton Basic Tee (2-pack),1,20.74,20.74,credit_card,3,shipped,,,,,
LT-105220,2026-07-19,United States,urban,Beauty,AirStyle Ionic Hair Dryer,1,42.68,42.68,digital_wallet,1,shipped,,,,,
LT-105221,2026-07-19,Argentina,urban,Fashion,Andino Slim Fit Jeans,1,33.09,33.09,credit_card,1,in_transit,,,,,
